선수명,english_name,fangraphs_id,level,season,team,is_split_row,G,GS,IP,ERA,K_9,BB_9,HR_9,FIP,xFIP,WAR
크리스 볼스테드,Christopher Kenneth Volstad,9901,A,2006,Marlins (A),0,26,26,152,3.07895,5.86184,2.13158,0.710526,3.82072,,
크리스 볼스테드,Christopher Kenneth Volstad,9901,A+,2007,Marlins (A+),0,21,20,126,4.5,6.64286,2.64286,0.571429,3.70127,3.55293,
크리스 볼스테드,Christopher Kenneth Volstad,9901,AA,2007,Marlins (AA),0,7,7,42.2,3.16406,5.27344,2.10937,0.84375,4.16865,3.97832,
크리스 볼스테드,Christopher Kenneth Volstad,9901,AA,2008,Marlins (AA),0,15,15,91,3.36264,5.53846,2.96703,0,3.08897,3.89371,
크리스 볼스테드,Christopher Kenneth Volstad,9901,MLB,2008,Marlins,0,15,14,84.1,2.88142,5.54941,3.8419,0.320158,3.81977,4.54594,1.50164
크리스 볼스테드,Christopher Kenneth Volstad,9901,AAA,2009,Marlins (AAA),0,1,1,4,6.75,15.75,4.5,4.5,7.97191,2.31361,
크리스 볼스테드,Christopher Kenneth Volstad,9901,MLB,2009,Marlins,0,29,29,159,5.20755,6.0566,3.33962,1.64151,5.29205,4.29151,-0.0764871
크리스 볼스테드,Christopher Kenneth Volstad,9901,AAA,2010,Marlins (AAA),0,3,3,17,3.17647,6.88235,4.76471,0.529412,4.40614,4.62057,
크리스 볼스테드,Christopher Kenneth Volstad,9901,MLB,2010,Marlins,0,30,30,175,4.57714,5.24571,3.08571,0.874286,4.3407,4.43167,1.31659
크리스 볼스테드,Christopher Kenneth Volstad,9901,AAA,2011,Marlins (AAA),0,3,3,18.1,4.41818,6.87273,4.41818,0.490909,4.43787,5.01226,
크리스 볼스테드,Christopher Kenneth Volstad,9901,MLB,2011,Marlins,0,29,29,165.2,4.88934,6.35614,2.66197,1.2495,4.32317,3.64063,0.929847
크리스 볼스테드,Christopher Kenneth Volstad,9901,AAA,2012,Cubs (AAA),0,12,12,71.1,5.1729,6.56075,2.3972,0.883178,4.45284,4.26218,
크리스 볼스테드,Christopher Kenneth Volstad,9901,MLB,2012,Cubs,0,21,21,111.1,6.30539,4.93114,3.47605,1.29341,5.10643,4.67564,-0.105014
크리스 볼스테드,Christopher Kenneth Volstad,9901,AAA,2013,Rockies (AAA),0,23,22,127.2,4.58225,4.01828,3.10183,0.845953,4.97969,4.93443,
크리스 볼스테드,Christopher Kenneth Volstad,9901,MLB,2013,Rockies,0,6,0,8.1,10.8,3.24001,1.08,1.08,4.96786,5.53906,-0.053477
유네스키 마야,Yunieski Maya,11420,R,2010,Nationals (R),0,2,2,7,1.28571,6.42857,2.57143,0,3.30394,3.63669,
유네스키 마야,Yunieski Maya,11420,A+,2010,Nationals (A+),0,1,1,4,13.5,9,6.75,2.25,7.6661,6.13532,
유네스키 마야,Yunieski Maya,11420,AAA,2010,Nationals (AAA),0,2,2,10.1,0.870968,7.83871,4.35484,0,2.96466,3.77756,
유네스키 마야,Yunieski Maya,11420,MLB,2010,Nationals,0,5,5,26,5.88462,4.15385,3.80769,1.03846,5.15477,5.5336,-0.0200247
유네스키 마야,Yunieski Maya,11420,AAA,2011,Nationals (AAA),0,22,22,129.2,4.99743,6.80206,1.94344,0.971722,3.89231,3.85488,
유네스키 마야,Yunieski Maya,11420,MLB,2011,Nationals,0,10,5,32.2,5.23469,4.13265,2.7551,0.82653,4.40294,4.43968,-0.00660343
유네스키 마야,Yunieski Maya,11420,AAA,2012,Nationals (AAA),0,28,28,167,3.88024,4.79641,2.15569,1.07784,4.47874,4.10967,
유네스키 마야,Yunieski Maya,11420,AAA,2013,Nationals (AAA),0,24,24,146.1,3.87472,6.08884,1.90661,0.615034,3.43724,3.61952,
유네스키 마야,Yunieski Maya,11420,MLB,2013,Nationals,0,1,0,0.1,54.0054,0,0,27.0027,42.0518,7.14672,-0.213665
J.D. 마틴,John Dale Martin,3685,A-,2006,Indians (A-),0,6,6,18,1.5,6.5,0.5,0.5,2.8953,,
J.D. 마틴,John Dale Martin,3685,A,2006,Indians (A),0,5,5,15,4.2,9.6,1.8,1.2,3.66809,,
J.D. 마틴,John Dale Martin,3685,A+,2006,Indians (A+),0,3,2,11.1,0,8.7353,0.794118,0,1.49773,,
J.D. 마틴,John Dale Martin,3685,AA,2007,Indians (AA),0,9,9,42.1,4.25197,4.88976,3.40158,0.850394,4.75851,4.59083,
J.D. 마틴,John Dale Martin,3685,AA,2008,Indians (AA),0,31,8,79.2,2.48536,8.02092,2.14644,0.564854,3.14588,3.55062,
J.D. 마틴,John Dale Martin,3685,AAA,2008,Indians (AAA),0,4,1,10,1.8,7.2,1.8,1.8,4.92265,4.0393,
J.D. 마틴,John Dale Martin,3685,AAA,2009,Nationals (AAA),0,16,15,88,2.65909,6.44318,1.02273,0.409091,2.7177,3.42766,
J.D. 마틴,John Dale Martin,3685,MLB,2009,Nationals,0,15,15,77,4.44156,4.32468,2.80519,1.63636,5.66851,5.36774,-0.0650183
J.D. 마틴,John Dale Martin,3685,AAA,2010,Nationals (AAA),0,7,7,41,3.5122,5.4878,1.7561,0.658537,3.64523,4.39155,
J.D. 마틴,John Dale Martin,3685,MLB,2010,Nationals,0,9,9,48,4.125,5.8125,2.0625,1.6875,4.97368,4.36804,0.0944715
J.D. 마틴,John Dale Martin,3685,AAA,2011,Nationals (AAA),0,30,14,107.2,3.92879,6.01858,1.42105,1.42105,4.62069,3.97524,
J.D. 마틴,John Dale Martin,3685,AAA,2012,Marlins (AAA),0,29,21,130,5.95385,6.16154,1.17692,1.24615,4.67549,4.48759,
J.D. 마틴,John Dale Martin,3685,AAA,2013,Rays (AAA),0,27,27,160.1,2.75052,6.51143,1.45946,0.841996,3.62901,3.78217,
코리 리오단,Cory S. Riordan,sa390235,A-,2007,Rockies (A-),0,14,11,65.2,4.24873,8.90863,2.32995,0.685279,3.71854,3.88725,
코리 리오단,Cory S. Riordan,sa390235,A,2008,Rockies (A),0,26,25,167.2,3.6501,8.58847,1.55666,0.966203,3.7013,3.54966,
코리 리오단,Cory S. Riordan,sa390235,A+,2009,Rockies (A+),0,28,27,169.2,3.92534,7.10806,2.54617,0.583497,4.11333,4.62879,
코리 리오단,Cory S. Riordan,sa390235,AA,2010,Rockies (AA),0,27,24,161.2,4.00825,7.51546,2.11546,1.1134,3.94974,3.59447,
코리 리오단,Cory S. Riordan,sa390235,AA,2011,Rockies (AA),0,27,22,142.1,5.37471,6.32318,1.5808,1.32787,4.56498,4.07193,
코리 리오단,Cory S. Riordan,sa390235,AAA,2011,Rockies (AAA),0,1,1,7,3.85714,5.14286,0,0,2.64047,5.06822,
코리 리오단,Cory S. Riordan,sa390235,AA,2012,Rockies (AA),0,20,1,39.1,3.66102,6.63559,1.83051,1.37288,4.39875,3.99497,
코리 리오단,Cory S. Riordan,sa390235,AAA,2012,Rockies (AAA),0,13,9,55.1,4.87952,6.01807,1.46386,0.487952,3.52322,4.41085,
코리 리오단,Cory S. Riordan,sa390235,AA,2013,Rockies (AA),0,7,0,14.1,3.13954,5.65116,0.627907,0.627907,3.33542,3.83178,
코리 리오단,Cory S. Riordan,sa390235,AAA,2013,Rockies (AAA),0,25,13,74.2,6.75,6.75,3.01339,1.44643,5.28405,4.98313,
에버렛 티포드,Everett James Teaford,3732,R,2006,Royals (R),0,15,12,63,3.71429,7.28571,2.85714,0.428571,3.83045,,
에버렛 티포드,Everett James Teaford,3732,A,2007,Royals (A),0,27,21,134.2,4.67822,5.61386,2.40594,0.735149,4.05955,4.18401,
에버렛 티포드,Everett James Teaford,3732,A+,2008,Royals (A+),0,28,23,144.1,3.80369,7.23326,2.86836,0.935335,4.20655,4.17247,
에버렛 티포드,Everett James Teaford,3732,A+,2009,Royals (A+),0,11,11,64,2.39062,6.89062,1.6875,0.984375,3.84542,3.6181,
에버렛 티포드,Everett James Teaford,3732,AA,2009,Royals (AA),0,16,16,81,5.11111,4.66667,3.77778,1.33333,5.53217,4.93342,
에버렛 티포드,Everett James Teaford,3732,AA,2010,Royals (AA),0,27,12,99,3.36364,10.2727,2.90909,0.636364,2.91063,2.97777,
에버렛 티포드,Everett James Teaford,3732,AAA,2010,Royals (AAA),0,1,1,4.2,13.5,7.71428,1.92857,3.85714,8.0826,4.98055,
에버렛 티포드,Everett James Teaford,3732,AAA,2011,Royals (AAA),0,16,3,35,3.34286,8.48571,2.82857,1.28571,4.78332,4.04668,
에버렛 티포드,Everett James Teaford,3732,MLB,2011,Royals,0,26,3,44,3.27273,5.72727,2.86364,1.63636,5.13902,3.94599,-0.23645
에버렛 티포드,Everett James Teaford,3732,AAA,2012,Royals (AAA),0,7,6,33,1.09091,6.81818,2.18182,0.545455,3.75871,4.342,
에버렛 티포드,Everett James Teaford,3732,MLB,2012,Royals,0,18,5,61.1,4.98913,5.13587,3.08152,1.61413,5.40967,4.82569,-0.347687
에버렛 티포드,Everett James Teaford,3732,AAA,2013,Royals (AAA),0,31,14,95.1,3.49301,9.34615,3.68182,0.660839,3.832,4.3365,
에버렛 티포드,Everett James Teaford,3732,MLB,2013,Royals,0,1,0,0.2,0,0,0,0,3.04785,7.14611,0.00741452
하이로 어센시오,Jairo Manuel Asencio,3332,A,2006,Pirates (A),0,22,22,122.1,4.26703,5.22343,1.91281,1.47139,5.04193,,
하이로 어센시오,Jairo Manuel Asencio,3332,A+,2006,Pirates (A+),0,1,1,3.2,14.7273,2.45454,12.2727,0,6.71965,,
하이로 어센시오,Jairo Manuel Asencio,3332,A+,2007,Pirates (A+),0,36,1,73.1,4.78636,9.57273,3.19091,0.490909,3.10511,3.26616,
하이로 어센시오,Jairo Manuel Asencio,3332,AA,2008,Braves (AA),0,55,0,65.1,2.7551,10.6071,4.95918,0.413265,3.38724,3.6586,
하이로 어센시오,Jairo Manuel Asencio,3332,AAA,2009,Braves (AAA),0,58,0,71.1,3.28037,9.46262,2.3972,0.504673,2.57476,2.82571,
하이로 어센시오,Jairo Manuel Asencio,3332,MLB,2009,Braves,0,3,0,2.2,3.37496,0,6.74992,0,5.34706,7.31613,-0.0398053
하이로 어센시오,Jairo Manuel Asencio,3332,AAA,2011,Braves (AAA),0,47,0,54.2,1.81098,11.5244,3.62195,0.493902,2.59654,2.8638,
하이로 어센시오,Jairo Manuel Asencio,3332,MLB,2011,Braves,0,6,0,10.1,6.96776,6.96776,4.35485,0.870971,4.18668,4.3875,-0.0524505
하이로 어센시오,Jairo Manuel Asencio,3332,AAA,2012,Cubs (AAA),0,13,0,13.1,1.35,8.775,2.7,0.675,3.5928,3.68948,
하이로 어센시오,Jairo Manuel Asencio,3332,MLB,2012,- - -,0,30,0,40.1,4.90908,6.47106,4.23966,1.1157,4.75561,4.74577,-0.14112
하이로 어센시오,Jairo Manuel Asencio,3332,MLB,2012,Indians,1,18,0,25.2,5.96103,7.36363,2.80519,1.4026,4.53601,4.05456,-0.00180524
하이로 어센시오,Jairo Manuel Asencio,3332,MLB,2012,Cubs,1,12,0,14.2,3.06817,4.90908,6.74998,0.613635,5.1399,5.95537,-0.139315
하이로 어센시오,Jairo Manuel Asencio,3332,AAA,2013,Orioles (AAA),0,47,0,50.2,2.66447,9.94737,2.48684,0.888158,3.16542,2.59774,
하이로 어센시오,Jairo Manuel Asencio,3332,MLB,2013,Orioles,0,4,0,2.1,7.7144,15.4288,7.7144,3.8572,7.76221,3.3617,-0.0797591
저스틴 토마스,Justin Joseph Thomas,9910,A,2006,Mariners (A),0,11,11,61,3.09836,7.52459,2.5082,0.590164,3.46961,,
저스틴 토마스,Justin Joseph Thomas,9910,A+,2006,Mariners (A+),0,17,17,105.1,4.10127,9.48418,3.84494,0.85443,4.23124,,
저스틴 토마스,Justin Joseph Thomas,9910,AA,2007,Mariners (AA),0,24,24,119.1,5.50559,7.5419,4.60056,0.829609,4.52991,4.42633,
저스틴 토마스,Justin Joseph Thomas,9910,AA,2008,Mariners (AA),0,25,17,118.2,4.32303,8.03933,4.24719,0.83427,4.37715,4.1282,
저스틴 토마스,Justin Joseph Thomas,9910,AAA,2008,Mariners (AAA),0,7,1,17,3.70588,11.1176,4.76471,1.05882,4.14906,3.92393,
저스틴 토마스,Justin Joseph Thomas,9910,MLB,2008,Mariners,0,8,0,4,6.75,4.5,4.5,0,3.63202,5.94019,0.0577653
저스틴 토마스,Justin Joseph Thomas,9910,AAA,2009,Mariners (AAA),0,53,0,60.1,4.47514,7.90608,5.96685,0.745856,4.9802,5.00031,
저스틴 토마스,Justin Joseph Thomas,9910,AAA,2010,Pirates (AAA),0,40,0,54.1,2.48466,8.44785,1.65644,0.662577,3.38382,3.61939,
저스틴 토마스,Justin Joseph Thomas,9910,MLB,2010,Pirates,0,12,0,13,6.23077,3.46154,3.46154,2.07692,6.46246,5.811,-0.225485
저스틴 토마스,Justin Joseph Thomas,9910,AAA,2011,Pirates (AAA),0,63,0,69.1,3.89423,7.65865,3.11538,0.519231,3.66948,4.31464,
저스틴 토마스,Justin Joseph Thomas,9910,AAA,2012,Red Sox (AAA),1,4,0,5.1,3.375,8.4375,0,0,1.28638,2.6937,
저스틴 토마스,Justin Joseph Thomas,9910,AAA,2012,Yankees (AAA),1,30,6,57.1,3.45349,7.69186,3.13954,0.47093,3.23114,3.56081,
저스틴 토마스,Justin Joseph Thomas,9910,MLB,2012,- - -,0,11,0,7.2,8.21736,8.21736,3.52172,1.17391,4.52923,5.13171,-0.0154422
저스틴 토마스,Justin Joseph Thomas,9910,MLB,2012,Red Sox,1,7,0,4.2,7.71423,7.71423,3.85712,0,3.30874,5.19647,0.0342728
저스틴 토마스,Justin Joseph Thomas,9910,MLB,2012,Yankees,1,4,0,3,9,9,3,3,6.42779,5.03095,-0.049715
저스틴 토마스,Justin Joseph Thomas,9910,AAA,2013,Athletics (AAA),0,16,16,84.1,4.48221,7.25692,3.62846,0.853755,4.47095,4.53084,
케일럽 클레이,Caleb Russell Clay,sa326518,A-,2007,Red Sox (A-),0,5,5,21,2.14286,3.85714,2.57143,0,3.62172,4.53764,
케일럽 클레이,Caleb Russell Clay,sa326518,R,2008,Red Sox (R),0,2,2,2.2,0,6.74999,3.375,0,3.13448,3.34283,
케일럽 클레이,Caleb Russell Clay,sa326518,A,2009,Red Sox (A),0,25,16,110,4.00909,5.48182,3.10909,0.9,4.67847,4.48141,
케일럽 클레이,Caleb Russell Clay,sa326518,A+,2010,Red Sox (A+),0,26,25,132,4.56818,4.56818,1.84091,0.613636,4.1964,4.61899,
케일럽 클레이,Caleb Russell Clay,sa326518,AA,2011,Red Sox (AA),0,28,2,59,7.47458,8.08475,5.18644,1.37288,5.47785,4.8838,
케일럽 클레이,Caleb Russell Clay,sa326518,AA,2012,Red Sox (AA),0,34,1,66.1,4.61307,8.27638,2.57789,1.62814,4.75367,3.78477,
케일럽 클레이,Caleb Russell Clay,sa326518,AA,2013,Nationals (AA),0,13,13,75.1,3.4646,7.04867,2.03097,0.716814,3.74968,4.04791,
케일럽 클레이,Caleb Russell Clay,sa326518,AAA,2013,Nationals (AAA),0,14,13,83,2.49398,5.53012,1.51807,0.542169,3.37357,4.04148,
앤드루 앨버스,Andrew ALBERS,7853,R,2008,Padres (R),0,5,2,7,0,9,3.85714,0,3.40192,3.40192,
앤드루 앨버스,Andrew ALBERS,7853,A+,2011,Twins (A+),0,22,2,52.1,1.54777,7.91083,1.20382,0.343949,2.58574,2.69325,
앤드루 앨버스,Andrew ALBERS,7853,AA,2011,Twins (AA),0,13,5,43.1,2.90769,7.06154,1.45385,0,2.67159,3.6397,
앤드루 앨버스,Andrew ALBERS,7853,R,2012,Twins (R),0,2,1,4.2,1.92857,5.78571,5.78571,0,4.07661,4.48848,
앤드루 앨버스,Andrew ALBERS,7853,AA,2012,Twins (AA),0,19,17,98.1,3.75254,6.68136,1.09831,0.640678,3.0687,3.26269,
앤드루 앨버스,Andrew ALBERS,7853,AAA,2013,Twins (AAA),0,22,22,132.1,2.85642,7.88917,2.17632,0.952141,3.55251,3.34501,
앤드루 앨버스,Andrew ALBERS,7853,MLB,2013,Twins,0,10,10,60,4.05,3.75,1.05,0.9,3.96452,4.41775,0.903645
라이언 타투스코,Ryan Tatusko,sa389188,A-,2007,Rangers (A-),0,16,13,65.1,4.13265,6.88776,3.03061,0.55102,4.30025,4.56691,
라이언 타투스코,Ryan Tatusko,sa389188,A,2008,Rangers (A),0,32,16,113,4.46018,7.64602,3.34513,0.716814,3.81457,3.58997,
라이언 타투스코,Ryan Tatusko,sa389188,A+,2009,Rangers (A+),0,29,16,120.1,4.63712,6.43213,2.84211,0.67313,4.41138,4.43828,
라이언 타투스코,Ryan Tatusko,sa389188,AA,2010,Rangers (AA),1,24,13,100,2.97,5.22,3.6,0.18,3.51366,4.26129,
라이언 타투스코,Ryan Tatusko,sa389188,AA,2010,Nationals (AA),1,6,6,36.2,1.71818,8.83636,3.19091,0.490909,3.25541,3.28723,
라이언 타투스코,Ryan Tatusko,sa389188,AA,2011,Nationals (AA),0,12,9,47,5.93617,7.65957,4.97872,0.382979,4.17601,4.63995,
라이언 타투스코,Ryan Tatusko,sa389188,AAA,2011,Nationals (AAA),0,23,2,39.2,4.53781,6.35294,4.31092,0.226891,3.74099,4.58849,
라이언 타투스코,Ryan Tatusko,sa389188,AA,2012,Nationals (AA),0,27,8,82.1,3.49798,8.52632,3.82591,0.437247,3.54098,3.67692,
라이언 타투스코,Ryan Tatusko,sa389188,AA,2013,Nationals (AA),0,1,1,7,0,5.14286,5.14286,0,3.89633,4.31034,
라이언 타투스코,Ryan Tatusko,sa389188,AAA,2013,Nationals (AAA),0,28,18,120.2,4.32597,7.45856,5.74309,0.522099,4.34026,4.60187,
테드 웨버,Thad G. Weber,8036,R,2008,Tigers (R),0,2,1,4,0,20.25,0,0,-0.990523,-0.990523,
테드 웨버,Thad G. Weber,8036,A,2008,Tigers (A),0,11,11,56.1,2.55621,7.8284,1.7574,0.47929,2.98182,3.2533,
테드 웨버,Thad G. Weber,8036,A+,2009,Tigers (A+),0,12,12,67.2,2.12808,5.3202,1.46305,0.79803,3.68472,3.20842,
테드 웨버,Thad G. Weber,8036,AA,2009,Tigers (AA),0,13,13,75.1,4.06195,5.25664,2.15044,0.836283,4.06195,3.98896,
테드 웨버,Thad G. Weber,8036,AA,2010,Tigers (AA),0,25,25,167.2,4.07952,6.06561,2.2008,0.912525,4.21142,4.11477,
테드 웨버,Thad G. Weber,8036,AAA,2010,Tigers (AAA),0,3,3,22,1.63636,6.95455,1.22727,0.818182,3.30044,3.15497,
테드 웨버,Thad G. Weber,8036,AAA,2011,Tigers (AAA),0,27,27,151.1,5.64978,6.60132,2.9141,1.6652,5.2456,3.99548,
테드 웨버,Thad G. Weber,8036,AAA,2012,Padres (AAA),1,3,3,18.1,4.41818,6.87273,1.47273,0.490909,3.50416,3.57447,
테드 웨버,Thad G. Weber,8036,AAA,2012,Tigers (AAA),1,22,21,128.2,4.19689,6.78497,2.16839,1.11917,4.13288,3.60799,
테드 웨버,Thad G. Weber,8036,MLB,2012,Tigers,0,2,0,4,9,2.25,4.5,0,4.09445,4.82858,0.00153128
테드 웨버,Thad G. Weber,8036,AAA,2013,Padres (AAA),1,6,6,34.1,3.93204,6.81554,1.04854,0,2.49209,3.59405,
테드 웨버,Thad G. Weber,8036,AAA,2013,Blue Jays (AAA),1,18,15,100,2.61,7.92,1.89,0.45,2.7249,3.02347,
테드 웨버,Thad G. Weber,8036,MLB,2013,- - -,0,8,0,15,2.4,6,4.8,1.2,5.04785,4.31637,-0.161032
테드 웨버,Thad G. Weber,8036,MLB,2013,Padres,1,3,0,9,2,6,5,1,4.82563,4.29196,-0.074406
테드 웨버,Thad G. Weber,8036,MLB,2013,Blue Jays,1,5,0,6,3,6,4.5,1.5,5.38119,4.35298,-0.0866255
트레비스 밴와트,Travis Banwart,sa389775,A,2007,Athletics (A),0,12,6,45,2.6,8.2,2,0.4,2.75405,3.13629,
트레비스 밴와트,Travis Banwart,sa389775,A,2008,Athletics (A),0,7,7,41.2,2.376,8.856,2.376,0,2.17959,2.93292,
트레비스 밴와트,Travis Banwart,sa389775,A+,2008,Athletics (A+),0,14,14,58.2,4.44886,8.28409,4.90909,1.07386,5.12847,5.10674,
트레비스 밴와트,Travis Banwart,sa389775,AA,2009,Athletics (AA),0,27,27,140,4.88571,4.95,2.82857,0.835714,4.40863,4.47893,
트레비스 밴와트,Travis Banwart,sa389775,AAA,2009,Athletics (AAA),0,1,1,6,10.5,7.5,1.5,0,2.30525,4.36272,
트레비스 밴와트,Travis Banwart,sa389775,AA,2010,Athletics (AA),0,14,14,83.1,2.916,6.372,3.348,0.756,4.11366,4.19342,
트레비스 밴와트,Travis Banwart,sa389775,AAA,2010,Athletics (AAA),0,15,11,73,4.80822,8.75342,3.57534,1.10959,4.47302,4.62427,
트레비스 밴와트,Travis Banwart,sa389775,AAA,2011,Athletics (AAA),0,27,25,149.2,4.63029,7.21604,2.76615,1.32294,5.07286,4.99617,
트레비스 밴와트,Travis Banwart,sa389775,AAA,2012,Athletics (AAA),0,32,18,128.2,3.84715,6.92487,2.58808,1.04922,4.57712,4.58858,
트레비스 밴와트,Travis Banwart,sa389775,AAA,2013,Athletics (AAA),0,29,23,131,4.60305,8.58779,3.70992,1.37405,4.97434,4.62902,
로스 울프,Ross Wolf,4534,AA,2006,Marlins (AA),0,12,0,18,1,6,1,0,1.95141,,
로스 울프,Ross Wolf,4534,AAA,2006,Marlins (AAA),0,48,0,48.2,5.17808,5.36301,2.77397,0.184931,3.50086,,
로스 울프,Ross Wolf,4534,AAA,2007,Marlins (AAA),0,46,0,47.1,3.42254,4.37324,3.23239,0.950704,4.98009,4.73144,
로스 울프,Ross Wolf,4534,MLB,2007,Marlins,0,14,0,12.1,11.6757,4.37839,2.1892,2.91893,7.45583,5.17218,-0.296603
로스 울프,Ross Wolf,4534,A+,2008,Marlins (A+),0,3,0,4,2.25,15.75,2.25,0,0.451403,0.451403,
로스 울프,Ross Wolf,4534,AAA,2008,Marlins (AAA),0,38,0,39,3.92308,4.61538,3.46154,0.923077,5.11738,5.02772,
로스 울프,Ross Wolf,4534,AAA,2009,Orioles (AAA),0,47,0,82,3.95122,8.0122,3.62195,0.548781,3.47879,3.48915,
로스 울프,Ross Wolf,4534,AAA,2010,Orioles (AAA),1,25,0,38.1,1.87826,6.10435,3.52174,0.234783,3.4115,3.98019,
로스 울프,Ross Wolf,4534,AAA,2010,Athletics (AAA),1,10,0,9.2,5.58621,10.2414,2.7931,0.931034,3.89295,2.94549,
로스 울프,Ross Wolf,4534,MLB,2010,Athletics,0,11,0,12.2,4.26315,6.39472,4.26315,0.710524,4.341,4.56806,-0.0276503
로스 울프,Ross Wolf,4534,AAA,2011,Astros (AAA),0,56,0,73.2,4.76471,6.71946,3.29864,0.488688,4.17699,4.62457,
로스 울프,Ross Wolf,4534,AA,2012,Rangers (AA),1,36,0,43,2.09302,9.2093,1.67442,0.209302,2.16383,2.46561,
로스 울프,Ross Wolf,4534,AA,2012,Orioles (AA),1,7,0,8,6.75,7.875,2.25,2.25,5.8259,3.59513,
로스 울프,Ross Wolf,4534,AAA,2012,Rangers (AAA),0,7,0,11.1,4.76471,5.55883,3.97059,1.58824,6.05015,4.59656,
로스 울프,Ross Wolf,4534,AA,2013,Rangers (AA),0,1,0,1.2,5.39999,5.39999,0,0,1.85636,2.56628,
로스 울프,Ross Wolf,4534,AAA,2013,Rangers (AAA),0,7,6,35.2,1.76635,6.56075,2.52336,0.252336,3.40154,4.12902,
로스 울프,Ross Wolf,4534,MLB,2013,Rangers,0,22,3,47.2,4.15384,3.96503,2.83217,0.944055,4.53736,4.43479,0.0170501
앤서니 스와잭,Anthony Swarzak,7466,A+,2006,Twins (A+),0,27,27,145.2,3.2746,8.09382,3.70709,0.494279,3.3816,,
앤서니 스와잭,Anthony Swarzak,7466,A+,2007,Twins (A+),0,3,3,15.2,2.29787,10.3404,2.87234,0,2.17932,3.14976,
앤서니 스와잭,Anthony Swarzak,7466,AA,2007,Twins (AA),0,15,14,86.1,3.23166,7.92278,2.39768,0.625483,3.38616,3.89127,
앤서니 스와잭,Anthony Swarzak,7466,AA,2008,Twins (AA),0,20,20,101.2,5.66557,6.72787,3.27541,1.0623,4.46597,4.54564,
앤서니 스와잭,Anthony Swarzak,7466,AAA,2008,Twins (AAA),0,7,7,45,1.8,5.2,2.8,0.8,4.52265,4.71498,
앤서니 스와잭,Anthony Swarzak,7466,AAA,2009,Twins (AAA),0,13,13,79.2,3.27615,5.08368,2.37239,0.451883,3.5763,4.00447,
앤서니 스와잭,Anthony Swarzak,7466,MLB,2009,Twins,0,12,12,59,6.25424,5.18644,3.05085,1.83051,5.70725,5.15466,-0.229844
앤서니 스와잭,Anthony Swarzak,7466,AAA,2010,Twins (AAA),0,22,22,111.2,6.20597,5.56119,3.06269,1.12836,4.80424,5.06571,
앤서니 스와잭,Anthony Swarzak,7466,AAA,2011,Twins (AAA),0,6,6,32.1,3.89691,6.95876,1.94845,0.835052,3.54606,4.21419,
앤서니 스와잭,Anthony Swarzak,7466,MLB,2011,Twins,0,27,11,102,4.32353,4.85294,2.29412,0.794118,4.03519,4.67399,0.716373
앤서니 스와잭,Anthony Swarzak,7466,MLB,2012,Twins,0,44,5,96.2,5.02758,5.77241,2.88621,1.39655,4.791,4.47491,-0.202375
앤서니 스와잭,Anthony Swarzak,7466,MLB,2013,Twins,0,48,0,96,2.90625,6.46875,2.0625,0.65625,3.27702,3.8091,0.959802
앤서니 스와잭,Anthony Swarzak,7466,MLB,2014,Twins,0,50,4,86,4.60465,4.9186,2.93023,0.523256,3.77179,4.56811,0.599681
타일러 클로이드,Tyler Cloyd,8536,R,2008,Phillies (R),0,2,1,11,0,9,0.818182,0,2.05493,2.40849,
타일러 클로이드,Tyler Cloyd,8536,A-,2008,Phillies (A-),0,12,12,65,4.56923,8.03077,2.90769,1.10769,4.53739,3.82322,
타일러 클로이드,Tyler Cloyd,8536,A,2009,Phillies (A),0,14,14,88.2,3.04511,7.81579,1.92857,0.304511,2.892,3.1985,
타일러 클로이드,Tyler Cloyd,8536,A+,2009,Phillies (A+),0,13,12,76.2,4.1087,4.57826,2.7,0.469565,3.9779,4.36099,
타일러 클로이드,Tyler Cloyd,8536,A+,2010,Phillies (A+),0,35,4,69.1,5.32212,8.69712,2.07692,1.03846,3.77234,3.20353,
타일러 클로이드,Tyler Cloyd,8536,AA,2010,Phillies (AA),0,2,1,9,4,6,1,3,6.69783,4.33816,
타일러 클로이드,Tyler Cloyd,8536,A+,2011,Phillies (A+),0,13,5,39.1,2.74576,8.92373,1.6017,0.686441,3.00693,2.88294,
타일러 클로이드,Tyler Cloyd,8536,AA,2011,Phillies (AA),0,18,17,106.2,2.78438,8.35313,1.26563,0.590625,3.02568,3.27012,
타일러 클로이드,Tyler Cloyd,8536,AA,2012,Phillies (AA),0,4,4,25,1.8,7.2,1.08,0.36,2.6009,3.10013,
타일러 클로이드,Tyler Cloyd,8536,AAA,2012,Phillies (AAA),0,22,22,142,2.34507,5.89437,2.40845,0.887324,4.02053,3.97721,
타일러 클로이드,Tyler Cloyd,8536,MLB,2012,Phillies,0,6,6,33,4.90909,8.18182,1.90909,2.18182,5.24597,4.1856,-0.0555535
타일러 클로이드,Tyler Cloyd,8536,AAA,2013,Phillies (AAA),0,19,19,112.2,4.71302,7.42899,2.07692,1.67751,4.69602,3.49326,
타일러 클로이드,Tyler Cloyd,8536,MLB,2013,Phillies,0,13,11,60.1,6.56354,6.11603,3.72928,1.0442,4.48984,4.77039,0.303061
타일러 클로이드,Tyler Cloyd,8536,AAA,2014,Indians (AAA),0,27,26,166.2,3.888,6.372,1.674,1.404,4.61768,3.87589,
알프레도 피가로,Alfredo Figaro,8404,R,2006,Tigers (R),0,14,4,38.1,0.704348,7.27826,2.81739,0,2.8015,,
알프레도 피가로,Alfredo Figaro,8404,A-,2007,Tigers (A-),0,11,11,53.1,3.375,6.75,2.7,0.16875,3.40386,3.57419,
알프레도 피가로,Alfredo Figaro,8404,A+,2007,Tigers (A+),0,5,4,22.2,4.76471,2.38235,2.38235,0,3.99002,4.88435,
알프레도 피가로,Alfredo Figaro,8404,A,2008,Tigers (A),0,19,19,123,2.04878,7.02439,2.19512,0,2.55188,3.26228,
알프레도 피가로,Alfredo Figaro,8404,A+,2008,Tigers (A+),0,6,5,29.1,4.90909,7.05682,3.68182,0.613636,3.84913,4.01002,
알프레도 피가로,Alfredo Figaro,8404,AA,2009,Tigers (AA),0,16,11,80,3.6,7.7625,2.5875,0.9,3.62102,3.23262,
알프레도 피가로,Alfredo Figaro,8404,MLB,2009,Tigers,0,5,3,17,6.35294,8.47059,5.29412,1.58824,5.45003,5.00918,0.0260633
알프레도 피가로,Alfredo Figaro,8404,AAA,2010,Tigers (AAA),0,23,23,124,4.1371,8.12903,2.83065,0.798387,3.66627,3.8582,
알프레도 피가로,Alfredo Figaro,8404,MLB,2010,Tigers,0,8,1,14.2,6.74998,3.06817,4.90908,0.613635,4.91875,5.69771,0.061552
알프레도 피가로,Alfredo Figaro,8404,R,2013,Brewers (R),0,1,1,2.1,0,15.4286,0,0,0.578567,0.825943,
알프레도 피가로,Alfredo Figaro,8404,AAA,2013,Brewers (AAA),0,3,3,13,2.76923,5.53846,6.23077,0,4.41592,5.52868,
알프레도 피가로,Alfredo Figaro,8404,MLB,2013,Brewers,0,33,5,74,4.13514,6.56757,1.82432,1.82432,4.87218,3.64012,-0.569169
알프레도 피가로,Alfredo Figaro,8404,AAA,2014,Brewers (AAA),0,42,2,70.1,3.7109,7.03792,2.81517,0.639811,4.04161,4.18364,
알프레도 피가로,Alfredo Figaro,8404,MLB,2014,Brewers,0,6,0,8.2,7.2692,8.30766,1.03846,2.07692,4.63225,3.20097,-0.0493155
루카스 하렐,Lucas Harrell,7541,A+,2006,White Sox (A+),0,17,17,91.2,2.45455,6.87273,4.32,0.294546,3.74147,,
루카스 하렐,Lucas Harrell,7541,AA,2006,White Sox (AA),0,3,3,9.2,10.2414,3.72414,13.0345,0.931034,7.81348,,
루카스 하렐,Lucas Harrell,7541,R,2008,White Sox (R),0,1,1,3,3,15,3,0,1.45099,1.79424,
루카스 하렐,Lucas Harrell,7541,A,2008,White Sox (A),0,3,3,10.2,5.90625,5.90625,3.375,0,3.64595,4.30086,
루카스 하렐,Lucas Harrell,7541,AA,2008,White Sox (AA),0,11,10,54.2,3.45732,5.59756,3.12805,0.493902,3.88674,4.09784,
루카스 하렐,Lucas Harrell,7541,AA,2009,White Sox (AA),0,14,14,80.1,3.24896,5.71369,3.58506,0.448133,3.73592,3.68597,
루카스 하렐,Lucas Harrell,7541,AAA,2009,White Sox (AAA),0,11,11,65.2,3.28934,5.75635,5.07107,0.411168,4.29165,4.40741,
루카스 하렐,Lucas Harrell,7541,AAA,2010,White Sox (AAA),0,26,26,137.2,4.57627,5.49153,3.98789,0.719128,4.51164,4.5189,
루카스 하렐,Lucas Harrell,7541,MLB,2010,White Sox,0,8,3,24,4.875,5.625,6.375,0.75,5.03618,4.86877,-0.00147549
루카스 하렐,Lucas Harrell,7541,AAA,2011,White Sox (AAA),1,13,12,74.1,3.26906,6.78027,3.14798,0.726457,3.86907,3.68207,
루카스 하렐,Lucas Harrell,7541,AAA,2011,Astros (AAA),1,9,9,52.1,1.71975,6.53503,4.12739,0,3.82154,4.67084,
루카스 하렐,Lucas Harrell,7541,MLB,2011,- - -,0,9,2,18,4.5,7.5,4,0,2.85872,4.11498,0.335121
루카스 하렐,Lucas Harrell,7541,MLB,2011,White Sox,1,3,0,5,7.2,9,1.8,0,1.62539,3.13289,0.10883
루카스 하렐,Lucas Harrell,7541,MLB,2011,Astros,1,6,2,13,3.46154,6.92308,4.84615,0,3.33308,4.4927,0.226291
루카스 하렐,Lucas Harrell,7541,MLB,2012,Astros,0,32,32,193.2,3.7642,6.50602,3.62478,0.604131,3.74505,3.88832,2.70416
루카스 하렐,Lucas Harrell,7541,MLB,2013,Astros,0,36,22,153.2,5.85683,5.21258,5.15401,1.17137,5.41662,4.9693,-0.864907
루카스 하렐,Lucas Harrell,7541,AAA,2014,Diamondbacks (AAA),0,22,20,106.2,5.14688,5.65313,6.49688,1.0125,6.21288,5.50274,
루카스 하렐,Lucas Harrell,7541,MLB,2014,Astros,0,3,3,12.1,9.48651,6.56759,6.56759,1.45946,5.9701,4.96433,-0.172377
조쉬 스틴슨,Joshua Randall Stinson,3219,R,2006,Mets (R),0,9,4,27,2,4.66667,1.66667,0,2.92002,,
조쉬 스틴슨,Joshua Randall Stinson,3219,A,2006,Mets (A),0,3,3,13.1,1.35,3.375,2.7,0,3.86809,,
조쉬 스틴슨,Joshua Randall Stinson,3219,A,2007,Mets (A),0,26,21,109.1,4.85671,4.28049,2.71646,1.07012,5.25833,5.21105,
조쉬 스틴슨,Joshua Randall Stinson,3219,A,2008,Mets (A),0,21,6,71.2,3.51628,5.77674,4.01861,0.87907,5.08708,4.98702,
조쉬 스틴슨,Joshua Randall Stinson,3219,A+,2008,Mets (A+),0,7,2,14.2,6.13636,8.59091,3.06818,0,2.72413,3.88775,
조쉬 스틴슨,Joshua Randall Stinson,3219,A,2009,Mets (A),0,25,1,42.1,3.61417,10.4173,2.12598,0.212598,2.46272,2.95586,
조쉬 스틴슨,Joshua Randall Stinson,3219,A+,2009,Mets (A+),0,25,0,36.1,1.98165,8.66973,4.70642,0,2.82445,3.40433,
조쉬 스틴슨,Joshua Randall Stinson,3219,AA,2010,Mets (AA),0,32,14,110.1,4.24169,5.54683,4.07855,0.570997,4.42492,4.68922,
조쉬 스틴슨,Joshua Randall Stinson,3219,AAA,2010,Mets (AAA),0,4,4,28,2.57143,6.75,2.57143,1.60714,4.93355,3.7264,
조쉬 스틴슨,Joshua Randall Stinson,3219,AA,2011,Mets (AA),0,27,2,47.1,3.99296,7.41549,3.04225,0.190141,3.30442,4.01912,
조쉬 스틴슨,Joshua Randall Stinson,3219,AAA,2011,Mets (AAA),0,13,13,61.2,7.44324,4.67027,4.81622,1.02162,5.32868,5.30822,
조쉬 스틴슨,Joshua Randall Stinson,3219,MLB,2011,Mets,0,14,0,13,6.92308,5.53846,4.84615,0.692308,4.41,4.56962,-0.111909
조쉬 스틴슨,Joshua Randall Stinson,3219,AA,2012,Brewers (AA),0,29,24,145.1,3.15826,5.63532,4.39679,0.433486,4.21065,4.44273,
조쉬 스틴슨,Joshua Randall Stinson,3219,MLB,2012,Brewers,0,6,1,9.1,0.964289,2.89287,4.82145,0.964289,5.4516,5.78919,-0.09094
조쉬 스틴슨,Joshua Randall Stinson,3219,A+,2013,Orioles (A+),0,1,0,2,4.5,4.5,0,0,2.3494,3.17444,
조쉬 스틴슨,Joshua Randall Stinson,3219,AAA,2013,Orioles (AAA),0,23,23,131,3.77863,5.9771,3.70992,0.755725,4.2965,4.27884,
조쉬 스틴슨,Joshua Randall Stinson,3219,MLB,2013,Orioles,0,11,1,17,3.17647,6.35294,1.58824,2.11765,5.4008,3.70813,-0.0532321
조쉬 스틴슨,Joshua Randall Stinson,3219,AAA,2014,Orioles (AAA),0,22,13,85.1,5.48438,8.4375,4.00781,1.47656,5.16237,4.13157,
조쉬 스틴슨,Joshua Randall Stinson,3219,MLB,2014,Orioles,0,8,0,13,6.23077,4.15385,4.15385,1.38462,6.05533,5.48143,-0.163592
에반 믹,Evan David Meek,5109,A+,2006,Devil Rays (A+),1,2,0,5,9,12.6,7.2,0,4.53756,,
에반 믹,Evan David Meek,5109,A+,2006,Padres (A+),1,26,25,119.1,4.97765,8.52235,4.67598,0.377095,4.14818,,
에반 믹,Evan David Meek,5109,AA,2007,Devil Rays (AA),0,44,0,67,4.29851,9.26866,4.56716,0.268657,3.24387,3.48095,
에반 믹,Evan David Meek,5109,AA,2008,Pirates (AA),0,9,0,16,2.8125,9.5625,1.6875,0,1.8713,2.44109,
에반 믹,Evan David Meek,5109,AAA,2008,Pirates (AAA),0,23,0,41.1,2.39516,7.40323,3.04839,0.435484,3.32265,3.55194,
에반 믹,Evan David Meek,5109,MLB,2008,Pirates,0,9,0,13,6.92308,4.84615,8.30769,2.07692,8.0551,5.86676,-0.341666
에반 믹,Evan David Meek,5109,AAA,2009,Pirates (AAA),0,6,0,8.2,1.03846,7.26923,7.26923,0,3.95721,4.54168,
에반 믹,Evan David Meek,5109,MLB,2009,Pirates,0,41,0,47,3.44681,8.04255,5.55319,0.382979,3.71411,4.13848,0.333284
에반 믹,Evan David Meek,5109,MLB,2010,Pirates,0,70,0,80,2.1375,7.875,3.4875,0.5625,3.45284,3.54101,0.82969
에반 믹,Evan David Meek,5109,A+,2011,Pirates (A+),0,2,1,2,0,9,0,0,1.38829,2.63669,
에반 믹,Evan David Meek,5109,AAA,2011,Pirates (AAA),0,8,0,8,2.25,9,1.125,0,1.61179,2.34018,
에반 믹,Evan David Meek,5109,MLB,2011,Pirates,0,24,0,20.2,3.48387,7.40321,5.2258,0.435483,3.75119,4.39868,0.043595
에반 믹,Evan David Meek,5109,AAA,2012,Pirates (AAA),0,36,0,46,2.73913,8.02174,5.08696,0.586957,4.18312,3.96465,
에반 믹,Evan David Meek,5109,MLB,2012,Pirates,0,12,0,12,6.75,6,4.5,0.75,4.59445,4.97937,-0.0561847
에반 믹,Evan David Meek,5109,AAA,2013,Rangers (AAA),0,33,15,108,4.5,6.66667,3.83333,0.75,4.75495,4.69165,
에반 믹,Evan David Meek,5109,AAA,2014,Orioles (AAA),0,39,0,41.2,1.944,7.992,0.864,0.432,2.49368,2.47638,
에반 믹,Evan David Meek,5109,MLB,2014,Orioles,0,23,0,23.1,5.78572,6.17144,4.24286,1.15714,5.10368,4.54462,-0.383384
브룩스 레일리,Brooks Raley,10061,R,2009,Cubs (R),0,3,3,4.1,4.15385,6.23077,4.15385,2.07692,7.33394,4.80672,
브룩스 레일리,Brooks Raley,10061,A-,2009,Cubs (A-),0,2,0,6.1,1.42105,2.84211,1.42105,1.42105,5.65287,4.53519,
브룩스 레일리,Brooks Raley,10061,A+,2010,Cubs (A+),0,27,27,136.1,3.49878,6.40342,2.83863,0.594132,3.89563,3.82499,
브룩스 레일리,Brooks Raley,10061,AA,2011,Cubs (AA),0,26,25,136.1,4.22494,5.28117,2.97066,1.05623,4.71501,4.46539,
브룩스 레일리,Brooks Raley,10061,AA,2012,Cubs (AA),0,8,8,48.2,3.5137,5.36301,2.21918,0.369863,3.47291,4.02158,
브룩스 레일리,Brooks Raley,10061,AAA,2012,Cubs (AAA),0,14,14,82,3.62195,7.57317,3.07317,0.768293,4.22877,4.30977,
브룩스 레일리,Brooks Raley,10061,MLB,2012,Cubs,0,5,5,24.1,8.137,5.91782,4.0685,2.58904,6.87528,5.18708,-0.440815
브룩스 레일리,Brooks Raley,10061,AAA,2013,Cubs (AAA),0,27,25,141.1,4.45755,6.04953,2.86557,0.82783,4.50373,4.5992,
브룩스 레일리,Brooks Raley,10061,MLB,2013,Cubs,0,9,0,14,5.14286,9,5.14286,1.28571,5.04785,4.06895,-0.14488
브룩스 레일리,Brooks Raley,10061,AAA,2014,Twins (AAA),1,8,1,14.2,3.68182,11.6591,6.75,0.613636,4.10768,4.4623,
브룩스 레일리,Brooks Raley,10061,AAA,2014,Angels (AAA),1,6,5,23,10.5652,5.86957,4.69565,0.391304,5.04821,5.85579,
조쉬 린드블럼,Joshua William Josh Lindblom,7882,A,2008,Dodgers (A),0,8,8,29,1.86207,10.2414,1.24138,0.62069,2.42152,2.28555,
조쉬 린드블럼,Joshua William Josh Lindblom,7882,AA,2008,Dodgers (AA),0,1,1,5,3.6,7.2,1.8,0,2.26479,3.29622,
조쉬 린드블럼,Joshua William Josh Lindblom,7882,AA,2009,Dodgers (AA),0,14,11,57.1,4.7093,7.22093,2.19767,0.627907,3.38513,3.59911,
조쉬 린드블럼,Joshua William Josh Lindblom,7882,AAA,2009,Dodgers (AAA),0,20,3,39,2.53846,8.30769,2.76923,0.692308,3.77961,3.95942,
조쉬 린드블럼,Joshua William Josh Lindblom,7882,AAA,2010,Dodgers (AAA),0,40,10,95,6.53684,7.95789,3.03158,1.13684,4.68787,4.87878,
조쉬 린드블럼,Joshua William Josh Lindblom,7882,AA,2011,Dodgers (AA),0,34,0,42.1,2.12598,11.4803,2.97638,0.637795,2.95237,3.00624,
조쉬 린드블럼,Joshua William Josh Lindblom,7882,MLB,2011,Dodgers,0,27,0,29.2,2.73033,8.49437,3.0337,0,2.35123,3.96037,0.709507
조쉬 린드블럼,Joshua William Josh Lindblom,7882,MLB,2012,- - -,0,74,0,71,3.5493,8.87324,4.43662,1.64789,5.15079,4.48691,-0.700442
조쉬 린드블럼,Joshua William Josh Lindblom,7882,MLB,2012,Dodgers,1,48,0,47.2,3.02098,8.11888,3.3986,1.6993,5.06648,4.33687,-0.418781
조쉬 린드블럼,Joshua William Josh Lindblom,7882,MLB,2012,Phillies,1,26,0,23.1,4.62858,10.4143,6.55715,1.54286,5.32303,4.79343,-0.281661
조쉬 린드블럼,Joshua William Josh Lindblom,7882,AAA,2013,Rangers (AAA),0,20,18,108,3.08333,6.58333,2.58333,1,4.6068,4.61513,
조쉬 린드블럼,Joshua William Josh Lindblom,7882,MLB,2013,Rangers,0,8,5,31.1,5.45745,6.03192,3.15958,1.14894,4.4202,4.50465,0.289448
조쉬 린드블럼,Joshua William Josh Lindblom,7882,AAA,2014,Athletics (AAA),0,17,16,84,5.78571,6.42857,2.78571,1.07143,4.85514,5.07732,
조쉬 린드블럼,Joshua William Josh Lindblom,7882,MLB,2014,Athletics,0,1,1,4.2,3.85712,3.85712,3.85712,1.92856,6.98937,7.11698,-0.0905703
에스밀 로저스,Esmil Rogers,6317,R,2006,Rockies (R),0,15,15,63.1,6.96316,5.68421,3.41053,1.13684,5.81917,,
에스밀 로저스,Esmil Rogers,6317,A,2007,Rockies (A),0,19,18,117.2,3.74788,6.88385,3.21246,0.458924,3.92125,4.47445,
에스밀 로저스,Esmil Rogers,6317,A+,2008,Rockies (A+),0,25,25,143.2,3.94664,7.26682,2.81903,0.563805,4.00462,4.33412,
에스밀 로저스,Esmil Rogers,6317,AA,2009,Rockies (AA),0,15,15,94.1,2.48057,7.91873,1.81272,0.190813,2.58387,3.29244,
에스밀 로저스,Esmil Rogers,6317,AAA,2009,Rockies (AAA),0,12,11,60.2,7.41758,6.82418,5.19231,1.33516,5.76312,5.16646,
에스밀 로저스,Esmil Rogers,6317,MLB,2009,Rockies,0,1,1,4,4.5,6.75,4.5,0,3.09708,3.75345,0.0972189
에스밀 로저스,Esmil Rogers,6317,AAA,2010,Rockies (AAA),0,12,11,61,5.7541,7.81967,2.80328,0.885246,4.25474,4.25646,
에스밀 로저스,Esmil Rogers,6317,MLB,2010,Rockies,0,28,8,72,6.125,8.25,3.25,0.625,3.43895,3.5878,1.2293
에스밀 로저스,Esmil Rogers,6317,AA,2011,Rockies (AA),0,1,1,4,2.25,4.5,2.25,2.25,6.37762,5.695,
에스밀 로저스,Esmil Rogers,6317,AAA,2011,Rockies (AAA),0,5,5,23,6.26087,5.86957,1.95652,1.17391,5.08767,4.86978,
에스밀 로저스,Esmil Rogers,6317,MLB,2011,Rockies,0,18,13,83,7.04819,6.83133,5.09639,1.51807,5.61575,4.9214,-0.321706
에스밀 로저스,Esmil Rogers,6317,MLB,2012,- - -,0,67,0,78.2,4.69068,9.49576,3.4322,0.800847,3.47581,3.58819,1.04211
에스밀 로저스,Esmil Rogers,6317,MLB,2012,Rockies,1,23,0,25.2,8.06492,10.1688,6.31168,0.701298,4.18536,4.31646,0.158651
에스밀 로저스,Esmil Rogers,6317,MLB,2012,Indians,1,44,0,53,3.0566,9.16981,2.03774,0.849057,3.13219,3.23551,0.883461
에스밀 로저스,Esmil Rogers,6317,MLB,2013,Blue Jays,0,44,20,137.2,4.7724,6.27603,2.87651,1.37288,4.72582,4.06261,0.115594
에스밀 로저스,Esmil Rogers,6317,AAA,2014,Blue Jays (AAA),0,12,7,48.2,3.14384,7.58219,3.32877,0.369863,3.43987,4.00683,
에스밀 로저스,Esmil Rogers,6317,MLB,2014,- - -,0,34,1,45.2,5.71532,8.67153,3.35036,1.57664,4.73079,4.02318,-0.240183
에스밀 로저스,Esmil Rogers,6317,MLB,2014,Blue Jays,1,16,0,20.2,6.96773,9.14515,3.04838,2.17742,5.40644,3.99561,-0.230629
에스밀 로저스,Esmil Rogers,6317,MLB,2014,Yankees,1,18,1,25,4.68,8.28,3.6,1.08,4.17225,4.04596,-0.00955334
앤드루 시스코,Andrew Sisco,3706,MLB,2005,Royals,0,67,0,75.1,3.1062,9.07965,5.0177,0.716815,3.78994,4.16429,0.696795
앤드루 시스코,Andrew Sisco,3706,AAA,2006,Royals (AAA),0,3,0,4.2,1.92857,11.5714,1.92857,1.92857,4.17307,,
앤드루 시스코,Andrew Sisco,3706,MLB,2006,Royals,0,65,0,58.1,7.09715,8.02286,6.17143,1.23429,5.25532,5.37794,-0.420763
앤드루 시스코,Andrew Sisco,3706,AAA,2007,White Sox (AAA),0,23,15,78.2,4.34746,8.69492,5.0339,1.14407,4.66531,4.25539,
앤드루 시스코,Andrew Sisco,3706,MLB,2007,White Sox,0,19,0,14,8.35714,8.35714,7.07143,1.28571,5.81103,5.9252,-0.155572
앤드루 시스코,Andrew Sisco,3706,AA,2010,Giants (AA),0,48,0,66.2,4.32,10.125,4.86,0.54,3.6045,3.93729,
앤드루 시스코,Andrew Sisco,3706,AAA,2011,Mexican (AAA),1,10,3,16.1,8.26531,7.71429,8.81633,1.65306,7.68656,6.63962,
앤드루 시스코,Andrew Sisco,3706,AAA,2011,Yankees (AAA),1,16,0,14.1,1.88372,9.41861,7.53489,0,3.65539,4.63111,
앤드루 시스코,Andrew Sisco,3706,AAA,2012,Mexican (AAA),1,4,0,3.1,2.7,8.10001,8.10001,0,4.44062,5.99554,
앤드루 시스코,Andrew Sisco,3706,AAA,2012,Mexican (AAA),1,3,0,0.2,0,13.4999,26.9999,0,9.54059,9.54059,
필 어윈,Phil Irwin,9489,A-,2009,Pirates (A-),0,10,7,29.2,2.1236,9.70786,1.82022,0.303371,2.43302,2.59114,
필 어윈,Phil Irwin,9489,A,2010,Pirates (A),0,23,20,113,3.34513,8.84071,1.59292,0.716814,3.30438,3.05154,
필 어윈,Phil Irwin,9489,A+,2011,Pirates (A+),0,10,10,53.1,2.025,6.75,2.025,0.50625,3.46329,3.55911,
필 어윈,Phil Irwin,9489,AA,2011,Pirates (AA),0,15,14,87.1,3.81298,7.11069,1.03053,0.927481,3.78792,3.3084,
필 어윈,Phil Irwin,9489,A+,2012,Pirates (A+),0,1,1,5,1.8,10.8,0,0,0.989691,1.58085,
필 어윈,Phil Irwin,9489,AA,2012,Pirates (AA),0,18,16,104.1,2.93291,7.15974,1.46645,0.603834,3.40218,3.41895,
필 어윈,Phil Irwin,9489,AAA,2012,Pirates (AAA),0,4,4,21,2.57143,12,3,0.428571,2.25661,2.81193,
필 어윈,Phil Irwin,9489,AAA,2013,Pirates (AAA),0,2,2,10,0.9,7.2,2.7,0,3.1049,4.49045,
필 어윈,Phil Irwin,9489,MLB,2013,Pirates,0,1,1,4.2,7.71423,7.71423,7.71423,0,3.90499,4.49048,0.0680145
필 어윈,Phil Irwin,9489,AAA,2014,Rangers (AAA),1,11,10,51.1,3.50649,9.81818,4.38312,0,3.27181,4.22006,
필 어윈,Phil Irwin,9489,AAA,2014,Pirates (AAA),1,10,2,21.2,8.72308,7.47692,4.15385,1.66154,6.17306,4.84646,
필 어윈,Phil Irwin,9489,MLB,2014,Rangers,0,1,1,4,6.75,4.5,4.5,2.25,7.63225,6.23619,-0.0909723
메릴 켈리,Merrill Kelly,11156,A-,2010,Rays (A-),0,7,1,21.1,2.10938,8.01563,2.10938,0,2.535,3.06735,
메릴 켈리,Merrill Kelly,11156,A,2010,Rays (A),0,5,2,16.1,7.16327,5.51021,4.40816,0.551021,5.0478,5.28856,
메릴 켈리,Merrill Kelly,11156,A+,2011,Rays (A+),0,25,23,129,3.27907,4.88372,3.55814,0.418605,4.2565,4.54219,
메릴 켈리,Merrill Kelly,11156,AA,2012,Rays (AA),0,32,9,88.1,3.56604,6.21509,2.85283,0.407547,3.43848,4.04305,
메릴 켈리,Merrill Kelly,11156,AA,2013,Rays (AA),0,13,12,73.2,4.15385,5.00905,3.78733,0.366516,3.71353,4.42681,
메릴 켈리,Merrill Kelly,11156,AAA,2013,Rays (AAA),0,15,14,84.2,3.18898,7.44095,3.61417,0.425197,3.47655,4.13379,
메릴 켈리,Merrill Kelly,11156,AAA,2014,Rays (AAA),0,28,15,114,2.76316,8.52632,2.92105,0.789474,3.73487,3.57021,
콜린 벨레스터,Collin Thomas Balester,6883,A+,2006,Nationals (A+),0,23,22,117.2,5.20113,6.65439,4.05382,0.917847,4.47448,,
콜린 벨레스터,Collin Thomas Balester,6883,AA,2006,Nationals (AA),0,3,3,19.2,1.83051,4.57627,2.74576,0,3.31601,,
콜린 벨레스터,Collin Thomas Balester,6883,AA,2007,Nationals (AA),0,17,17,98.2,3.73987,7.02365,2.28041,0.820946,3.80749,3.82575,
콜린 벨레스터,Collin Thomas Balester,6883,AAA,2007,Nationals (AAA),0,10,10,51.2,4.18064,6.96774,4.00645,0.522581,3.86873,4.53288,
콜린 벨레스터,Collin Thomas Balester,6883,AAA,2008,Nationals (AAA),0,15,15,78.2,4.00424,7.32203,2.63136,1.6017,5.03876,4.10724,
콜린 벨레스터,Collin Thomas Balester,6883,MLB,2008,Nationals,0,15,15,80,5.5125,5.625,3.15,1.35,5.10702,4.87166,0.54979
콜린 벨레스터,Collin Thomas Balester,6883,AAA,2009,Nationals (AAA),0,20,20,107.1,4.4441,5.95342,3.10248,0.419255,3.63399,4.28372,
콜린 벨레스터,Collin Thomas Balester,6883,MLB,2009,Nationals,0,7,7,30.1,6.82418,5.93407,4.15385,2.96704,7.44874,5.19703,-0.574685
콜린 벨레스터,Collin Thomas Balester,6883,AAA,2010,Nationals (AAA),0,35,5,69,5.86957,6.78261,4.17391,1.04348,4.77672,4.62598,
콜린 벨레스터,Collin Thomas Balester,6883,MLB,2010,Nationals,0,17,0,21,2.57143,12,4.71429,0.857143,3.50641,3.08248,0.0848199
콜린 벨레스터,Collin Thomas Balester,6883,AAA,2011,Nationals (AAA),0,28,0,39.1,4.34746,10.5254,3.4322,0.457627,2.77916,3.2737,
콜린 벨레스터,Collin Thomas Balester,6883,MLB,2011,Nationals,0,23,0,35.2,4.54205,8.57943,3.53271,1.76635,4.93193,3.85986,-0.433908
콜린 벨레스터,Collin Thomas Balester,6883,AAA,2012,Tigers (AAA),0,31,0,47,3.6383,8.61702,2.29787,1.34043,4.1401,3.39024,
콜린 벨레스터,Collin Thomas Balester,6883,MLB,2012,Tigers,0,11,0,18,6.5,6,5.5,2.5,7.70556,6.45997,-0.525313
콜린 벨레스터,Collin Thomas Balester,6883,AAA,2013,Rangers (AAA),0,6,5,27,7.33333,7.33333,3,1.33333,5.19939,4.79836,
콜린 벨레스터,Collin Thomas Balester,6883,R,2014,Pirates (R),1,6,0,6.2,2.7,6.75,2.7,1.35,4.91839,3.62033,
콜린 벨레스터,Collin Thomas Balester,6883,R,2014,Pirates (R),1,2,0,1.1,54.0001,6.75002,13.5,0,6.50741,7.16922,
콜린 벨레스터,Collin Thomas Balester,6883,AA,2014,Pirates (AA),0,10,0,11,6.54545,8.18182,7.36364,1.63636,6.35473,5.46524,
콜린 벨레스터,Collin Thomas Balester,6883,AA,2015,Pirates (AA),0,13,0,20.1,1.77049,6.19672,2.65574,0.442623,3.56373,3.49865,
콜린 벨레스터,Collin Thomas Balester,6883,AAA,2015,Reds (AAA),1,21,0,22,2.04545,5.31818,1.22727,0.409091,2.97521,3.34705,
콜린 벨레스터,Collin Thomas Balester,6883,AAA,2015,Pirates (AAA),1,8,0,14.2,3.06818,4.90909,3.06818,0.613636,3.97521,4.23211,
콜린 벨레스터,Collin Thomas Balester,6883,MLB,2015,Reds,0,15,0,15.2,7.46807,7.46807,7.46807,1.7234,6.64422,6.79224,-0.315061
앨런 웹스터,Carl Allen Webster,3993,R,2008,Dodgers (R),0,12,0,18.1,3.43636,6.38182,8.34546,0.490909,6.23675,5.92163,
앨런 웹스터,Carl Allen Webster,3993,R,2009,Dodgers (R),1,12,8,47.2,2.07692,10.5734,2.64336,0,3.18009,3.72451,
앨런 웹스터,Carl Allen Webster,3993,R,2009,Dodgers (R),1,4,3,21,3,9,1.71429,0.428571,3.07375,3.60246,
앨런 웹스터,Carl Allen Webster,3993,A,2010,Dodgers (A),0,26,23,131.1,2.87817,7.81218,3.63198,0.411167,3.93659,4.17426,
앨런 웹스터,Carl Allen Webster,3993,A+,2011,Dodgers (A+),0,9,9,54,2.33333,10.3333,3.5,0.333333,3.52506,4.13023,
앨런 웹스터,Carl Allen Webster,3993,AA,2011,Dodgers (AA),0,18,17,91,5.04396,7.21978,3.56044,0.692308,4.15285,3.99531,
앨런 웹스터,Carl Allen Webster,3993,AA,2012,Red Sox (AA),1,2,2,9,8,12,4,1,3.97868,3.32697,
앨런 웹스터,Carl Allen Webster,3993,AA,2012,Dodgers (AA),1,27,22,121.2,3.55069,8.6548,4.21644,0.0739726,3.15236,3.65916,
앨런 웹스터,Carl Allen Webster,3993,AAA,2013,Red Sox (AAA),0,21,21,105,3.6,9.94286,3.68571,0.771429,3.79537,3.46268,
앨런 웹스터,Carl Allen Webster,3993,MLB,2013,Red Sox,0,8,7,30.1,8.60441,6.82418,5.34067,2.07693,6.5094,5.1758,-0.463786
앨런 웹스터,Carl Allen Webster,3993,AAA,2014,Red Sox (AAA),0,21,20,122,3.09836,7.37705,3.2459,0.663934,3.88227,3.93443,
앨런 웹스터,Carl Allen Webster,3993,MLB,2014,Red Sox,0,11,11,59,5.0339,5.49153,4.27119,0.457627,4.35259,4.96943,0.17828
앨런 웹스터,Carl Allen Webster,3993,AAA,2015,Diamondbacks (AAA),0,15,15,77,8.18182,7.24675,3.03896,0.935065,4.46952,4.00154,
앨런 웹스터,Carl Allen Webster,3993,MLB,2015,Diamondbacks,0,9,5,31,5.80645,4.93548,5.80645,2.90323,8.3594,6.02235,-0.831703
아놀드 레온,Arnold Leon,5595,AAA,2006,Mexican (AAA),0,4,0,3.1,2.7,5.40001,5.40001,0,4.08213,,
아놀드 레온,Arnold Leon,5595,AAA,2007,Mexican (AAA),0,35,0,41.2,1.944,8.208,5.184,0.432,4.07265,4.20994,
아놀드 레온,Arnold Leon,5595,A+,2008,Athletics (A+),0,20,0,28.1,2.85882,8.89412,2.85882,0.317647,3.32305,3.86426,
아놀드 레온,Arnold Leon,5595,AAA,2008,Mexican (AAA),0,13,0,14.2,4.29545,12.8864,1.22727,0,0.913032,1.42864,
아놀드 레온,Arnold Leon,5595,AA,2009,Athletics (AA),0,33,7,74.1,3.51121,7.6278,3.39013,0.363229,3.43435,3.88258,
아놀드 레온,Arnold Leon,5595,AA,2010,Athletics (AA),0,3,0,4.1,6.23077,2.07692,6.23077,2.07692,7.82905,6.02765,
아놀드 레온,Arnold Leon,5595,R,2011,Athletics (R),0,5,5,6.1,8.52632,11.3684,5.68421,0,3.74418,4.07133,
아놀드 레온,Arnold Leon,5595,A+,2012,Athletics (A+),0,12,0,15.1,5.28261,14.6739,2.93478,0.586957,2.57504,3.22675,
아놀드 레온,Arnold Leon,5595,AA,2012,Athletics (AA),0,10,0,15.2,2.29787,10.3404,1.7234,0,1.5567,2.13343,
아놀드 레온,Arnold Leon,5595,AAA,2012,Athletics (AAA),0,22,0,35.2,1.76635,7.82243,3.78505,1.00935,4.81733,4.4945,
아놀드 레온,Arnold Leon,5595,AA,2013,Athletics (AA),0,13,13,72.2,3.83945,5.94495,1.36239,1.11468,3.96461,3.81996,
아놀드 레온,Arnold Leon,5595,AAA,2013,Athletics (AAA),0,12,11,71.1,4.41589,6.18224,1.64019,0.504673,3.5978,4.24158,
아놀드 레온,Arnold Leon,5595,AAA,2014,Athletics (AAA),0,27,27,145,4.96552,7.94483,3.16552,0.744828,4.19003,4.51143,
아놀드 레온,Arnold Leon,5595,AAA,2015,Athletics (AAA),0,20,6,58,2.94828,8.53448,2.94828,1.08621,4.35801,3.96087,
아놀드 레온,Arnold Leon,5595,MLB,2015,Athletics,0,19,0,26.2,4.38749,6.41249,3.0375,1.0125,4.18359,4.32589,0.0197523
요한 플란데,Yohan Flande,5057,R,2006,Phillies (R),0,13,10,65,2.07692,8.30769,1.66154,0.138462,1.98303,,
요한 플란데,Yohan Flande,5057,R,2007,Phillies (R),0,13,12,72.1,2.36406,7.71429,3.35945,0.248848,3.02393,2.97984,
요한 플란데,Yohan Flande,5057,R,2008,Phillies (R),0,10,9,53.1,2.19375,6.58125,1.85625,0.84375,3.94073,3.31577,
요한 플란데,Yohan Flande,5057,A+,2009,Phillies (A+),0,13,13,82,2.52439,7.35366,2.63415,0.219512,2.8164,3.1904,
요한 플란데,Yohan Flande,5057,AA,2009,Phillies (AA),0,13,13,70.2,4.58491,6.36793,2.67453,0.636793,3.88187,3.75682,
요한 플란데,Yohan Flande,5057,AA,2010,Phillies (AA),0,27,27,158.1,4.37684,4.77474,2.50105,0.568421,4.14766,4.56066,
요한 플란데,Yohan Flande,5057,AAA,2011,Braves (AAA),0,33,19,137,4.0073,6.83212,2.49635,0.591241,3.49226,3.7016,
요한 플란데,Yohan Flande,5057,AAA,2012,Braves (AAA),0,29,27,147.2,4.20542,6.4605,3.35214,0.670429,3.91307,3.89589,
요한 플란데,Yohan Flande,5057,AA,2013,Braves (AA),0,1,1,4.2,9.64285,5.78571,3.85714,0,2.91263,3.12356,
요한 플란데,Yohan Flande,5057,AAA,2013,Braves (AAA),0,31,19,131.1,4.1802,6.30457,3.15228,0.616751,3.83688,3.91173,
요한 플란데,Yohan Flande,5057,AAA,2014,Rockies (AAA),0,18,16,88.1,5.60377,6.82642,3.36226,0.916981,4.69661,4.66782,
요한 플란데,Yohan Flande,5057,MLB,2014,Rockies,0,16,10,59,5.18644,5.18644,2.44068,0.762712,3.99666,3.7329,0.628391
요한 플란데,Yohan Flande,5057,AA,2015,Rockies (AA),0,6,6,39.2,1.36134,6.80672,0.907563,0.226891,2.3863,2.58843,
요한 플란데,Yohan Flande,5057,AAA,2015,Rockies (AAA),0,6,6,31.2,7.10526,3.12632,1.98947,2.27368,6.94675,4.92921,
요한 플란데,Yohan Flande,5057,MLB,2015,Rockies,0,19,10,68.1,4.74147,5.66342,3.29268,1.8439,5.67994,4.20426,-0.349862
데이비드 허프,David Gregory Huff,4257,A-,2006,Indians (A-),0,4,4,7.2,5.86956,9.3913,8.21739,0,4.32767,,
데이비드 허프,David Gregory Huff,4257,A+,2007,Indians (A+),0,11,11,59.2,2.71508,6.93855,2.26257,0.603352,3.4301,3.91026,
데이비드 허프,David Gregory Huff,4257,AA,2008,Indians (AA),0,11,10,65.2,1.91878,8.49746,1.91878,0.685279,3.0331,3.07678,
데이비드 허프,David Gregory Huff,4257,AAA,2008,Indians (AAA),0,16,16,80.2,3.0124,9.03719,1.67355,0.892562,3.27307,3.1046,
데이비드 허프,David Gregory Huff,4257,AAA,2009,Indians (AAA),0,7,7,39.1,4.34746,7.32203,3.66102,1.14407,4.39529,4.10781,
데이비드 허프,David Gregory Huff,4257,MLB,2009,Indians,0,23,23,128.1,5.61039,4.55844,2.87533,1.12208,4.68669,5.0299,1.37879
데이비드 허프,David Gregory Huff,4257,AAA,2010,Indians (AAA),0,12,12,74.1,4.35874,6.29596,2.5426,0.96861,4.18323,4.31775,
데이비드 허프,David Gregory Huff,4257,MLB,2010,Indians,0,15,15,79.2,6.21339,4.17991,3.841,1.58159,5.8268,5.45845,-0.172867
데이비드 허프,David Gregory Huff,4257,AAA,2011,Indians (AAA),0,18,18,107,3.86916,5.5514,2.52336,0.841121,4.11529,4.53413,
데이비드 허프,David Gregory Huff,4257,MLB,2011,Indians,0,11,10,50.2,4.08552,6.39473,3.01973,1.06579,4.15039,4.66886,0.760855
데이비드 허프,David Gregory Huff,4257,AA,2012,Indians (AA),0,1,1,4,0,6.75,2.25,0,2.4509,3.21532,
데이비드 허프,David Gregory Huff,4257,AAA,2012,Indians (AAA),0,24,22,134,4.97015,5.30597,2.28358,1.81343,5.40765,4.39661,
데이비드 허프,David Gregory Huff,4257,MLB,2012,Indians,0,6,4,26.2,3.375,6.41249,1.6875,1.6875,4.78195,4.49177,0.163338
데이비드 허프,David Gregory Huff,4257,AAA,2013,Indians (AAA),1,9,2,24.1,4.06849,10.3562,3.32877,1.47945,4.1501,3.54613,
데이비드 허프,David Gregory Huff,4257,AAA,2013,Yankees (AAA),1,13,12,68,3.83824,8.47059,1.72059,0.529412,2.79313,3.43905,
데이비드 허프,David Gregory Huff,4257,MLB,2013,- - -,0,14,2,37.2,5.49557,7.40707,2.15044,1.67256,4.61422,3.61281,-0.0412473
데이비드 허프,David Gregory Huff,4257,MLB,2013,Indians,1,3,0,3,15,15,3,0,0.714521,0.714521,0.0699821
데이비드 허프,David Gregory Huff,4257,MLB,2013,Yankees,1,11,2,34.2,4.67307,6.74999,2.07692,1.81731,4.9517,3.86362,-0.111229
데이비드 허프,David Gregory Huff,4257,AAA,2014,Giants (AAA),0,1,1,3,0,3,0,0,3.03371,6.98051,
데이비드 허프,David Gregory Huff,4257,MLB,2014,- - -,0,46,0,59,3.35593,5.94915,3.50847,0.762712,4.13225,4.24557,-0.203623
데이비드 허프,David Gregory Huff,4257,MLB,2014,Giants,1,16,0,20,6.3,4.95,2.7,0.9,4.38225,4.31821,-0.19183
데이비드 허프,David Gregory Huff,4257,MLB,2014,Yankees,1,30,0,39,1.84615,6.46154,3.92308,0.692308,4.00405,4.20831,-0.0117928
데이비드 허프,David Gregory Huff,4257,AAA,2015,Dodgers (AAA),0,23,4,57.1,2.19767,6.75,1.25581,0.627907,3.42497,3.64515,
데이비드 허프,David Gregory Huff,4257,MLB,2015,Dodgers,0,3,1,6,9,6,1.5,3,7.13359,4.27593,-0.165186
헥터 노에시,Hector Noesi,3292,R,2006,Yankees (R),0,5,0,7,1.28571,14.1429,1.28571,0,0.687211,,
헥터 노에시,Hector Noesi,3292,A,2007,Yankees (A),0,5,5,20,4.5,4.95,3.6,0.9,4.93882,5.19417,
헥터 노에시,Hector Noesi,3292,R,2008,Yankees (R),0,9,2,24.2,3.64865,8.75676,1.09459,0.72973,3.10407,2.90594,
헥터 노에시,Hector Noesi,3292,A-,2008,Yankees (A-),0,5,5,24,3,11.625,2.625,1.875,4.73931,2.98448,
헥터 노에시,Hector Noesi,3292,A,2009,Yankees (A),0,17,11,75.2,2.37885,9.27753,1.30837,0.356828,2.36833,2.52967,
헥터 노에시,Hector Noesi,3292,A+,2009,Yankees (A+),0,9,9,41.1,3.91936,8.70968,0.870968,0.653226,2.55322,2.59398,
헥터 노에시,Hector Noesi,3292,A+,2010,Yankees (A+),0,8,8,43,2.72093,11.093,1.25581,0.627907,2.42619,2.23729,
헥터 노에시,Hector Noesi,3292,AA,2010,Yankees (AA),0,17,16,98.2,3.10135,7.8446,1.64189,0.638514,3.15166,3.57429,
헥터 노에시,Hector Noesi,3292,AAA,2010,Yankees (AAA),0,3,3,18.2,4.82143,6.75,1.92857,0.482143,3.25498,3.6514,
헥터 노에시,Hector Noesi,3292,AAA,2011,Yankees (AAA),0,6,5,24.2,3.28378,6.2027,3.28378,0,3.19625,4.75541,
헥터 노에시,Hector Noesi,3292,MLB,2011,Yankees,0,30,2,56.1,4.47338,7.18935,3.51479,0.95858,4.09048,4.02159,0.165951
헥터 노에시,Hector Noesi,3292,AAA,2012,Mariners (AAA),0,11,11,64.1,5.73575,7.6943,3.07772,0.979275,4.49163,4.74295,
헥터 노에시,Hector Noesi,3292,MLB,2012,Mariners,0,22,18,106.2,5.82187,5.7375,3.29062,1.77187,5.53195,5.0786,-0.399278
헥터 노에시,Hector Noesi,3292,AA,2013,Mariners (AA),0,2,2,11,0,9.81818,2.45455,0,1.82172,2.89556,
헥터 노에시,Hector Noesi,3292,AAA,2013,Mariners (AAA),0,15,11,66.1,5.83417,6.64824,1.8995,1.62814,5.12253,4.46508,
헥터 노에시,Hector Noesi,3292,MLB,2013,Mariners,0,12,1,27.1,6.58537,6.91464,3.95122,0.987806,4.36493,4.73742,0.0607665
헥터 노에시,Hector Noesi,3292,MLB,2014,- - -,0,33,27,172.1,4.75242,6.4236,2.92457,1.46228,4.82664,4.29228,0.196835
헥터 노에시,Hector Noesi,3292,MLB,2014,Mariners,1,2,0,1,27,18,0,9,12.1323,2.84013,-0.104529
헥터 노에시,Hector Noesi,3292,MLB,2014,Rangers,1,3,0,5.1,11.8126,6.75004,3.37502,0,2.75725,3.68422,0.0527761
헥터 노에시,Hector Noesi,3292,MLB,2014,White Sox,1,28,27,166,4.39157,6.34337,2.92771,1.46386,4.84912,4.32056,0.248588
헥터 노에시,Hector Noesi,3292,AAA,2015,White Sox (AAA),0,11,10,65,3.32308,7.75385,2.21538,0.969231,3.57241,3.14997,
헥터 노에시,Hector Noesi,3292,MLB,2015,White Sox,0,10,5,32.2,6.88775,6.06122,4.68367,1.92857,6.22543,5.60805,-0.279429
지크 스프루일,Ezekiel Stephen Zeke Spruill,3873,R,2008,Braves (R),0,10,3,40,2.925,7.2,1.8,0.225,2.90948,3.15396,
지크 스프루일,Ezekiel Stephen Zeke Spruill,3873,R,2009,Braves (R),0,4,4,19.2,4.57627,10.5254,2.28814,0.915254,3.47077,2.56662,
지크 스프루일,Ezekiel Stephen Zeke Spruill,3873,A,2009,Braves (A),0,20,19,116,3.02586,7.37069,1.86207,0.698276,3.65088,3.335,
지크 스프루일,Ezekiel Stephen Zeke Spruill,3873,R,2010,Braves (R),0,2,2,3,3,3,3,0,3.78013,4.16834,
지크 스프루일,Ezekiel Stephen Zeke Spruill,3873,A+,2010,Braves (A+),0,14,13,65,5.53846,5.67692,1.8,0.553846,3.73918,3.97071,
지크 스프루일,Ezekiel Stephen Zeke Spruill,3873,A+,2011,Braves (A+),0,20,20,129.2,3.1928,6.3856,1.5964,0.485861,3.23061,3.26871,
지크 스프루일,Ezekiel Stephen Zeke Spruill,3873,AA,2011,Braves (AA),0,7,7,45,3.2,3.2,3.4,0.6,4.92892,5.65669,
지크 스프루일,Ezekiel Stephen Zeke Spruill,3873,AA,2012,Braves (AA),0,27,27,161.2,3.67423,5.90103,2.56082,0.445361,3.44105,3.68879,
지크 스프루일,Ezekiel Stephen Zeke Spruill,3873,AA,2013,Diamondbacks (AA),0,5,5,31.2,1.42105,5.68421,3.41053,0,2.78631,3.6256,
지크 스프루일,Ezekiel Stephen Zeke Spruill,3873,AAA,2013,Diamondbacks (AAA),0,16,16,92,4.20652,4.69565,3.22826,0.782609,4.83063,4.87344,
지크 스프루일,Ezekiel Stephen Zeke Spruill,3873,MLB,2013,Diamondbacks,0,6,2,11.1,5.55884,7.14708,3.9706,2.38236,6.48904,4.856,-0.209978
지크 스프루일,Ezekiel Stephen Zeke Spruill,3873,R,2014,Diamondbacks (R),0,3,2,6,7.5,9,1.5,0,2.52856,2.52856,
지크 스프루일,Ezekiel Stephen Zeke Spruill,3873,AAA,2014,Diamondbacks (AAA),0,28,11,79,6.03797,8.08861,2.39241,1.13924,4.5738,4.09395,
지크 스프루일,Ezekiel Stephen Zeke Spruill,3873,MLB,2014,Diamondbacks,0,6,1,22.2,3.57352,5.55882,1.58823,0,2.55872,3.64927,0.41483
지크 스프루일,Ezekiel Stephen Zeke Spruill,3873,AAA,2015,Red Sox (AAA),0,35,14,114.1,3.93586,5.27405,2.67638,0.629738,3.9442,3.82962,
파비오 카스티요,Fabio Castillo,2826,R,2006,Rangers (R),1,7,6,26,3.46154,12.8077,4.15385,0,1.72918,,
파비오 카스티요,Fabio Castillo,2826,R,2006,Rangers (R),1,1,1,3,0,12,6,0,3.51409,,
파비오 카스티요,Fabio Castillo,2826,A-,2007,Rangers (A-),0,14,14,62.1,5.91979,6.64171,3.8984,0.57754,4.74609,5.04084,
파비오 카스티요,Fabio Castillo,2826,A,2008,Rangers (A),0,36,7,90.1,5.28044,7.77122,4.68266,1.09594,4.73378,4.0617,
파비오 카스티요,Fabio Castillo,2826,A,2009,Rangers (A),0,40,2,80,4.05,7.5375,2.8125,0.5625,3.70347,3.59015,
파비오 카스티요,Fabio Castillo,2826,A+,2010,Rangers (A+),0,36,0,51.2,1.91613,11.3226,4.52903,0.348387,3.40498,3.6849,
파비오 카스티요,Fabio Castillo,2826,AA,2010,Rangers (AA),0,3,0,3.2,4.90909,4.90909,9.81817,0,5.39548,7.37862,
파비오 카스티요,Fabio Castillo,2826,AA,2011,Rangers (AA),0,42,0,52.1,6.36306,6.36306,3.95541,1.03185,5.05915,4.89328,
파비오 카스티요,Fabio Castillo,2826,AA,2012,Rangers (AA),0,21,0,37.1,2.89286,6.75,2.89286,0.241071,3.17296,3.73232,
파비오 카스티요,Fabio Castillo,2826,AAA,2012,Rangers (AAA),0,14,0,18.2,4.82143,6.26786,6.75,0.964286,5.9178,5.80075,
파비오 카스티요,Fabio Castillo,2826,AA,2013,Giants (AA),0,14,2,32.1,3.34021,12.2474,4.73196,0.278351,2.58263,3.25615,
파비오 카스티요,Fabio Castillo,2826,AAA,2013,Giants (AAA),0,23,5,57,6.47368,8.05263,4.10526,0.947368,4.6224,4.93288,
파비오 카스티요,Fabio Castillo,2826,AA,2014,Reds (AA),1,7,0,7.2,2.34783,5.86956,3.52174,2.34783,6.44781,3.87852,
파비오 카스티요,Fabio Castillo,2826,AA,2014,Orioles (AA),1,18,0,28,5.14286,7.07143,6.42857,0.964286,5.42616,5.19156,
파비오 카스티요,Fabio Castillo,2826,AAA,2014,Reds (AAA),0,15,0,23,2.73913,5.86957,4.69565,0,3.74898,4.67223,
파비오 카스티요,Fabio Castillo,2826,AAA,2015,Mexican (AAA),0,30,0,33,3.54545,5.45455,2.18182,0.272727,3.60752,3.97358,
에릭 서캠프,Eric M. Surkamp,2540,R,2008,Giants (R),0,2,0,3.1,2.7,18.9,0,0,-0.0838001,0.0890977,
에릭 서캠프,Eric M. Surkamp,2540,A-,2008,Giants (A-),0,5,4,14,6.42857,10.2857,3.21429,0.642857,3.46417,3.36757,
에릭 서캠프,Eric M. Surkamp,2540,A,2009,Giants (A),0,23,23,131,3.29771,11.6107,2.67939,0.412214,2.47847,2.62275,
에릭 서캠프,Eric M. Surkamp,2540,A+,2010,Giants (A+),0,17,17,101.1,3.10855,9.59211,1.95395,0.444079,3.07283,3.6077,
에릭 서캠프,Eric M. Surkamp,2540,A+,2011,Giants (A+),0,1,1,6,0,7.5,1.5,0,2.78432,4.12665,
에릭 서캠프,Eric M. Surkamp,2540,AA,2011,Giants (AA),0,23,22,142.1,2.02342,10.4333,2.7822,0.316159,2.58101,3.11823,
에릭 서캠프,Eric M. Surkamp,2540,MLB,2011,Giants,0,6,6,26.2,5.73749,4.38749,5.73749,0.3375,4.67538,5.83672,0.0165283
에릭 서캠프,Eric M. Surkamp,2540,A+,2013,Giants (A+),0,5,5,15.1,2.93478,9.97826,1.76087,1.17391,3.83701,2.84089,
에릭 서캠프,Eric M. Surkamp,2540,AAA,2013,Giants (AAA),0,11,11,71.1,2.7757,6.81308,2.52336,0.504673,3.70995,4.27573,
에릭 서캠프,Eric M. Surkamp,2540,MLB,2013,Giants,0,1,1,2.2,23.6247,0,0,6.74992,15.0477,9.90854,-0.261003
에릭 서캠프,Eric M. Surkamp,2540,AAA,2014,White Sox (AAA),0,18,11,78.2,4.69068,9.83898,2.28814,0.915254,3.52293,3.13923,
에릭 서캠프,Eric M. Surkamp,2540,MLB,2014,White Sox,0,35,0,24.1,4.80823,7.39727,4.80823,1.10959,4.81719,4.58585,-0.231458
에릭 서캠프,Eric M. Surkamp,2540,AAA,2015,White Sox (AAA),1,11,1,25.2,2.80519,10.5195,3.15584,1.05195,3.39079,2.55899,
에릭 서캠프,Eric M. Surkamp,2540,AAA,2015,Dodgers (AAA),1,16,15,88.1,3.56604,7.13208,2.3434,0.815094,4.10882,4.19282,
에릭 서캠프,Eric M. Surkamp,2540,MLB,2015,Dodgers,0,1,0,3.1,10.8001,10.8001,2.70003,5.40005,11.2337,4.31901,-0.252862
슈가 마리몬,Sugar Ray Marimon,6027,R,2007,Royals (R),0,14,10,44,2.04545,8.18182,3.68182,0.409091,3.58509,3.42763,
슈가 마리몬,Sugar Ray Marimon,6027,R,2008,Royals (R),0,6,3,13,11.0769,8.30769,6.92308,1.38462,6.47663,5.66483,
슈가 마리몬,Sugar Ray Marimon,6027,R,2009,Royals (R),0,15,13,62.1,5.7754,6.7861,4.33155,0.721925,5.15065,5.42903,
슈가 마리몬,Sugar Ray Marimon,6027,A,2010,Royals (A),0,14,14,70,5.91429,6.42857,3.47143,0.9,4.96821,4.85348,
슈가 마리몬,Sugar Ray Marimon,6027,A,2011,Royals (A),0,13,13,66,3.68182,7.36364,2.72727,0.818182,3.90549,3.86246,
슈가 마리몬,Sugar Ray Marimon,6027,A+,2012,Royals (A+),0,14,9,68,2.11765,7.94118,2.38235,0.661765,3.54722,3.7351,
슈가 마리몬,Sugar Ray Marimon,6027,AA,2012,Royals (AA),0,12,12,66.2,4.59,4.86,3.915,1.215,5.53011,5.537,
슈가 마리몬,Sugar Ray Marimon,6027,AA,2013,Royals (AA),0,27,26,148.1,4.30786,7.22022,2.73034,1.57753,4.72152,3.99832,
슈가 마리몬,Sugar Ray Marimon,6027,R,2014,Royals (R),0,3,2,11.1,2.38235,6.35294,1.58824,1.58824,5.70753,4.72292,
슈가 마리몬,Sugar Ray Marimon,6027,AA,2014,Royals (AA),0,4,4,21,2.14286,3.85714,3,0,3.26299,3.98683,
슈가 마리몬,Sugar Ray Marimon,6027,AAA,2014,Royals (AAA),0,15,15,83.1,3.564,7.236,2.808,1.08,4.76838,5.21335,
슈가 마리몬,Sugar Ray Marimon,6027,AAA,2015,Braves (AAA),0,17,14,81.2,3.30612,5.2898,2.86531,0.440816,3.68356,4.05182,
슈가 마리몬,Sugar Ray Marimon,6027,MLB,2015,Braves,0,16,0,25.2,7.36363,4.90908,4.90908,1.05195,5.19853,5.86381,-0.292476
요한 피노,Yohan Pino,6955,A,2006,Twins (A),0,42,7,94,1.91489,9.47872,1.91489,0.382979,2.4227,,
요한 피노,Yohan Pino,6955,A+,2007,Twins (A+),0,19,9,67.2,1.72906,8.51232,2.26108,0.26601,2.70757,3.29696,
요한 피노,Yohan Pino,6955,AA,2007,Twins (AA),0,9,8,47.1,5.1338,7.60563,1.71127,1.14085,3.92526,3.66077,
요한 피노,Yohan Pino,6955,AA,2008,Twins (AA),0,26,18,109,4.54128,6.27523,3.05505,1.3211,5.02612,4.63265,
요한 피노,Yohan Pino,6955,AA,2009,Twins (AA),0,32,4,62,3.19355,9.29032,2.32258,0.580645,2.93634,3.08461,
요한 피노,Yohan Pino,6955,AAA,2009,Indians (AAA),1,2,2,14,1.28571,9,1.28571,0,1.57809,2.95297,
요한 피노,Yohan Pino,6955,AAA,2009,Twins (AAA),1,8,8,51,2.82353,7.76471,1.94118,0.882353,3.40442,3.4608,
요한 피노,Yohan Pino,6955,AAA,2010,Indians (AAA),0,26,26,145.2,5.746,7.04348,2.90389,1.54462,5.0742,4.64719,
요한 피노,Yohan Pino,6955,AA,2011,Indians (AA),1,2,0,1.1,0,13.5,0,0,0.410046,1.14176,
요한 피노,Yohan Pino,6955,AA,2011,Blue Jays (AA),1,36,10,95.2,4.13937,9.78397,1.31707,1.41115,3.80727,2.96211,
요한 피노,Yohan Pino,6955,AAA,2011,Blue Jays (AAA),0,1,0,1.2,10.8,0,10.8,0,7.38332,8.95202,
요한 피노,Yohan Pino,6955,AA,2012,Blue Jays (AA),0,25,22,134,3.5597,7.52239,1.94776,1.14179,3.98449,3.55982,
요한 피노,Yohan Pino,6955,AAA,2012,Blue Jays (AAA),0,3,3,9.1,22.1786,7.71429,2.89286,0.964286,4.31065,4.44877,
요한 피노,Yohan Pino,6955,AA,2013,Reds (AA),0,4,1,11,0,9,0,0,0.912625,1.80749,
요한 피노,Yohan Pino,6955,AAA,2013,Reds (AAA),0,31,16,121.1,3.26374,7.93681,2.22527,0.519231,2.95765,3.56918,
요한 피노,Yohan Pino,6955,AAA,2014,Twins (AAA),0,16,9,73,2.46575,8.87671,2.9589,1.10959,4.09741,3.85213,
요한 피노,Yohan Pino,6955,MLB,2014,Twins,0,11,11,60.1,5.07183,7.45857,2.0884,1.19337,3.94441,4.08483,0.879809
요한 피노,Yohan Pino,6955,AAA,2015,Royals (AAA),0,16,14,78.2,4.69068,7.89407,2.28814,1.37288,4.62905,4.37395,
요한 피노,Yohan Pino,6955,MLB,2015,Royals,0,7,1,19.1,3.25863,6.05173,1.39655,0.931036,3.59911,4.31514,0.158231
조쉬 로위,Josh Lowey,sa560990,AAA,2014,Mexican (AAA),0,20,19,122.2,4.1087,7.33696,2.4212,0.293478,3.22238,3.59699,
조쉬 로위,Josh Lowey,sa560990,AAA,2015,Mexican (AAA),0,23,23,142.2,3.02804,9.1472,2.90187,0.693925,3.57969,3.4004,
브라울리오 라라,Braulio Lara,sa506176,R,2008,Rays (R),0,17,3,34,3.97059,10.3235,5.55882,0.264706,3.67337,3.6798,
브라울리오 라라,Braulio Lara,sa506176,R,2009,Rays (R),0,13,8,55.1,3.57831,9.43374,3.41566,0.325301,3.08626,3.03543,
브라울리오 라라,Braulio Lara,sa506176,R,2010,Rays (R),0,13,13,66,2.18182,7.90909,3.40909,0.272727,3.4627,3.91452,
브라울리오 라라,Braulio Lara,sa506176,A,2011,Rays (A),0,25,25,120.1,4.93629,8.30194,4.11357,0.747922,4.09134,3.8091,
브라울리오 라라,Braulio Lara,sa506176,A+,2012,Rays (A+),0,25,21,112,5.70536,6.58929,4.66071,0.883929,4.88969,4.51679,
브라울리오 라라,Braulio Lara,sa506176,AA,2013,Rays (AA),0,45,0,72,4.375,6.625,5.375,0.75,4.35707,4.35379,
브라울리오 라라,Braulio Lara,sa506176,AAA,2013,Rays (AAA),0,1,0,3,0,9,3,0,2.2049,2.91544,
브라울리오 라라,Braulio Lara,sa506176,AA,2014,Rays (AA),0,36,0,46.2,5.01429,8.87143,3.66429,0.385714,3.18694,3.6137,
브라울리오 라라,Braulio Lara,sa506176,AAA,2014,Rays (AAA),0,9,0,11,9,9,9.81818,1.63636,6.99404,5.54965,
브라울리오 라라,Braulio Lara,sa506176,AA,2015,Giants (AA),0,20,0,22.1,4.02985,6.85075,4.02985,0.80597,4.52238,4.09017,
브라울리오 라라,Braulio Lara,sa506176,AAA,2015,Giants (AAA),0,12,5,28,7.71429,9.32143,3.21429,0.642857,3.52796,3.75338,
로버트 코엘로,Robert Coello,1149,R,2007,Angels (R),0,20,0,26.1,1.36709,8.88608,2.39241,0,3.50381,4.22688,
로버트 코엘로,Robert Coello,1149,A+,2009,Red Sox (A+),0,33,0,66,2.04545,11.1818,4.63636,0.545455,3.51209,3.67815,
로버트 코엘로,Robert Coello,1149,AAA,2009,Red Sox (AAA),0,1,0,1.1,0,6.75002,0,0,1.64952,3.16912,
로버트 코엘로,Robert Coello,1149,AA,2010,Red Sox (AA),0,14,4,43.1,3.32308,10.5923,2.90769,0.830769,3.24911,3.59232,
로버트 코엘로,Robert Coello,1149,AAA,2010,Red Sox (AAA),0,18,9,64,4.21875,11.1094,4.21875,1.40625,4.50498,4.10497,
로버트 코엘로,Robert Coello,1149,MLB,2010,Red Sox,0,6,0,5.2,4.76468,7.94113,7.94113,0,3.96019,5.8998,0.0590148
로버트 코엘로,Robert Coello,1149,AA,2011,Cubs (AA),0,4,4,21,3,6.85714,3,0.428571,3.40194,4.04658,
로버트 코엘로,Robert Coello,1149,AAA,2011,Cubs (AAA),0,30,11,95,4.45263,8.90526,3.88421,1.04211,4.69911,4.84512,
로버트 코엘로,Robert Coello,1149,AAA,2012,Blue Jays (AAA),0,19,3,42,3,9.21429,3.85714,0.857143,4.14399,4.0683,
로버트 코엘로,Robert Coello,1149,MLB,2012,Blue Jays,0,6,0,6.1,12.7895,15.6317,5.68424,2.84212,6.09447,4.30749,-0.0890518
로버트 코엘로,Robert Coello,1149,AA,2013,Angels (AA),0,1,0,1,0,18,0,0,-0.943646,0.23956,
로버트 코엘로,Robert Coello,1149,AAA,2013,Angels (AAA),0,15,0,18.2,4.82143,13.9821,5.30357,0.482143,3.08762,3.34499,
로버트 코엘로,Robert Coello,1149,MLB,2013,Angels,0,16,0,17,3.70588,12.1765,4.23529,0.529412,2.51844,3.28061,0.38672
로버트 코엘로,Robert Coello,1149,AAA,2014,Orioles (AAA),1,20,0,23.2,1.90141,9.50704,5.70422,0.760563,4.49852,4.76715,
로버트 코엘로,Robert Coello,1149,AAA,2014,Yankees (AAA),1,26,0,32,1.6875,12.375,5.90625,0.28125,3.07643,3.80775,
로버트 코엘로,Robert Coello,1149,AAA,2015,Rangers (AAA),1,6,5,30.1,5.63736,3.85714,3.85714,1.18681,5.84114,5.88999,
로버트 코엘로,Robert Coello,1149,AAA,2015,Giants (AAA),1,11,11,64.1,3.49741,6.85492,3.9171,0.559586,4.37659,4.91919,
스콧 맥그레거,Scott McGregor,sa455250,R,2008,Cardinals (R),1,2,0,4,6.75,2.25,2.25,2.25,7.75948,5.20397,
스콧 맥그레거,Scott McGregor,sa455250,R,2008,Cardinals (R),1,7,3,27,0.333333,6.66667,1,0,2.63617,3.58966,
스콧 맥그레거,Scott McGregor,sa455250,A,2008,Cardinals (A),0,3,0,6.1,2.84211,2.84211,1.42105,0,3.59938,4.80492,
스콧 맥그레거,Scott McGregor,sa455250,A,2009,Cardinals (A),0,34,17,115,5.55652,6.10435,2.03478,0.391304,3.65789,3.75858,
스콧 맥그레거,Scott McGregor,sa455250,A+,2010,Cardinals (A+),0,16,8,57,2.68421,2.84211,2.05263,0.157895,3.86478,4.26461,
스콧 맥그레거,Scott McGregor,sa455250,AA,2010,Cardinals (AA),0,15,12,80.2,3.45868,5.46694,1.00413,0.780992,3.68474,3.52246,
스콧 맥그레거,Scott McGregor,sa455250,A+,2012,Cardinals (A+),0,2,2,8,2.25,3.375,2.25,0,4.88969,5.81337,
스콧 맥그레거,Scott McGregor,sa455250,AA,2012,Cardinals (AA),0,12,11,59,6.86441,4.57627,2.74576,1.67797,5.80553,4.62608,
스콧 맥그레거,Scott McGregor,sa455250,AA,2013,Cardinals (AA),0,8,8,48,2.4375,9,2.0625,0.9375,3.22302,2.80556,
스콧 맥그레거,Scott McGregor,sa455250,AAA,2013,Cardinals (AAA),0,18,17,100.2,4.82782,5.99007,2.59272,0.89404,4.51347,4.65909,
스콧 맥그레거,Scott McGregor,sa455250,AA,2014,Nationals (AA),0,8,6,29.1,5.21591,6.75,2.45455,0.613636,3.55927,3.84356,
스콧 맥그레거,Scott McGregor,sa455250,AAA,2014,Cardinals (AAA),1,13,13,61,6.34426,4.86885,4.86885,1.47541,6.96267,6.53533,
스콧 맥그레거,Scott McGregor,sa455250,AAA,2014,Nationals (AAA),1,4,4,23,3.91304,5.08696,2.34783,0.782609,4.14029,4.15292,
스콧 맥그레거,Scott McGregor,sa455250,AAA,2015,Nationals (AAA),0,27,15,107,4.03738,5.29907,2.94393,1.00935,4.67105,4.34306,
재크 페트릭,Zachary Bernard Petrick,sa659444,R,2012,Cardinals (R),0,13,7,45.2,2.16788,9.85401,1.77372,0.394161,2.99901,3.39913,
재크 페트릭,Zachary Bernard Petrick,sa659444,A,2013,Cardinals (A),0,16,0,32.2,0.82653,12.6735,2.20408,0.27551,1.83806,2.13302,
재크 페트릭,Zachary Bernard Petrick,sa659444,A+,2013,Cardinals (A+),0,9,4,33.1,0.27,8.64,1.08,0,1.68095,2.30704,
재크 페트릭,Zachary Bernard Petrick,sa659444,AA,2013,Cardinals (AA),0,9,9,47.1,3.99296,8.3662,2.85211,0.570423,3.09861,3.37455,
재크 페트릭,Zachary Bernard Petrick,sa659444,AA,2014,Cardinals (AA),0,3,3,18.2,0.482143,7.23214,2.41071,0,2.31657,3.51089,
재크 페트릭,Zachary Bernard Petrick,sa659444,AAA,2014,Cardinals (AAA),0,24,20,115,4.61739,6.41739,2.81739,1.25217,5.12647,4.79353,
재크 페트릭,Zachary Bernard Petrick,sa659444,AAA,2015,Cardinals (AAA),0,28,28,157.1,4.51907,6.46398,1.6589,0.800847,3.9871,4.15461,
앤서니 레나도,Anthony Ranaudo,11424,A,2011,Red Sox (A),0,10,10,46,3.32609,9.78261,3.13043,0.782609,3.78845,3.86488,
앤서니 레나도,Anthony Ranaudo,11424,A+,2011,Red Sox (A+),0,16,16,81,4.33333,7.44444,3.33333,0.666667,3.9837,4.05973,
앤서니 레나도,Anthony Ranaudo,11424,AA,2012,Red Sox (AA),0,9,9,37.2,6.69026,6.45133,6.45133,0.955752,5.53719,5.59078,
앤서니 레나도,Anthony Ranaudo,11424,AA,2013,Red Sox (AA),0,19,19,109.2,2.95441,8.69909,3.28268,0.738602,3.63493,3.63392,
앤서니 레나도,Anthony Ranaudo,11424,AAA,2013,Red Sox (AAA),0,6,5,30.1,2.96703,6.23077,2.07692,0.296703,2.94116,3.88291,
앤서니 레나도,Anthony Ranaudo,11424,AAA,2014,Red Sox (AAA),0,24,24,138,2.6087,7.23913,3.52174,0.586957,3.85768,4.31412,
앤서니 레나도,Anthony Ranaudo,11424,MLB,2014,Red Sox,0,7,7,39.1,4.80509,3.43221,3.66102,2.28814,6.89497,5.78947,-0.762664
앤서니 레나도,Anthony Ranaudo,11424,AAA,2015,Rangers (AAA),0,21,21,118,4.57627,6.86441,3.50847,1.0678,4.88752,4.81816,
앤서니 레나도,Anthony Ranaudo,11424,MLB,2015,Rangers,0,4,2,15.1,7.63045,6.45654,4.69566,1.17392,5.15534,5.76944,0.0411894
앤서니 레나도,Anthony Ranaudo,11424,AAA,2016,White Sox (AAA),1,16,16,96.2,3.35172,6.05172,1.02414,1.39655,4.27613,3.51656,
앤서니 레나도,Anthony Ranaudo,11424,AAA,2016,Rangers (AAA),1,3,3,13.1,2.025,12.15,2.7,0,2.37088,3.27347,
앤서니 레나도,Anthony Ranaudo,11424,MLB,2016,- - -,0,9,5,31.1,9.4787,5.1702,5.74467,2.87233,8.06144,6.62355,-0.784534
앤서니 레나도,Anthony Ranaudo,11424,MLB,2016,Rangers,1,2,0,3.2,17.1817,4.90905,19.6362,2.45452,12.1465,10.8723,-0.301942
앤서니 레나도,Anthony Ranaudo,11424,MLB,2016,White Sox,1,7,5,27.2,8.45782,5.20481,3.90361,2.92771,7.52005,6.06045,-0.482592
팻 딘,Patrick Michael Dean,11350,R,2010,Twins (R),1,4,0,5,0,9,0,0,1.44679,1.91264,
팻 딘,Patrick Michael Dean,11350,R,2010,Twins (R),1,5,5,24.1,2.58904,11.8356,0.369863,1.10959,2.6495,1.81142,
팻 딘,Patrick Michael Dean,11350,A,2011,Twins (A),0,8,8,44,2.86364,7.56818,1.84091,0.818182,3.54186,3.55576,
팻 딘,Patrick Michael Dean,11350,A+,2011,Twins (A+),0,11,11,58,6.67241,5.58621,2.32759,1.24138,4.92277,4.60766,
팻 딘,Patrick Michael Dean,11350,AA,2011,Twins (AA),0,1,1,6,4.5,4.5,1.5,0,2.91005,3.88566,
팻 딘,Patrick Michael Dean,11350,A+,2012,Twins (A+),0,28,28,153.1,3.9913,4.75435,1.93696,0.645652,4.00926,4.18024,
팻 딘,Patrick Michael Dean,11350,AA,2013,Twins (AA),0,22,22,125,4.68,4.392,1.224,0.864,4.0529,4.1187,
팻 딘,Patrick Michael Dean,11350,AAA,2013,Twins (AAA),0,6,6,40,2.025,4.95,1.125,0,2.5549,3.80722,
팻 딘,Patrick Michael Dean,11350,AA,2014,Twins (AA),0,26,26,144,4.8125,5.1875,1.9375,1.25,4.82,4.45187,
팻 딘,Patrick Michael Dean,11350,AAA,2015,Twins (AAA),0,27,27,179,2.81564,4.92737,1.81006,0.502793,3.44194,3.82007,
팻 딘,Patrick Michael Dean,11350,AAA,2016,Twins (AAA),0,16,16,87.1,5.56489,5.04962,1.95802,1.03053,4.25702,4.24529,
팻 딘,Patrick Michael Dean,11350,MLB,2016,Twins,0,19,9,67.1,6.28218,6.68317,3.07426,1.73762,5.19607,4.71457,0.0909355
닉 애디튼,Nick Additon,sa393067,R,2007,Cardinals (R),0,14,9,52.2,3.75949,10.424,1.87975,1.02532,3.73247,3.35484,
닉 애디튼,Nick Additon,sa393067,A-,2007,Cardinals (A-),0,3,0,5.1,0,8.4375,1.6875,0,2.16636,3.10137,
닉 애디튼,Nick Additon,sa393067,A,2008,Cardinals (A),0,25,19,119,2.4958,8.16807,2.64706,0.907563,3.78779,3.65314,
닉 애디튼,Nick Additon,sa393067,A+,2008,Cardinals (A+),0,3,3,18,0.5,6.5,2.5,0.5,3.47918,4.03694,
닉 애디튼,Nick Additon,sa393067,A+,2009,Cardinals (A+),0,19,15,79.1,3.06303,7.4874,4.19748,0.113445,3.27049,4.0224,
닉 애디튼,Nick Additon,sa393067,AA,2009,Cardinals (AA),0,8,8,48,3.1875,4.875,3.9375,0.9375,4.98124,5.15408,
닉 애디튼,Nick Additon,sa393067,AA,2010,Cardinals (AA),0,28,27,150.1,4.43015,6.5255,3.17295,1.31707,4.90324,4.37588,
닉 애디튼,Nick Additon,sa393067,AA,2011,Cardinals (AA),0,10,10,61.1,2.93478,7.04348,2.20109,1.17391,4.43741,4.68822,
닉 애디튼,Nick Additon,sa393067,AAA,2011,Cardinals (AAA),0,18,16,96.2,4.56207,7.44828,3.72414,1.30345,5.28332,5.42906,
닉 애디튼,Nick Additon,sa393067,R,2012,Cardinals (R),0,2,2,6,0,10.5,0,0,1.10042,1.66102,
닉 애디튼,Nick Additon,sa393067,AAA,2012,Cardinals (AAA),0,16,16,87,4.55172,8.37931,4.24138,1.03448,4.85171,5.28729,
닉 애디튼,Nick Additon,sa393067,AAA,2013,Cardinals (AAA),0,24,21,131.2,4.10127,7.99747,2.59747,1.02532,4.20774,4.27332,
닉 애디튼,Nick Additon,sa393067,AA,2014,Orioles (AA),0,5,5,29.1,2.45455,7.67046,2.76136,0.306818,3.11609,3.68097,
닉 애디튼,Nick Additon,sa393067,AAA,2014,Orioles (AAA),0,27,9,89.2,4.31599,6.72491,3.9145,0.501859,4.06028,4.63223,
닉 애디튼,Nick Additon,sa393067,AA,2015,Orioles (AA),0,6,6,36.1,2.97248,6.19266,1.98165,0.495413,3.35122,3.83542,
닉 애디튼,Nick Additon,sa393067,AAA,2015,Brewers (AAA),0,21,11,74.1,5.32735,6.29596,3.26906,0.484305,4.19131,4.99068,
닉 애디튼,Nick Additon,sa393067,AAA,2016,Orioles (AAA),0,16,13,80.1,3.80913,5.60166,2.57676,0.784232,3.95346,4.30775,
제프 맨쉽,Jeff Manship,6865,R,2006,Twins (R),0,2,0,5.2,0,15.8823,1.58823,0,0.401499,,
제프 맨쉽,Jeff Manship,6865,A+,2006,Twins (A+),0,4,3,8.2,2.07692,12.4615,2.07692,0,1.13305,,
제프 맨쉽,Jeff Manship,6865,A,2007,Twins (A),0,13,13,77.2,1.50644,8.92275,1.04292,0.463519,2.40479,2.38595,
제프 맨쉽,Jeff Manship,6865,A+,2007,Twins (A+),0,13,13,71.1,3.15421,7.44393,3.15421,0.630841,3.72078,3.68578,
제프 맨쉽,Jeff Manship,6865,A+,2008,Twins (A+),0,13,13,78.2,2.86017,7.20763,2.28814,0,2.51496,3.18749,
제프 맨쉽,Jeff Manship,6865,AA,2008,Twins (AA),0,14,14,76.2,4.46087,7.27826,2.81739,0.939131,4.04195,3.70279,
제프 맨쉽,Jeff Manship,6865,AA,2009,Twins (AA),0,13,13,75.2,4.28194,5.35242,2.37885,0.237885,3.17245,3.68186,
제프 맨쉽,Jeff Manship,6865,AAA,2009,Twins (AAA),0,8,8,50.1,3.21854,5.36424,3.03974,0.178808,3.2886,4.11718,
제프 맨쉽,Jeff Manship,6865,MLB,2009,Twins,0,11,5,31.2,5.6842,5.96841,4.26315,1.13684,4.92866,4.90329,0.0382447
제프 맨쉽,Jeff Manship,6865,AAA,2010,Twins (AAA),0,19,18,98.1,5.12542,7.59661,2.01356,1.18983,4.01769,3.62921,
제프 맨쉽,Jeff Manship,6865,MLB,2010,Twins,0,13,1,29,5.27586,6.51724,1.86207,0.931035,3.59508,3.72417,0.25807
제프 맨쉽,Jeff Manship,6865,R,2011,Twins (R),0,2,2,6,1.5,7.5,0,0,1.75293,2.07285,
제프 맨쉽,Jeff Manship,6865,AAA,2011,Twins (AAA),0,11,3,25,4.32,7.56,1.44,1.44,4.11679,3.24884,
제프 맨쉽,Jeff Manship,6865,MLB,2011,Twins,0,5,0,3.1,8.10008,5.40005,10.8001,0,5.42541,8.81734,-0.0298157
제프 맨쉽,Jeff Manship,6865,AAA,2012,Twins (AAA),0,22,11,80.1,2.91286,5.82573,3.92116,0.560166,4.0203,4.27896,
제프 맨쉽,Jeff Manship,6865,MLB,2012,Twins,0,12,0,21.2,7.8923,4.98461,2.90769,1.66154,5.49445,4.58529,-0.22296
제프 맨쉽,Jeff Manship,6865,AAA,2013,Rockies (AAA),0,24,17,104,4.84615,6.14423,2.76923,0.692308,4.1563,4.36536,
제프 맨쉽,Jeff Manship,6865,MLB,2013,Rockies,0,11,4,30.2,7.04347,5.2826,3.52174,1.76087,5.59133,4.42886,-0.153099
제프 맨쉽,Jeff Manship,6865,R,2014,Phillies (R),0,2,2,3,0,6,3,0,3.17407,3.32113,
제프 맨쉽,Jeff Manship,6865,AAA,2014,Phillies (AAA),0,8,5,25.1,4.61842,7.46053,6.39474,0.355263,4.34452,4.62966,
제프 맨쉽,Jeff Manship,6865,MLB,2014,Phillies,0,20,0,23,6.65217,6.26087,5.47826,0.391304,4.13225,4.91047,0.02348
제프 맨쉽,Jeff Manship,6865,AAA,2015,Indians (AAA),0,23,0,31.2,1.98947,8.81053,2.55789,0.852632,3.28334,2.80423,
제프 맨쉽,Jeff Manship,6865,MLB,2015,Indians,0,32,0,39.1,0.915255,7.55085,2.28814,0.228814,2.62512,3.34509,0.629646
제프 맨쉽,Jeff Manship,6865,MLB,2016,Indians,0,53,0,43.1,3.11539,7.47693,4.56923,1.45385,5.1081,4.81464,-0.329586
제프 맨쉽,Jeff Manship,6865,MLB,2016,Indians,1,3,0,2.1,0,7.7143,3.85715,0,2.71799,5.57334,
돈 로치,Donn Roach,10620,R,2010,Angels (R),0,16,10,53.2,6.03727,9.89441,2.68323,1.00621,4.55314,3.8603,
돈 로치,Donn Roach,10620,A,2011,Angels (A),0,45,0,70.1,3.45498,8.70142,2.55924,0.127962,2.59227,2.918,
돈 로치,Donn Roach,10620,A+,2012,Padres (A+),1,8,7,46.2,1.73571,8.48571,2.12143,0.192857,3.17131,3.56697,
돈 로치,Donn Roach,10620,A+,2012,Angels (A+),1,6,6,41.2,2.16,6.264,0.648,0.216,3.02217,3.20391,
돈 로치,Donn Roach,10620,AA,2012,Padres (AA),0,4,3,17,1.58824,2.64706,4.23529,0,4.28011,5.01091,
돈 로치,Donn Roach,10620,AA,2013,Padres (AA),0,28,28,142.2,3.53271,4.85748,2.52336,0.441589,3.56103,3.75253,
돈 로치,Donn Roach,10620,AAA,2014,Padres (AAA),0,19,13,77.1,5.23707,5.12069,4.65517,0.232759,4.72193,5.25334,
돈 로치,Donn Roach,10620,MLB,2014,Padres,0,16,1,30.1,4.74726,5.04396,4.45055,0.593407,4.74764,4.66467,-0.334268
돈 로치,Donn Roach,10620,AAA,2015,Reds (AAA),1,7,7,42,6,3.85714,1.5,0.428571,3.49036,3.62776,
돈 로치,Donn Roach,10620,AAA,2015,Cubs (AAA),1,15,15,89,2.32584,3.33708,1.61798,0.606742,4.37467,4.24941,
돈 로치,Donn Roach,10620,AAA,2015,Blue Jays (AAA),1,3,1,12,1.5,1.5,2.25,0,3.57369,4.01495,
돈 로치,Donn Roach,10620,MLB,2015,Cubs,0,1,1,3.1,10.8001,2.70003,2.70003,0,3.4336,4.31901,0.0503672
돈 로치,Donn Roach,10620,AAA,2016,Mariners (AAA),1,22,17,108,4.08333,5.16667,1.58333,0.583333,4.05421,4.24793,
돈 로치,Donn Roach,10620,AAA,2016,Tigers (AAA),1,5,5,29.2,3.03371,6.37079,1.51685,0.303371,2.79845,2.93041,
돈 로치,Donn Roach,10620,MLB,2016,Mariners,0,4,0,5.1,8.43755,3.37502,3.37502,1.68751,6.52158,5.02097,-0.140254
스캇 다이아몬드,Scott Michael Diamond,5089,A,2008,Braves (A),0,9,9,52.2,3.07595,6.49367,1.87975,0.341772,3.28638,3.85383,
스캇 다이아몬드,Scott Michael Diamond,5089,A+,2008,Braves (A+),0,17,15,100,2.79,7.65,2.52,0.54,3.48443,3.56588,
스캇 다이아몬드,Scott Michael Diamond,5089,AA,2009,Braves (AA),0,23,23,131,3.50382,7.62595,3.64122,0.343511,3.14969,3.42538,
스캇 다이아몬드,Scott Michael Diamond,5089,AA,2010,Braves (AA),0,17,17,102.1,3.51792,7.91531,3.42997,0.351792,3.3132,3.56158,
스캇 다이아몬드,Scott Michael Diamond,5089,AAA,2010,Braves (AAA),0,10,10,56.1,3.35503,5.27219,2.39645,0.319527,3.39699,4.02184,
스캇 다이아몬드,Scott Michael Diamond,5089,AAA,2011,Twins (AAA),0,23,23,123,5.56098,6.58537,2.63415,0.804878,3.83841,3.83177,
스캇 다이아몬드,Scott Michael Diamond,5089,MLB,2011,Twins,0,7,7,39,5.07692,4.38462,3.92308,0.692308,4.35872,4.87267,0.323468
스캇 다이아몬드,Scott Michael Diamond,5089,AAA,2012,Twins (AAA),0,6,6,34.2,2.59615,6.75,1.81731,0.259615,2.72868,3.43624,
스캇 다이아몬드,Scott Michael Diamond,5089,MLB,2012,Twins,0,27,27,173,3.53757,4.68208,1.61272,0.884393,3.93838,3.92549,2.39436
스캇 다이아몬드,Scott Michael Diamond,5089,A+,2013,Twins (A+),0,1,1,5,7.2,5.4,0,1.8,4.64095,2.7366,
스캇 다이아몬드,Scott Michael Diamond,5089,AAA,2013,Twins (AAA),0,6,6,41,2.41463,4.17073,1.97561,0.878049,4.2049,4.18438,
스캇 다이아몬드,Scott Michael Diamond,5089,MLB,2013,Twins,0,24,24,131,5.42748,3.57252,2.47328,1.44275,5.18526,4.7073,0.067694
스캇 다이아몬드,Scott Michael Diamond,5089,AAA,2014,Reds (AAA),1,9,7,43.1,6.64615,3.94615,2.07692,1.03846,4.67306,4.52648,
스캇 다이아몬드,Scott Michael Diamond,5089,AAA,2014,Twins (AAA),1,17,15,80,6.525,5.2875,2.475,1.125,4.67018,4.38498,
스캇 다이아몬드,Scott Michael Diamond,5089,AAA,2015,Rays (AAA),0,28,25,150.1,3.71175,5.44789,1.55654,0.77827,3.64927,3.33522,
스캇 다이아몬드,Scott Michael Diamond,5089,AAA,2016,Blue Jays (AAA),0,28,28,166,4.5,5.42169,1.73494,0.596386,3.49453,3.56926,
스캇 다이아몬드,Scott Michael Diamond,5089,MLB,2016,Blue Jays,0,1,0,1,27,0,18,0,9.14656,12.4778,-0.0285627
션 오설리반,Sean Daniel O'Sullivan,9137,R,2006,Angels (R),0,14,14,71.1,2.14486,6.93925,0.883178,0.252336,3.0147,,
션 오설리반,Sean Daniel O'Sullivan,9137,A,2007,Angels (A),0,25,25,158.1,2.21684,7.10526,2.27368,0.341053,3.17393,3.50499,
션 오설리반,Sean Daniel O'Sullivan,9137,A+,2008,Angels (A+),0,28,25,158,4.72785,6.32278,2.8481,0.455696,4.19327,4.60505,
션 오설리반,Sean Daniel O'Sullivan,9137,AA,2009,Angels (AA),0,3,3,18.2,5.30357,6.75,0,0.482143,2.46934,2.87236,
션 오설리반,Sean Daniel O'Sullivan,9137,AAA,2009,Angels (AAA),0,14,13,69,5.47826,6.26087,2.6087,1.17391,4.77626,4.72333,
션 오설리반,Sean Daniel O'Sullivan,9137,MLB,2009,Angels,0,12,10,51.2,5.92258,5.05161,2.7871,2.09032,5.98095,4.9434,-0.258604
션 오설리반,Sean Daniel O'Sullivan,9137,AAA,2010,Angels (AAA),0,15,15,85,4.76471,6.14118,3.28235,0.847059,4.64143,4.81882,
션 오설리반,Sean Daniel O'Sullivan,9137,MLB,2010,- - -,0,19,14,83.2,5.48605,4.6255,3.33466,1.61355,5.52804,4.97814,-0.220593
션 오설리반,Sean Daniel O'Sullivan,9137,MLB,2010,Angels,1,5,1,13,2.07692,4.15385,2.76923,0.692308,4.07784,4.86273,0.0388284
션 오설리반,Sean Daniel O'Sullivan,9137,MLB,2010,Royals,1,14,13,70.2,6.1132,4.71226,3.43868,1.78302,5.79482,4.99937,-0.259421
션 오설리반,Sean Daniel O'Sullivan,9137,AAA,2011,Royals (AAA),0,14,14,74.2,4.21875,6.62947,1.92857,0.723214,4.15832,4.88197,
션 오설리반,Sean Daniel O'Sullivan,9137,MLB,2011,Royals,0,12,10,58.1,7.25143,2.93143,4.01143,1.54286,6.04253,5.66604,-0.571675
션 오설리반,Sean Daniel O'Sullivan,9137,AAA,2012,Royals (AAA),1,17,5,53.1,6.75,4.3875,3.88125,1.0125,5.56155,5.86285,
션 오설리반,Sean Daniel O'Sullivan,9137,AAA,2012,Blue Jays (AAA),1,14,14,89.1,2.72015,4.43284,2.31716,0.503731,4.35063,4.96928,
션 오설리반,Sean Daniel O'Sullivan,9137,AAA,2013,Padres (AAA),0,20,20,115,3.83478,7.74783,2.42609,0.547826,3.57846,3.85154,
션 오설리반,Sean Daniel O'Sullivan,9137,MLB,2013,Padres,0,7,3,25,3.96,4.32,5.04,0,3.88785,5.63653,0.183393
션 오설리반,Sean Daniel O'Sullivan,9137,AAA,2014,Phillies (AAA),0,25,25,148.2,4.29821,5.69058,3.02691,1.02915,4.64916,4.42771,
션 오설리반,Sean Daniel O'Sullivan,9137,MLB,2014,Phillies,0,3,2,12.2,6.39472,4.97367,1.42105,2.13157,5.57961,4.06188,-0.0939298
션 오설리반,Sean Daniel O'Sullivan,9137,A,2015,Phillies (A),0,1,1,4.1,2.07692,10.3846,2.07692,0,2.56127,3.28229,
션 오설리반,Sean Daniel O'Sullivan,9137,AAA,2015,Phillies (AAA),0,9,9,56.1,3.19527,6.5503,3.0355,0.47929,3.4588,3.89445,
션 오설리반,Sean Daniel O'Sullivan,9137,MLB,2015,Phillies,0,13,13,71,6.08451,4.43662,2.53521,2.02817,6.17585,5.36625,-0.653431
션 오설리반,Sean Daniel O'Sullivan,9137,AAA,2016,Red Sox (AAA),0,19,19,105.1,4.01582,7.26266,2.30696,0.598101,3.41607,3.59594,
션 오설리반,Sean Daniel O'Sullivan,9137,MLB,2016,Red Sox,0,5,4,21.1,6.75001,5.48438,2.53125,1.26563,4.88094,5.16084,0.139824
제이크 브리검,Jake Brigham,2851,R,2006,Rangers (R),0,14,11,58.1,3.70286,8.94857,2.93143,0.771429,4.54076,,
제이크 브리검,Jake Brigham,2851,A-,2007,Rangers (A-),0,15,15,77,3.15584,7.5974,3.97403,1.05195,5.28773,4.76863,
제이크 브리검,Jake Brigham,2851,A,2009,Rangers (A),0,25,17,89.2,5.52045,8.13011,3.81413,1.00372,4.76099,4.10193,
제이크 브리검,Jake Brigham,2851,A,2010,Rangers (A),0,14,13,83,3.36145,7.26506,2.60241,0.542169,3.76978,3.51935,
제이크 브리검,Jake Brigham,2851,A+,2010,Rangers (A+),0,11,10,49.1,6.93243,7.11487,4.74324,0.912162,5.29483,5.48462,
제이크 브리검,Jake Brigham,2851,AA,2011,Rangers (AA),0,35,14,114.1,4.48688,8.97376,4.32945,1.02332,4.40969,4.1666,
제이크 브리검,Jake Brigham,2851,AA,2012,Cubs (AA),1,2,2,3.2,19.6363,7.36363,9.81817,2.45454,8.32595,6.45738,
제이크 브리검,Jake Brigham,2851,AA,2012,Rangers (AA),1,21,21,124,4.28226,8.41935,3.33871,1.37903,4.65914,3.83305,
제이크 브리검,Jake Brigham,2851,AA,2013,Rangers (AA),0,7,0,13.2,0,11.1951,4.60976,0,2.32465,3.36356,
제이크 브리검,Jake Brigham,2851,AAA,2013,Rangers (AAA),0,26,18,113.2,4.5132,6.17595,3.64223,0.554252,4.42314,5.03227,
제이크 브리검,Jake Brigham,2851,A-,2014,Pirates (A-),0,2,2,7,0,11.5714,3.85714,0,2.58413,2.9522,
제이크 브리검,Jake Brigham,2851,AAA,2014,Pirates (AAA),0,18,14,92.1,4.28881,6.8231,2.72924,1.16968,4.73313,4.34681,
제이크 브리검,Jake Brigham,2851,AA,2015,Braves (AA),0,12,12,65,3.04615,6.78462,1.93846,0.138462,2.82667,3.33693,
제이크 브리검,Jake Brigham,2851,AAA,2015,Braves (AAA),0,8,3,26,4.5,6.92308,2.42308,0.346154,3.04164,3.32233,
제이크 브리검,Jake Brigham,2851,MLB,2015,Braves,0,12,0,16.2,8.63998,6.47999,4.31999,0.539999,4.09359,4.46462,-0.0147704
세스 프랭코프,Seth Frankoff,11346,R,2010,Athletics (R),0,8,4,27.2,2.27711,11.3855,4.55422,0,3.29282,3.65811,
세스 프랭코프,Seth Frankoff,11346,A-,2010,Athletics (A-),0,7,7,30,3.3,9.3,3.9,0,2.80096,3.66326,
세스 프랭코프,Seth Frankoff,11346,A-,2011,Athletics (A-),0,14,14,73,2.34247,7.76712,3.32877,0.123288,3.17277,3.62091,
세스 프랭코프,Seth Frankoff,11346,A,2011,Athletics (A),0,5,5,12,11.25,5.25,6.75,0,4.94337,5.84807,
세스 프랭코프,Seth Frankoff,11346,A,2012,Athletics (A),0,36,9,104.1,4.83067,7.24601,3.45048,0.948882,4.49139,4.04515,
세스 프랭코프,Seth Frankoff,11346,A+,2013,Athletics (A+),0,48,0,74.1,2.78475,11.2601,2.78475,0.726457,3.44892,3.45779,
세스 프랭코프,Seth Frankoff,11346,AA,2014,Athletics (AA),0,27,0,33.2,2.40594,12.5644,2.94059,0.80198,2.46667,2.06076,
세스 프랭코프,Seth Frankoff,11346,AAA,2014,Athletics (AAA),0,22,0,30.2,4.40217,6.45652,2.93478,0.880435,4.61342,4.80028,
세스 프랭코프,Seth Frankoff,11346,AA,2015,Athletics (AA),0,38,0,50,3.24,9,2.52,0.9,3.4367,3.00726,
세스 프랭코프,Seth Frankoff,11346,AAA,2015,Athletics (AAA),0,9,0,10.2,5.90625,5.90625,7.59375,1.6875,7.53688,6.03949,
세스 프랭코프,Seth Frankoff,11346,R,2016,Dodgers (R),0,3,0,6,1.5,16.5,1.5,0,0.956602,1.24868,
세스 프랭코프,Seth Frankoff,11346,AA,2016,Dodgers (AA),0,21,9,60.2,4.15385,8.60439,2.22527,0.296703,2.48995,3.02723,
세스 프랭코프,Seth Frankoff,11346,AAA,2016,Dodgers (AAA),0,4,1,7.1,3.68182,4.90909,2.45455,1.22727,5.22088,5.41744,
세스 프랭코프,Seth Frankoff,11346,AAA,2017,Cubs (AAA),0,24,21,116.2,4.39714,9.18,3.62571,1.38857,5.10078,4.29723,
세스 프랭코프,Seth Frankoff,11346,MLB,2017,Cubs,0,1,0,2,9,9,0,4.5,7.65764,3.82585,-0.0764565
팀 아델만,Timothy Max Adleman,10968,A-,2010,Orioles (A-),0,13,13,68,3.44118,8.20588,3.30882,0.794118,4.20779,3.75826,
팀 아델만,Timothy Max Adleman,10968,A,2011,Orioles (A),0,28,9,88.1,6.01132,7.33585,2.44528,1.01887,4.5238,4.11402,
팀 아델만,Timothy Max Adleman,10968,A+,2014,Reds (A+),0,8,0,8,12.375,9,7.875,3.375,9.24266,6.14875,
팀 아델만,Timothy Max Adleman,10968,AA,2014,Reds (AA),0,30,6,79,2.8481,7.86076,2.27848,0.797468,3.42744,3.17585,
팀 아델만,Timothy Max Adleman,10968,AA,2015,Reds (AA),0,27,26,150,2.64,6.78,2.94,0.42,3.42359,3.50943,
팀 아델만,Timothy Max Adleman,10968,R,2016,Reds (R),0,1,1,1.2,0,16.2,10.8,0,4.12327,4.47376,
팀 아델만,Timothy Max Adleman,10968,AAA,2016,Reds (AAA),0,10,10,56.2,2.38235,6.03529,1.58824,0.635294,3.381,3.52675,
팀 아델만,Timothy Max Adleman,10968,MLB,2016,Reds,0,13,13,69.2,4.00478,6.07177,2.58373,1.67943,5.29967,5.14511,0.136841
팀 아델만,Timothy Max Adleman,10968,AAA,2017,Reds (AAA),0,1,1,7,2.57143,7.71429,1.28571,1.28571,3.90897,2.57328,
팀 아델만,Timothy Max Adleman,10968,MLB,2017,Reds,0,30,20,122.1,5.51771,7.94551,3.75204,2.13352,5.87154,5.21808,-0.250734
리살베르토 보니야,Lisalverto Bonilla,11266,R,2009,Phillies (R),0,11,11,70,1.41429,9.77143,2.05714,0.257143,2.48884,2.49065,
리살베르토 보니야,Lisalverto Bonilla,11266,R,2010,Phillies (R),0,6,6,32.1,1.94845,10.5773,1.39175,0.835052,2.85917,2.15725,
리살베르토 보니야,Lisalverto Bonilla,11266,A-,2010,Phillies (A-),0,10,3,26.1,6.49367,6.1519,4.10127,1.70886,6.05478,4.55045,
리살베르토 보니야,Lisalverto Bonilla,11266,A,2011,Phillies (A),0,26,15,106,2.80189,8.06604,2.46226,0.679245,3.59362,3.49741,
리살베르토 보니야,Lisalverto Bonilla,11266,A+,2012,Phillies (A+),0,10,0,13.1,1.35,12.15,2.7,0,1.58969,1.97764,
리살베르토 보니야,Lisalverto Bonilla,11266,AA,2012,Phillies (AA),0,21,0,33,1.63636,12.5455,4.63636,0.272727,2.44333,2.72887,
리살베르토 보니야,Lisalverto Bonilla,11266,AA,2013,Rangers (AA),0,21,0,30.1,0.296703,14.8352,2.67033,0,0.847562,1.35465,
리살베르토 보니야,Lisalverto Bonilla,11266,AAA,2013,Rangers (AAA),0,26,2,43,7.95349,11.7209,5.02326,1.67442,5.1279,3.69267,
리살베르토 보니야,Lisalverto Bonilla,11266,AAA,2014,Rangers (AAA),0,39,6,74.2,4.09821,11.0893,3.01339,1.08482,3.8477,3.63745,
리살베르토 보니야,Lisalverto Bonilla,11266,MLB,2014,Rangers,0,5,3,20.2,3.04838,7.40321,5.2258,0.870966,4.63225,4.57027,0.168393
리살베르토 보니야,Lisalverto Bonilla,11266,AA,2016,Dodgers (AA),0,7,7,37.1,3.375,9.40179,3.13393,0.482143,2.9144,3.12829,
리살베르토 보니야,Lisalverto Bonilla,11266,AAA,2016,Dodgers (AAA),0,24,6,73.2,4.27602,9.65158,3.29864,0.488688,3.42224,3.82723,
리살베르토 보니야,Lisalverto Bonilla,11266,AAA,2017,Reds (AAA),0,18,8,62.2,3.59043,8.4734,3.30319,0.861702,3.8003,3.58467,
리살베르토 보니야,Lisalverto Bonilla,11266,MLB,2017,Reds,0,10,4,36.2,8.09999,6.87272,5.4,1.96363,6.43036,5.53452,-0.373434
타일러 윌슨,Tylor Wilson,12691,R,2011,Orioles (R),0,2,2,3,0,9,3,0,2.4196,3.27272,
타일러 윌슨,Tylor Wilson,12691,A-,2011,Orioles (A-),0,6,6,30,2.1,7.2,1.2,1.2,3.99789,2.90842,
타일러 윌슨,Tylor Wilson,12691,A,2012,Orioles (A),0,6,6,32,5.0625,8.15625,3.09375,1.125,4.51688,3.89567,
타일러 윌슨,Tylor Wilson,12691,A+,2012,Orioles (A+),0,19,19,111,3.48649,9.24324,1.54054,0.972973,3.41249,3.03366,
타일러 윌슨,Tylor Wilson,12691,A+,2013,Orioles (A+),0,11,11,62.1,4.47594,6.93048,3.60963,0.57754,3.89486,3.97391,
타일러 윌슨,Tylor Wilson,12691,AA,2013,Orioles (AA),0,16,16,89.1,3.82836,7.05224,2.21642,1.3097,4.4555,4.15333,
타일러 윌슨,Tylor Wilson,12691,AA,2014,Orioles (AA),0,16,16,96.2,3.72414,8.47241,2.04828,0.931035,3.53059,3.27119,
타일러 윌슨,Tylor Wilson,12691,AAA,2014,Orioles (AAA),0,12,12,70,3.6,8.48571,2.7,1.02857,3.90054,3.44044,
타일러 윌슨,Tylor Wilson,12691,AAA,2015,Orioles (AAA),0,17,17,94.1,3.24382,6.0106,1.71731,0.763251,3.62346,3.31619,
타일러 윌슨,Tylor Wilson,12691,MLB,2015,Orioles,0,9,5,36,3.5,3.25,2.75,0.25,3.77248,4.92804,0.420737
타일러 윌슨,Tylor Wilson,12691,AAA,2016,Orioles (AAA),0,6,6,23.2,4.56338,7.60563,1.14084,0.380282,2.40867,2.70809,
타일러 윌슨,Tylor Wilson,12691,MLB,2016,Orioles,0,24,13,94,5.26596,5.26596,2.29787,1.43617,4.94443,4.78363,0.423109
타일러 윌슨,Tylor Wilson,12691,AAA,2017,Orioles (AAA),0,20,20,114,4.73684,5.36842,2.76316,0.789474,4.39017,4.54127,
타일러 윌슨,Tylor Wilson,12691,MLB,2017,Orioles,0,9,1,15.1,7.04349,5.28262,2.34783,1.76087,5.50547,4.93415,-0.0711731
펠릭스 듀브론트,Felix Antonio Doubront,1478,R,2006,Red Sox (R),0,11,11,53.2,2.51553,6.03727,2.18012,1.00621,4.40771,,
펠릭스 듀브론트,Felix Antonio Doubront,1478,A-,2006,Red Sox (A-),0,2,2,11,4.90909,5.72727,2.45455,0.818182,4.28419,,
펠릭스 듀브론트,Felix Antonio Doubront,1478,A-,2007,Red Sox (A-),0,8,8,35,5.65714,6.42857,2.82857,0.514286,3.90743,3.95838,
펠릭스 듀브론트,Felix Antonio Doubront,1478,A,2007,Red Sox (A),0,11,11,42.1,8.92914,4.67717,3.61417,1.70079,6.23173,5.0977,
펠릭스 듀브론트,Felix Antonio Doubront,1478,A,2008,Red Sox (A),0,23,23,115.1,3.66763,9.20809,1.87283,0.702312,3.24873,3.38511,
펠릭스 듀브론트,Felix Antonio Doubront,1478,A+,2008,Red Sox (A+),0,3,3,14,3.85714,12.8571,2.57143,0.642857,2.71045,3.06366,
펠릭스 듀브론트,Felix Antonio Doubront,1478,AA,2009,Red Sox (AA),0,26,26,121,3.34711,7.5124,3.86777,0.595041,3.8485,4.00044,
펠릭스 듀브론트,Felix Antonio Doubront,1478,AA,2010,Red Sox (AA),0,8,8,43,2.51163,7.95349,3.55814,0,2.92264,4.01611,
펠릭스 듀브론트,Felix Antonio Doubront,1478,AAA,2010,Red Sox (AAA),0,9,8,37,3.16216,8.27027,3.89189,0.243243,3.39012,4.04416,
펠릭스 듀브론트,Felix Antonio Doubront,1478,MLB,2010,Red Sox,0,12,3,25,4.32,8.28,3.6,1.08,4.11784,4.16988,0.219363
펠릭스 듀브론트,Felix Antonio Doubront,1478,A-,2011,Red Sox (A-),0,1,1,2,0,18,0,0,-0.635445,-0.313514,
펠릭스 듀브론트,Felix Antonio Doubront,1478,AA,2011,Red Sox (AA),0,1,1,5,1.8,16.2,0,0,-0.189947,0.39542,
펠릭스 듀브론트,Felix Antonio Doubront,1478,AAA,2011,Red Sox (AAA),0,18,16,70.1,4.22275,7.80569,3.32701,1.27962,4.54484,3.82328,
펠릭스 듀브론트,Felix Antonio Doubront,1478,MLB,2011,Red Sox,0,11,0,10.1,6.09679,5.22582,6.96776,0.870971,5.44475,5.28084,-0.119409
펠릭스 듀브론트,Felix Antonio Doubront,1478,MLB,2012,Red Sox,0,29,29,161,4.86335,9.3354,3.96894,1.34161,4.37396,3.81312,1.19461
펠릭스 듀브론트,Felix Antonio Doubront,1478,MLB,2013,Red Sox,0,29,27,162.1,4.32444,7.70637,3.93635,0.720739,3.78091,4.13686,2.26319
펠릭스 듀브론트,Felix Antonio Doubront,1478,MLB,2013,Red Sox,1,4,0,7,1.28571,5.14286,3.85714,0,3.61928,5.57093,
펠릭스 듀브론트,Felix Antonio Doubront,1478,AA,2014,Cubs (AA),1,1,1,4.1,6.23077,10.3846,6.23077,0,2.95617,4.41052,
펠릭스 듀브론트,Felix Antonio Doubront,1478,AA,2014,Red Sox (AA),1,1,1,4,4.5,4.5,0,0,2.35473,2.35473,
펠릭스 듀브론트,Felix Antonio Doubront,1478,AAA,2014,Red Sox (AAA),1,2,2,9.2,1.86207,12.1034,4.65517,0,2.21975,3.05658,
펠릭스 듀브론트,Felix Antonio Doubront,1478,AAA,2014,Cubs (AAA),1,2,2,10,5.4,9.9,2.7,0,2.70038,3.88442,
펠릭스 듀브론트,Felix Antonio Doubront,1478,MLB,2014,- - -,0,21,14,79.2,5.53557,5.76151,3.72804,1.35565,5.12807,4.82992,-0.248373
펠릭스 듀브론트,Felix Antonio Doubront,1478,MLB,2014,Red Sox,1,17,10,59.1,6.06742,6.52248,3.94382,1.51685,5.28956,4.88999,-0.29885
펠릭스 듀브론트,Felix Antonio Doubront,1478,MLB,2014,Cubs,1,4,4,20.1,3.98361,3.54099,3.09837,0.885247,4.65685,4.65464,0.0504775
펠릭스 듀브론트,Felix Antonio Doubront,1478,AAA,2015,Blue Jays (AAA),0,9,9,48,2.4375,8.0625,3.375,0.1875,2.76119,3.15225,
펠릭스 듀브론트,Felix Antonio Doubront,1478,MLB,2015,- - -,0,16,12,75.1,5.49557,6.69026,3.10619,1.19469,4.44775,4.30877,0.526665
펠릭스 듀브론트,Felix Antonio Doubront,1478,MLB,2015,Blue Jays,1,5,4,22.2,4.7647,5.16176,1.98529,0.397058,3.35418,3.8223,0.402767
펠릭스 듀브론트,Felix Antonio Doubront,1478,MLB,2015,Athletics,1,11,8,52.2,5.81012,7.3481,3.58861,1.53797,4.9184,4.51813,0.123899
펠릭스 듀브론트,Felix Antonio Doubront,1478,AAA,2017,Athletics (AAA),0,29,2,42,3.85714,10.7143,4.07143,1.07143,4.38745,3.90972,
키버스 샘슨,Keyvius Sampson,10039,R,2009,Padres (R),0,2,1,3,3,9,0,0,3.33394,4.24448,
키버스 샘슨,Keyvius Sampson,10039,A-,2009,Padres (A-),0,2,1,5,3.6,9,5.4,0,3.55813,4.06568,
키버스 샘슨,Keyvius Sampson,10039,A-,2010,Padres (A-),0,10,10,43,3.55814,12.1395,3.55814,0.837209,3.30484,2.73253,
키버스 샘슨,Keyvius Sampson,10039,A,2011,Padres (A),0,24,24,118,2.89831,10.9068,3.73729,0.610169,3.21597,3.25465,
키버스 샘슨,Keyvius Sampson,10039,AA,2012,Padres (AA),0,26,25,122.1,5.00273,8.97548,4.19346,0.809264,3.9504,4.04629,
키버스 샘슨,Keyvius Sampson,10039,AA,2013,Padres (AA),0,19,18,103.1,2.26452,9.58065,2.87419,0.783871,3.10474,3.23202,
키버스 샘슨,Keyvius Sampson,10039,AAA,2013,Padres (AAA),0,9,9,38,7.10526,5.92105,6.86842,1.18421,6.33292,6.14512,
키버스 샘슨,Keyvius Sampson,10039,AAA,2014,Padres (AAA),0,38,14,91.2,6.67636,9.22909,6.67636,1.86545,6.66765,5.32219,
키버스 샘슨,Keyvius Sampson,10039,AA,2015,Reds (AA),0,8,8,43.2,1.85496,8.45038,4.94656,0.412214,3.80741,4.00493,
키버스 샘슨,Keyvius Sampson,10039,AAA,2015,Reds (AAA),0,8,7,39,5.07692,7.61538,5.07692,0.230769,3.64421,4.26128,
키버스 샘슨,Keyvius Sampson,10039,MLB,2015,Reds,0,13,12,52.1,6.53504,7.22293,4.47134,1.20382,4.7578,4.96458,0.343668
키버스 샘슨,Keyvius Sampson,10039,AAA,2016,Reds (AAA),0,18,9,62.1,1.87701,8.95187,3.03209,0.433155,2.86442,3.20547,
키버스 샘슨,Keyvius Sampson,10039,MLB,2016,Reds,0,18,2,39.1,4.34746,9.61018,6.17797,2.05932,6.19741,5.34012,-0.240123
키버스 샘슨,Keyvius Sampson,10039,AAA,2017,Diamondbacks (AAA),1,12,9,42.2,6.75,9.70312,6.32812,1.05469,5.19734,4.98239,
키버스 샘슨,Keyvius Sampson,10039,AAA,2017,Marlins (AAA),1,14,6,36.1,4.95413,9.41285,7.43119,0.990826,5.785,5.77795,
제이슨 휠러,Jason Wheeler,13128,A,2012,Twins (A),0,27,27,156.2,3.44681,6.60638,2.47021,0.689362,3.81677,3.75258,
제이슨 휠러,Jason Wheeler,13128,A+,2013,Twins (A+),0,26,26,143.1,3.70465,5.71395,3.64186,1.00465,4.84561,4.37482,
제이슨 휠러,Jason Wheeler,13128,A+,2014,Twins (A+),0,13,13,79,2.50633,6.49367,2.16456,0.227848,3.0366,3.5675,
제이슨 휠러,Jason Wheeler,13128,AA,2014,Twins (AA),0,12,12,74.1,2.78475,6.65919,1.93722,1.08969,4.25607,4.08079,
제이슨 휠러,Jason Wheeler,13128,AAA,2014,Twins (AAA),0,1,1,5,3.6,5.4,3.6,0,3.35768,5.58226,
제이슨 휠러,Jason Wheeler,13128,AA,2015,Twins (AA),0,10,10,59.2,3.92179,7.5419,2.41341,1.05587,4.10806,3.48102,
제이슨 휠러,Jason Wheeler,13128,AAA,2015,Twins (AAA),0,15,15,78,6.57692,4.61538,2.76923,1.26923,5.0801,4.44609,
제이슨 휠러,Jason Wheeler,13128,AA,2016,Twins (AA),0,4,4,24,1.875,8.25,1.125,0,1.9867,2.93725,
제이슨 휠러,Jason Wheeler,13128,AAA,2016,Twins (AAA),0,24,24,145.1,3.52982,6.99771,2.29128,0.805046,3.60272,3.81469,
제이슨 휠러,Jason Wheeler,13128,AA,2017,Dodgers (AA),0,1,0,1,0,0,0,0,3.31467,6.77177,
제이슨 휠러,Jason Wheeler,13128,AAA,2017,Orioles (AAA),1,13,6,41,3.07317,7.2439,2.41463,1.09756,4.26437,4.0738,
제이슨 휠러,Jason Wheeler,13128,AAA,2017,Twins (AAA),1,8,7,44,4.5,7.56818,2.04545,1.02273,3.81481,3.88611,
제이슨 휠러,Jason Wheeler,13128,AAA,2017,Dodgers (AAA),1,3,1,8.2,10.3846,3.11538,2.07692,1.03846,5.22078,6.07753,
제이슨 휠러,Jason Wheeler,13128,MLB,2017,Twins,0,2,0,3,9,0,12,3,11.491,8.93645,-0.124031
데이비드 헤일,David E. Hale,9756,R,2009,Braves (R),0,7,1,16,1.125,6.75,2.8125,0,3.46685,4.05395,
데이비드 헤일,David E. Hale,9756,A,2010,Braves (A),0,28,7,93.2,4.13167,6.62989,4.22776,0.0960854,3.71962,4.38504,
데이비드 헤일,David E. Hale,9756,A+,2011,Braves (A+),0,28,13,101,4.09901,7.66337,2.67327,0.80198,3.87417,3.57401,
데이비드 헤일,David E. Hale,9756,AA,2012,Braves (AA),0,27,27,145.2,3.76888,7.66133,4.13959,0.679634,4.00913,4.01032,
데이비드 헤일,David E. Hale,9756,AAA,2013,Braves (AAA),0,22,20,114.2,3.21802,6.04361,2.82558,0.627907,3.89385,3.98142,
데이비드 헤일,David E. Hale,9756,MLB,2013,Braves,0,2,2,11,0.818182,11.4545,0.818182,0,0.775127,1.27191,0.573386
데이비드 헤일,David E. Hale,9756,MLB,2013,Braves,1,1,0,0.1,0,0,0,0,3.04785,3.04785,
데이비드 헤일,David E. Hale,9756,MLB,2014,Braves,0,45,6,87.1,3.29771,4.53435,4.01909,0.515267,4.31164,4.61463,-0.0257822
데이비드 헤일,David E. Hale,9756,A+,2015,Rockies (A+),0,1,1,2.1,0,11.5714,3.85715,0,2.49302,2.49302,
데이비드 헤일,David E. Hale,9756,AAA,2015,Rockies (AAA),0,11,11,50,6.66,6.66,3.78,0.72,4.53939,4.4576,
데이비드 헤일,David E. Hale,9756,MLB,2015,Rockies,0,17,12,78.1,6.08936,7.00851,2.29787,1.60851,4.74211,4.01996,0.386426
데이비드 헤일,David E. Hale,9756,AAA,2016,Orioles (AAA),1,20,20,94,5.84043,5.3617,2.20213,0.957447,4.15859,3.82155,
데이비드 헤일,David E. Hale,9756,AAA,2016,Rockies (AAA),1,2,2,6,1.5,10.5,3,0,2.38755,3.39042,
데이비드 헤일,David E. Hale,9756,MLB,2016,Rockies,0,2,0,2,13.5,4.5,9,4.5,11.6466,8.47776,-0.093739
데이비드 헤일,David E. Hale,9756,AA,2017,Dodgers (AA),0,6,5,29,3.72414,6.51724,2.17241,0.931035,4.14226,3.91006,
데이비드 헤일,David E. Hale,9756,AAA,2017,Dodgers (AAA),0,9,9,52.2,4.27215,6.66456,1.1962,0.683544,3.68281,4.42772,
로건 베렛,Scott Logan Verrett,12905,A,2012,Mets (A),0,11,11,64.2,3.06186,9.32474,1.25258,0.974227,3.47113,2.95801,
로건 베렛,Scott Logan Verrett,12905,A+,2012,Mets (A+),0,6,6,38.2,2.09483,6.05172,0.931034,0.931034,3.70004,3.44451,
로건 베렛,Scott Logan Verrett,12905,AA,2013,Mets (AA),0,24,24,146,4.25342,8.13699,1.91096,1.29452,4.08517,3.30705,
로건 베렛,Scott Logan Verrett,12905,AAA,2014,Mets (AAA),0,28,28,162,4.33333,6.61111,1.88889,0.944444,4.3547,4.41167,
로건 베렛,Scott Logan Verrett,12905,AAA,2015,Mets (AAA),0,18,11,64.2,4.59278,7.37629,2.64433,0.835052,4.09423,4.04245,
로건 베렛,Scott Logan Verrett,12905,MLB,2015,- - -,0,18,4,47.2,3.58741,7.36363,2.83217,1.13287,4.20352,4.14603,0.143118
로건 베렛,Scott Logan Verrett,12905,MLB,2015,Rangers,1,4,0,9,6,3,4,1,5.2447,4.94801,-0.0724382
로건 베렛,Scott Logan Verrett,12905,MLB,2015,Mets,1,14,4,38.2,3.02586,8.3793,2.56034,1.16379,3.96118,3.95936,0.215556
로건 베렛,Scott Logan Verrett,12905,AAA,2016,Mets (AAA),0,2,2,12,1.5,3.75,6,0.75,5.97088,6.49215,
로건 베렛,Scott Logan Verrett,12905,MLB,2016,Mets,0,35,12,91.2,5.20363,6.48,4.22182,1.57091,5.51383,4.97091,-0.736948
로건 베렛,Scott Logan Verrett,12905,AAA,2017,Orioles (AAA),0,40,2,60,5.1,7.35,3.3,1.35,4.9542,4.38317,
로건 베렛,Scott Logan Verrett,12905,MLB,2017,Orioles,0,4,0,10.2,4.21874,7.59373,2.53124,2.53124,6.53263,5.37783,-0.236446
왕웨이중,Wei-Chung Wang,14382,R,2013,Pirates (R),0,12,11,47.1,3.23239,7.98592,0.760563,0.380282,2.55163,2.44252,
왕웨이중,Wei-Chung Wang,14382,R,2014,Brewers (R),0,2,2,3.2,0,7.36363,0,0,2.3922,2.91306,
왕웨이중,Wei-Chung Wang,14382,A,2014,Brewers (A),0,3,3,13.2,3.29268,6.58536,2.63415,0,2.89953,3.97073,
왕웨이중,Wei-Chung Wang,14382,A+,2014,Brewers (A+),0,2,1,9.2,1.86207,8.37931,0,0,1.52896,2.326,
왕웨이중,Wei-Chung Wang,14382,MLB,2014,Brewers,0,14,0,17.1,10.9039,6.75001,4.15385,3.11539,7.68995,5.2578,-0.42394
왕웨이중,Wei-Chung Wang,14382,A+,2015,Brewers (A+),0,25,25,139.2,3.54415,5.86396,2.51313,0.579952,3.58061,3.40702,
왕웨이중,Wei-Chung Wang,14382,AAA,2015,Brewers (AAA),0,1,1,6,0,7.5,0,0,1.93272,2.11842,
왕웨이중,Wei-Chung Wang,14382,AA,2016,Brewers (AA),0,19,19,107.1,3.52174,7.63043,2.76708,0.586957,3.42252,3.384,
왕웨이중,Wei-Chung Wang,14382,AAA,2016,Brewers (AAA),0,5,5,26,4.84615,7.96154,0.692308,0.692308,3.18242,3.66359,
왕웨이중,Wei-Chung Wang,14382,AAA,2017,Brewers (AAA),0,47,0,57,2.05263,7.57895,1.89474,0.947368,4.03657,4.0776,
왕웨이중,Wei-Chung Wang,14382,MLB,2017,Brewers,0,8,0,1.1,13.5003,13.5003,0,6.75017,9.90781,2.82584,-0.0472434
앙헬 산체스,Angel Luis Sanchez,11776,A,2011,Dodgers (A),0,20,16,99,2.81818,7.63636,3.54545,0.454545,3.62267,3.7759,
앙헬 산체스,Angel Luis Sanchez,11776,A+,2012,Dodgers (A+),0,27,23,130,6.57692,7.13077,3.53077,1.8,6.12186,5.07645,
앙헬 산체스,Angel Luis Sanchez,11776,A,2013,Dodgers (A),0,14,14,72,4.875,8.75,3.5,0.75,3.72695,3.60921,
앙헬 산체스,Angel Luis Sanchez,11776,A+,2013,Marlins (A+),1,10,10,50.1,3.21854,7.50993,3.75497,0.89404,4.17473,3.71259,
앙헬 산체스,Angel Luis Sanchez,11776,A+,2013,Dodgers (A+),1,2,1,9,3,12,2,0,1.77179,3.09602,
앙헬 산체스,Angel Luis Sanchez,11776,A+,2014,White Sox (A+),0,2,2,12.2,4.26316,6.39474,2.13158,0.710526,4.07017,3.59683,
앙헬 산체스,Angel Luis Sanchez,11776,AA,2014,Pirates (AA),1,6,5,33.1,4.32,5.67,2.7,1.35,4.94473,4.16798,
앙헬 산체스,Angel Luis Sanchez,11776,AA,2014,Rays (AA),1,2,2,9,8,6,2,2,5.40916,3.72068,
앙헬 산체스,Angel Luis Sanchez,11776,AA,2014,Marlins (AA),1,12,12,52.1,6.87898,5.15924,3.09554,0.343949,3.74108,4.34528,
앙헬 산체스,Angel Luis Sanchez,11776,AA,2014,White Sox (AA),1,3,3,15,6.6,5.4,3,1.2,4.72027,3.88725,
앙헬 산체스,Angel Luis Sanchez,11776,AA,2015,Pirates (AA),0,13,13,77.1,2.7931,5.70259,2.21121,0.465517,3.48848,3.64148,
앙헬 산체스,Angel Luis Sanchez,11776,AAA,2015,Pirates (AAA),0,10,10,60,2.55,7.5,2.25,0.9,3.69036,3.25817,
앙헬 산체스,Angel Luis Sanchez,11776,AAA,2017,Pirates (AAA),0,39,0,55.1,3.74096,10.5723,2.43976,0.650602,2.79537,2.86711,
앙헬 산체스,Angel Luis Sanchez,11776,MLB,2017,Pirates,0,8,0,12.1,8.75678,7.29732,0.729732,3.64866,7.04954,4.23113,-0.254284
덱 맥과이어,William Deck McGuire,11596,A+,2011,Blue Jays (A+),0,19,18,104.2,2.75159,8.7707,3.26752,0.773885,3.81822,3.78181,
덱 맥과이어,William Deck McGuire,11596,AA,2011,Blue Jays (AA),0,4,3,20.2,4.35484,9.58064,3.04839,1.74194,4.95844,3.43366,
덱 맥과이어,William Deck McGuire,11596,AA,2012,Blue Jays (AA),0,28,28,144,5.875,6.0625,3.875,1.375,5.25646,4.68593,
덱 맥과이어,William Deck McGuire,11596,AA,2013,Blue Jays (AA),0,27,26,157.1,4.86229,8.18008,3.375,0.686441,3.6999,4.0469,
덱 맥과이어,William Deck McGuire,11596,AA,2014,Blue Jays (AA),0,10,10,60.1,2.98343,7.01105,2.53591,0.447514,3.4376,4.13503,
덱 맥과이어,William Deck McGuire,11596,AAA,2014,Athletics (AAA),1,7,6,34.2,8.04808,4.15385,4.15385,1.29808,6.03692,6.05941,
덱 맥과이어,William Deck McGuire,11596,AAA,2014,Blue Jays (AAA),1,10,10,55,5.56364,6.21818,3.76364,1.96364,6.12132,4.64544,
덱 맥과이어,William Deck McGuire,11596,AA,2015,Dodgers (AA),0,18,9,71,3.5493,8.3662,2.40845,0.633803,3.15586,3.45154,
덱 맥과이어,William Deck McGuire,11596,AAA,2015,Dodgers (AAA),0,12,9,65.2,3.83756,7.26396,2.32995,0.822335,4.0867,4.17144,
덱 맥과이어,William Deck McGuire,11596,AA,2016,Cardinals (AA),0,1,1,7,0,10.2857,3.85714,0,2.61082,4.61981,
덱 맥과이어,William Deck McGuire,11596,AAA,2016,Cardinals (AAA),0,26,26,134,5.10448,7.45522,3.35821,1.47761,5.42984,4.84023,
덱 맥과이어,William Deck McGuire,11596,AA,2017,Reds (AA),0,28,27,168,2.78571,9.10714,3.05357,0.696429,3.18452,3.23508,
덱 맥과이어,William Deck McGuire,11596,MLB,2017,Reds,0,6,2,13.2,2.63414,7.24388,1.31707,0.658535,3.15764,5.46033,0.280979
덱 맥과이어,William Deck McGuire,11596,AAA,2018,Rangers (AAA),1,1,0,1.2,26.9999,0,21.6,5.39999,18.7453,15.6408,
덱 맥과이어,William Deck McGuire,11596,AAA,2018,Angels (AAA),1,6,3,11,4.90909,8.18182,4.09091,1.63636,5.92715,5.46066,
덱 맥과이어,William Deck McGuire,11596,AAA,2018,Blue Jays (AAA),1,8,8,44.2,3.22388,8.0597,3.82836,0.604478,3.82561,4.03028,
덱 맥과이어,William Deck McGuire,11596,MLB,2018,- - -,0,21,4,38,6.15789,7.81579,6.15789,2.13158,6.94991,5.73989,-0.683808
덱 맥과이어,William Deck McGuire,11596,MLB,2018,Blue Jays,1,4,0,8.1,6.48003,7.56003,5.40002,2.16001,6.40044,5.46057,-0.111015
덱 맥과이어,William Deck McGuire,11596,MLB,2018,Angels,1,17,4,29.2,6.06741,7.88763,6.37078,2.12359,7.10425,5.81835,-0.572793
저스틴 헤일리,Justin Case Haley,13572,A-,2012,Red Sox (A-),0,13,12,33.1,1.89,8.91,4.32,0.27,3.36253,3.46043,
저스틴 헤일리,Justin Case Haley,13572,A,2013,Red Sox (A),0,26,24,124.2,3.68182,8.95187,5.34225,0.721925,4.31519,4.07105,
저스틴 헤일리,Justin Case Haley,13572,A+,2014,Red Sox (A+),0,19,11,92.2,2.81655,7.18705,2.23381,0.388489,3.42041,3.77471,
저스틴 헤일리,Justin Case Haley,13572,AA,2014,Red Sox (AA),0,6,6,37.2,1.19469,7.88495,3.82301,0.477876,3.72641,3.66924,
저스틴 헤일리,Justin Case Haley,13572,AA,2015,Red Sox (AA),0,27,27,124,5.15323,6.89516,3.62903,0.508065,3.8251,3.87595,
저스틴 헤일리,Justin Case Haley,13572,AA,2016,Red Sox (AA),0,12,12,61.1,2.20109,8.65761,2.78804,0.146739,2.67277,3.61176,
저스틴 헤일리,Justin Case Haley,13572,AAA,2016,Red Sox (AAA),0,15,14,85.1,3.58594,7.06641,2.74219,0.84375,3.80204,3.64873,
저스틴 헤일리,Justin Case Haley,13572,R,2017,Twins (R),0,1,1,1,0,9,0,0,1.42453,1.42453,
저스틴 헤일리,Justin Case Haley,13572,A+,2017,Twins (A+),0,1,1,2,0,9,4.5,0,2.8106,3.22582,
저스틴 헤일리,Justin Case Haley,13572,AAA,2017,Red Sox (AAA),1,7,7,44,2.65909,7.15909,1.43182,1.43182,4.36026,3.64709,
저스틴 헤일리,Justin Case Haley,13572,AAA,2017,Twins (AAA),1,5,4,17.1,3.63462,5.71154,1.55769,1.55769,4.83754,3.78088,
저스틴 헤일리,Justin Case Haley,13572,MLB,2017,Twins,0,10,0,18,6,7,3,1.5,4.93542,4.25109,-0.0492493
저스틴 헤일리,Justin Case Haley,13572,AAA,2018,Red Sox (AAA),0,22,22,113.2,3.80059,8.47214,2.6129,0.791789,3.54421,3.37868,
저스틴 헤일리,Justin Case Haley,13572,MLB,2018,Red Sox,0,4,0,7.2,4.69563,0,3.52172,2.34782,7.72563,7.13489,-0.16574
벤 라이블리,Bennett Lively,14932,R,2013,Reds (R),0,12,12,37,0.72973,11.9189,2.91892,0,2.49441,3.36727,
벤 라이블리,Bennett Lively,14932,A,2013,Reds (A),0,1,1,4,2.25,15.75,2.25,0,0.588061,1.19437,
벤 라이블리,Bennett Lively,14932,A+,2014,Reds (A+),0,13,13,79,2.27848,10.8228,1.82278,0.683544,2.97051,3.35093,
벤 라이블리,Bennett Lively,14932,AA,2014,Reds (AA),0,13,13,72,3.875,9.5,4.5,0.875,4.00638,3.9304,
벤 라이블리,Bennett Lively,14932,AA,2015,Phillies (AA),0,25,25,143.2,4.13457,6.9536,2.81903,0.87703,4.07608,3.77914,
벤 라이블리,Bennett Lively,14932,AA,2016,Phillies (AA),0,9,9,53,1.86792,8.32076,2.54717,0.169811,2.60283,3.67016,
벤 라이블리,Bennett Lively,14932,AAA,2016,Phillies (AAA),0,19,19,117.2,3.05949,6.88385,2.06516,0.764873,3.50918,3.68914,
벤 라이블리,Bennett Lively,14932,AAA,2017,Phillies (AAA),0,16,16,97,3.15464,7.60825,2.04124,0.278351,2.853,3.95618,
벤 라이블리,Bennett Lively,14932,MLB,2017,Phillies,0,15,15,88.2,4.26316,5.27819,2.43609,1.31955,4.97343,5.57513,0.901252
벤 라이블리,Bennett Lively,14932,R,2018,Phillies (R),1,1,1,1,0,18,0,0,-0.342822,-0.342822,
벤 라이블리,Bennett Lively,14932,R,2018,Phillies (R),1,2,0,3,0,12,3,0,1.99051,2.60499,
벤 라이블리,Bennett Lively,14932,AAA,2018,Phillies (AAA),0,11,8,52,2.42308,8.13461,2.59615,0.519231,3.19846,3.5506,
벤 라이블리,Bennett Lively,14932,MLB,2018,- - -,0,10,5,30.1,5.63735,8.01097,4.45054,1.18681,4.87471,5.28394,0.174453
벤 라이블리,Bennett Lively,14932,MLB,2018,Phillies,1,5,5,23.2,6.84506,8.36619,3.80281,1.52112,5.14634,5.18233,0.123611
벤 라이블리,Bennett Lively,14932,MLB,2018,Royals,1,5,0,6.2,1.34999,6.74997,6.74997,0,3.91043,5.64462,0.0508422
케이시 켈리,Casey Patrick Kelly,9174,A,2009,Red Sox (A),0,9,9,48.1,1.11724,7.26207,1.67586,0,2.42329,3.15678,
케이시 켈리,Casey Patrick Kelly,9174,A+,2009,Red Sox (A+),0,8,8,46.2,3.08571,6.75,1.35,0.771428,3.474,3.32338,
케이시 켈리,Casey Patrick Kelly,9174,AA,2010,Red Sox (AA),0,21,21,95,5.30526,7.67368,3.31579,0.947368,4.19608,3.99352,
케이시 켈리,Casey Patrick Kelly,9174,AA,2011,Padres (AA),0,27,27,142.1,3.98361,6.63934,2.90866,0.505855,3.77107,4.14069,
케이시 켈리,Casey Patrick Kelly,9174,R,2012,Padres (R),0,3,3,9,4,7,0,0,3.15348,3.85613,
케이시 켈리,Casey Patrick Kelly,9174,AA,2012,Padres (AA),0,3,3,16.2,3.78,9.72,1.62,0.54,2.62011,2.92435,
케이시 켈리,Casey Patrick Kelly,9174,AAA,2012,Padres (AAA),0,2,2,12,2.25,10.5,0,0,1.58446,2.08061,
케이시 켈리,Casey Patrick Kelly,9174,MLB,2012,Padres,0,6,6,29,6.2069,8.06897,3.10345,1.55172,4.78411,3.85909,-0.0666093
케이시 켈리,Casey Patrick Kelly,9174,A+,2014,Padres (A+),0,2,2,8.1,4.32,9.72,0,0,1.58266,2.72256,
케이시 켈리,Casey Patrick Kelly,9174,AA,2014,Padres (AA),0,2,2,12,0.75,6,0.75,0,2.5368,3.63462,
케이시 켈리,Casey Patrick Kelly,9174,AA,2015,Padres (AA),0,27,14,82,4.93902,6.58537,3.73171,0.768293,4.26012,4.14728,
케이시 켈리,Casey Patrick Kelly,9174,AAA,2015,Padres (AAA),0,4,3,15.2,6.31915,8.04255,2.87234,0,3.15258,3.86377,
케이시 켈리,Casey Patrick Kelly,9174,MLB,2015,Padres,0,3,2,11.1,7.9412,5.55884,2.38236,0.79412,4.10419,4.3894,0.00852809
케이시 켈리,Casey Patrick Kelly,9174,AAA,2016,Braves (AAA),0,15,12,74,3.52703,5.71622,3.40541,0.72973,4.20977,4.17004,
케이시 켈리,Casey Patrick Kelly,9174,MLB,2016,Braves,0,10,1,21.2,5.81538,2.90769,2.90769,0.415384,4.34656,6.28339,0.215235
케이시 켈리,Casey Patrick Kelly,9174,AAA,2017,Cubs (AAA),1,12,11,60,4.65,6.45,3.45,1.35,5.58745,4.81757,
케이시 켈리,Casey Patrick Kelly,9174,AAA,2017,Giants (AAA),1,7,7,41,4.17073,8.56098,3.29268,1.53659,5.20859,4.38396,
케이시 켈리,Casey Patrick Kelly,9174,AAA,2018,Giants (AAA),0,24,24,136,4.76471,7.34559,2.51471,1.25735,4.85562,4.65063,
케이시 켈리,Casey Patrick Kelly,9174,MLB,2018,Giants,0,7,3,23.2,3.04225,6.0845,1.90141,1.14084,4.21677,4.45312,0.149582
조 윌랜드,Joseph Andrew Wieland,6109,R,2008,Rangers (R),0,13,7,43.2,1.44275,8.45038,1.64885,0.412214,3.65819,3.5643,
조 윌랜드,Joseph Andrew Wieland,6109,A,2009,Rangers (A),0,19,18,83,5.31325,7.91566,2.60241,0.759036,3.86401,3.49849,
조 윌랜드,Joseph Andrew Wieland,6109,A,2010,Rangers (A),0,15,15,89,3.33708,7.17978,1.51685,0.404494,3.11228,3.33759,
조 윌랜드,Joseph Andrew Wieland,6109,A+,2010,Rangers (A+),0,11,10,59,5.18644,9.45763,1.52542,0.915254,3.56453,3.83652,
조 윌랜드,Joseph Andrew Wieland,6109,A+,2011,Rangers (A+),0,14,13,85.2,2.10117,10.0856,0.420234,0.735409,2.26174,2.21135,
조 윌랜드,Joseph Andrew Wieland,6109,AA,2011,Padres (AA),1,5,5,26,2.76923,6.23077,2.07692,0,2.91609,4.59476,
조 윌랜드,Joseph Andrew Wieland,6109,AA,2011,Rangers (AA),1,7,7,44,1.22727,7.36364,2.25,0.409091,3.08217,3.92082,
조 윌랜드,Joseph Andrew Wieland,6109,AAA,2012,Padres (AAA),0,2,2,7.2,3.52174,12.913,2.34783,0,1.58084,2.04679,
조 윌랜드,Joseph Andrew Wieland,6109,MLB,2012,Padres,0,5,5,27.2,4.55421,7.80722,2.92771,1.6265,4.79325,4.14207,0.00771937
조 윌랜드,Joseph Andrew Wieland,6109,R,2014,Padres (R),0,3,3,6,3,15,1.5,0,1.19523,1.51353,
조 윌랜드,Joseph Andrew Wieland,6109,AA,2014,Padres (AA),0,2,2,9,2,6,1,1,3.56458,3.2461,
조 윌랜드,Joseph Andrew Wieland,6109,AAA,2014,Padres (AAA),0,4,4,23.2,3.42253,7.60563,1.52113,0.380282,3.06658,3.96259,
조 윌랜드,Joseph Andrew Wieland,6109,MLB,2014,Padres,0,4,2,11.1,7.14708,6.35296,3.9706,2.38236,6.4852,4.89796,-0.295897
조 윌랜드,Joseph Andrew Wieland,6109,AAA,2015,Dodgers (AAA),0,22,21,113.2,4.59238,7.28446,1.97947,0.554252,3.52021,3.94491,
조 윌랜드,Joseph Andrew Wieland,6109,MLB,2015,Dodgers,0,2,2,8.2,8.30766,4.15383,5.19229,2.07692,6.94127,5.64398,-0.153306
조 윌랜드,Joseph Andrew Wieland,6109,AAA,2016,Mariners (AAA),0,26,24,124.1,5.42895,8.54156,2.82306,1.08579,4.45278,4.24919,
조 윌랜드,Joseph Andrew Wieland,6109,MLB,2016,Mariners,0,1,1,5,10.8,5.4,0,1.8,4.54656,3.61216,0.0266395
제이크 톰슨,Jake Thompson,14371,R,2012,Tigers (R),0,7,7,28.1,1.90588,9.84706,3.17647,0.317647,2.86905,2.74941,
제이크 톰슨,Jake Thompson,14371,A,2013,Tigers (A),0,17,16,83.1,3.132,9.828,3.456,0.432,3.32606,3.48783,
제이크 톰슨,Jake Thompson,14371,A+,2014,Tigers (A+),0,16,16,83,3.14458,8.56627,2.71084,0.325301,3.11392,3.53856,
제이크 톰슨,Jake Thompson,14371,AA,2014,Rangers (AA),1,7,6,35.2,3.28037,11.1028,4.54206,0.757009,3.34444,3.04652,
제이크 톰슨,Jake Thompson,14371,AA,2014,Tigers (AA),1,2,2,11,2.45455,5.72727,3.27273,0,3.44564,4.3995,
제이크 톰슨,Jake Thompson,14371,AA,2015,Phillies (AA),1,7,7,45,1.8,6.8,2.4,0.6,3.42421,3.33598,
제이크 톰슨,Jake Thompson,14371,AA,2015,Rangers (AA),1,17,17,87.2,4.72243,8.00761,3.07985,0.718631,3.82142,3.70376,
제이크 톰슨,Jake Thompson,14371,AAA,2016,Phillies (AAA),0,21,21,129.2,2.49871,6.03856,2.56812,0.694087,3.82476,3.89839,
제이크 톰슨,Jake Thompson,14371,MLB,2016,Phillies,0,10,10,53.2,5.70186,5.36646,4.69565,1.67702,6.16519,5.63603,-0.351168
제이크 톰슨,Jake Thompson,14371,AAA,2017,Phillies (AAA),0,22,22,118.1,5.24789,6.84507,3.57465,0.912676,4.40233,4.57495,
제이크 톰슨,Jake Thompson,14371,MLB,2017,Phillies,0,11,8,46.1,3.88489,6.79857,4.27338,1.7482,5.92023,5.54498,-0.0827922
제이크 톰슨,Jake Thompson,14371,AAA,2018,Brewers (AAA),1,5,0,5.1,1.6875,10.125,5.0625,0,3.74533,4.72355,
제이크 톰슨,Jake Thompson,14371,AAA,2018,Phillies (AAA),1,28,4,47,4.59574,9.38298,4.97872,0.957447,4.41818,3.91317,
제이크 톰슨,Jake Thompson,14371,MLB,2018,Phillies,0,9,0,16.1,4.95919,7.7143,6.06124,0.551022,4.26247,5.18559,-0.0087187
브록 다익손,Brock D. Dykxhoorn,sa658513,R,2014,Astros (R),0,12,4,31.1,4.30851,10.3404,2.29787,0.574468,2.86626,2.96121,
브록 다익손,Brock D. Dykxhoorn,sa658513,A,2015,Astros (A),0,22,18,109,3.88073,7.76147,2.14679,0.66055,3.42259,3.30274,
브록 다익손,Brock D. Dykxhoorn,sa658513,A+,2016,Astros (A+),0,24,21,123.2,5.02156,6.62264,2.25606,1.5283,5.34798,4.80095,
브록 다익손,Brock D. Dykxhoorn,sa658513,AA,2017,Astros (AA),0,25,16,99.1,4.62081,7.61074,3.62416,0.815436,4.16031,4.45578,
브록 다익손,Brock D. Dykxhoorn,sa658513,AA,2018,Astros (AA),0,11,9,52.2,3.07595,7.86076,3.93038,1.02532,4.61,4.9229,
브록 다익손,Brock D. Dykxhoorn,sa658513,AAA,2018,Astros (AAA),0,14,12,74.1,4.6009,9.56502,1.93722,0.96861,3.74533,4.04824,
워릭 서폴드,Warwick Anthony Saupold,13211,A,2012,Tigers (A),0,28,1,58,2.7931,9,1.55172,0.465517,2.74737,2.88428,
워릭 서폴드,Warwick Anthony Saupold,13211,A+,2012,Tigers (A+),0,7,5,31,3.77419,6.96774,3.19355,0.580645,3.93808,4.00517,
워릭 서폴드,Warwick Anthony Saupold,13211,AA,2013,Tigers (AA),0,22,22,129,3.27907,5.72093,3.55814,0.837209,4.63498,4.42915,
워릭 서폴드,Warwick Anthony Saupold,13211,AA,2014,Tigers (AA),0,27,27,140,5.01429,8.03571,4.17857,1.02857,4.59758,4.04529,
워릭 서폴드,Warwick Anthony Saupold,13211,AA,2015,Tigers (AA),0,23,15,103.1,4.00645,6.18387,3.13548,0.435484,3.65575,3.85538,
워릭 서폴드,Warwick Anthony Saupold,13211,AAA,2015,Tigers (AAA),0,6,3,20.1,4.42623,10.1803,2.65574,0.442623,2.56686,2.62196,
워릭 서폴드,Warwick Anthony Saupold,13211,A+,2016,Tigers (A+),0,2,2,5.2,1.58823,1.58823,6.35294,0,5.01748,5.43617,
워릭 서폴드,Warwick Anthony Saupold,13211,AAA,2016,Tigers (AAA),0,18,11,74.1,2.30045,6.05381,2.66368,0.363229,3.31721,3.60321,
워릭 서폴드,Warwick Anthony Saupold,13211,MLB,2016,Tigers,0,6,0,9.2,7.44825,9.31031,2.79309,0,2.31898,3.5251,0.167951
워릭 서폴드,Warwick Anthony Saupold,13211,AAA,2017,Tigers (AAA),0,7,7,40.1,2.90083,7.36364,3.79339,0.446281,3.68464,4.21653,
워릭 서폴드,Warwick Anthony Saupold,13211,MLB,2017,Tigers,0,45,0,62.2,4.88298,6.31915,4.45213,1.29255,5.39168,5.56839,-0.318789
워릭 서폴드,Warwick Anthony Saupold,13211,AAA,2018,Tigers (AAA),0,15,8,53.1,4.89375,7.25625,2.86875,1.0125,4.36432,3.97642,
워릭 서폴드,Warwick Anthony Saupold,13211,MLB,2018,Tigers,0,31,0,34.1,4.45632,4.19418,3.40777,1.57282,5.81092,5.31897,-0.523624
드류 루친스키,Andrew James Rucinski,12499,R,2011,Indians (R),0,5,0,8.1,4.32,10.8,2.16,0,2.69576,3.19302,
드류 루친스키,Andrew James Rucinski,12499,A-,2011,Indians (A-),0,15,0,25.1,2.84211,10.6579,1.77632,1.06579,3.71982,2.68866,
드류 루친스키,Andrew James Rucinski,12499,A,2011,Indians (A),0,2,0,3.1,0,18.9,8.10001,0,2.76004,3.2611,
드류 루친스키,Andrew James Rucinski,12499,A+,2013,Angels (A+),0,5,5,29,1.86207,6.51724,1.24138,0,2.84075,4.27915,
드류 루친스키,Andrew James Rucinski,12499,AA,2014,Angels (AA),0,26,26,148.2,3.14798,8.47534,2.48206,0.423767,2.79727,3.08492,
드류 루친스키,Andrew James Rucinski,12499,MLB,2014,Angels,0,3,0,7.1,4.90911,9.81823,2.45456,0,2.1777,3.52603,0.096319
드류 루친스키,Andrew James Rucinski,12499,AAA,2015,Angels (AAA),0,22,22,112.1,5.68843,6.97033,3.52522,1.68249,5.7893,4.52943,
드류 루친스키,Andrew James Rucinski,12499,MLB,2015,Angels,0,4,1,7,7.71429,5.14286,7.71429,1.28571,6.84788,6.67722,-0.204668
드류 루친스키,Andrew James Rucinski,12499,AAA,2016,Cubs (AAA),0,28,28,155,5.92258,6.73548,2.49677,0.929032,4.49507,4.81468,
드류 루친스키,Andrew James Rucinski,12499,AAA,2017,Twins (AAA),0,37,2,63,2.57143,8.14286,1.42857,0.428571,2.67087,3.05611,
드류 루친스키,Andrew James Rucinski,12499,MLB,2017,Twins,0,2,0,4.1,10.3847,10.3847,4.15388,4.15388,8.2346,4.28704,-0.0906474
드류 루친스키,Andrew James Rucinski,12499,A+,2018,Marlins (A+),0,2,0,3,0,6,0,0,2.14557,2.4381,
드류 루친스키,Andrew James Rucinski,12499,AAA,2018,Marlins (AAA),0,14,0,25,2.52,7.56,2.16,0,2.90533,3.94876,
드류 루친스키,Andrew James Rucinski,12499,MLB,2018,Marlins,0,32,0,35.1,4.33019,6.87736,3.31132,0.509434,3.81138,4.75831,0.123215
에디 버틀러,Timothy Edward Butler,13453,R,2012,Rockies (R),0,13,12,67.2,2.12808,7.31527,1.72906,0.133005,3.58004,4.19968,
에디 버틀러,Timothy Edward Butler,13453,A,2013,Rockies (A),0,9,9,54.1,1.65644,8.44785,4.1411,0.331288,3.6282,3.51301,
에디 버틀러,Timothy Edward Butler,13453,A+,2013,Rockies (A+),0,13,13,67.2,2.39409,8.91133,2.7931,0.931035,4.15603,3.93843,
에디 버틀러,Timothy Edward Butler,13453,AA,2013,Rockies (AA),0,6,6,27.2,0.650602,8.13253,1.95181,0,2.00816,2.90626,
에디 버틀러,Timothy Edward Butler,13453,A+,2014,Rockies (A+),0,1,1,4,6.75,4.5,4.5,0,4.24266,6.3206,
에디 버틀러,Timothy Edward Butler,13453,AA,2014,Rockies (AA),0,18,18,108,3.58333,5.25,2.66667,0.833333,4.10162,3.91128,
에디 버틀러,Timothy Edward Butler,13453,AAA,2014,Rockies (AAA),0,1,1,5.1,10.125,6.75,5.0625,0,3.88788,5.12125,
에디 버틀러,Timothy Edward Butler,13453,MLB,2014,Rockies,0,3,3,16,6.75,1.6875,3.9375,1.125,5.69475,5.22846,-0.0742766
에디 버틀러,Timothy Edward Butler,13453,AAA,2015,Rockies (AAA),0,11,11,63.1,5.4,5.25789,3.55263,0.852632,4.98886,4.79524,
에디 버틀러,Timothy Edward Butler,13453,MLB,2015,Rockies,0,16,16,79.1,5.89916,4.9916,4.76471,1.47479,5.8941,5.17752,-0.336222
에디 버틀러,Timothy Edward Butler,13453,AAA,2016,Rockies (AAA),0,15,15,89,4.44944,3.53933,2.62921,0.910112,5.12538,5.29818,
에디 버틀러,Timothy Edward Butler,13453,MLB,2016,Rockies,0,17,9,64,7.17188,6.60938,2.95312,1.82812,5.44344,4.46841,-0.030818
에디 버틀러,Timothy Edward Butler,13453,AAA,2017,Cubs (AAA),0,8,8,45.2,2.16788,5.91241,2.36496,0.19708,3.61129,4.84732,
에디 버틀러,Timothy Edward Butler,13453,MLB,2017,Cubs,0,13,11,54.2,3.95122,4.93902,4.60975,0.658536,4.65764,5.59369,0.620043
에디 버틀러,Timothy Edward Butler,13453,AAA,2018,Cubs (AAA),0,5,5,13.1,8.1,6.075,3.375,2.7,7.87033,4.94855,
에디 버틀러,Timothy Edward Butler,13453,MLB,2018,- - -,0,30,0,49.2,5.61745,5.25503,3.44295,1.99329,6.1403,5.02356,-0.780912
에디 버틀러,Timothy Edward Butler,13453,MLB,2018,Cubs,1,8,0,17.2,4.07546,5.60376,3.56603,0.509433,3.83968,4.50614,0.0873471
에디 버틀러,Timothy Edward Butler,13453,MLB,2018,Rangers,1,22,0,32,6.46875,5.0625,3.375,2.8125,7.41043,5.30922,-0.868259
크리스천 프리드릭,Christian Louis Patrick Friedrich,7942,A-,2008,Rockies (A-),0,8,8,36,3.25,12.5,2,0.5,2.23004,2.17648,
크리스천 프리드릭,Christian Louis Patrick Friedrich,7942,A,2008,Rockies (A),0,3,3,12,7.5,11.25,5.25,1.5,4.96887,3.88332,
크리스천 프리드릭,Christian Louis Patrick Friedrich,7942,A,2009,Rockies (A),0,8,8,45.1,2.18382,13.1029,2.97794,0.397059,2.19905,2.18163,
크리스천 프리드릭,Christian Louis Patrick Friedrich,7942,A+,2009,Rockies (A+),0,14,14,74.1,2.5426,11.2601,3.39013,0.363229,3.12575,3.61205,
크리스천 프리드릭,Christian Louis Patrick Friedrich,7942,AA,2010,Rockies (AA),0,18,18,87.1,5.04962,8.03817,3.60687,1.03053,4.22129,3.77947,
크리스천 프리드릭,Christian Louis Patrick Friedrich,7942,AA,2011,Rockies (AA),0,25,25,133.1,4.995,6.9525,2.9025,1.35,4.81762,4.29252,
크리스천 프리드릭,Christian Louis Patrick Friedrich,7942,AAA,2012,Rockies (AAA),0,5,5,30,3,8.1,1.2,0.3,2.80113,3.36009,
크리스천 프리드릭,Christian Louis Patrick Friedrich,7942,MLB,2012,Rockies,0,16,16,84.2,6.16535,7.86614,3.18898,1.48819,4.62988,4.05836,0.830082
크리스천 프리드릭,Christian Louis Patrick Friedrich,7942,AAA,2013,Rockies (AAA),0,4,4,14.2,4.29545,4.90909,4.90909,0.613636,5.00158,5.55675,
크리스천 프리드릭,Christian Louis Patrick Friedrich,7942,AAA,2014,Rockies (AAA),0,27,13,91.1,6.99635,8.17883,3.84307,1.57664,5.5398,4.58762,
크리스천 프리드릭,Christian Louis Patrick Friedrich,7942,MLB,2014,Rockies,0,16,3,24.1,5.91782,9.98631,3.69864,1.10959,3.99527,3.66235,0.242458
크리스천 프리드릭,Christian Louis Patrick Friedrich,7942,MLB,2015,Rockies,0,68,0,58.1,5.24572,6.94286,3.85715,0.771429,4.04217,4.36982,0.245218
크리스천 프리드릭,Christian Louis Patrick Friedrich,7942,A+,2016,Padres (A+),0,2,2,9,2,7,0,1,3.60344,3.56744,
크리스천 프리드릭,Christian Louis Patrick Friedrich,7942,AAA,2016,Padres (AAA),0,2,2,9.2,4.65517,5.58621,3.72414,0.931034,5.37605,5.02718,
크리스천 프리드릭,Christian Louis Patrick Friedrich,7942,MLB,2016,Padres,0,24,23,129.1,4.80155,6.95877,3.61856,0.904639,4.15945,4.74586,1.74983
크리스천 프리드릭,Christian Louis Patrick Friedrich,7942,A+,2017,Padres (A+),0,2,2,7.2,3.52174,8.21739,2.34783,1.17391,4.56593,4.33818,
크리스천 프리드릭,Christian Louis Patrick Friedrich,7942,AA,2017,Padres (AA),0,3,3,8.1,6.48,6.48,5.4,0,4.03467,6.66207,
크리스천 프리드릭,Christian Louis Patrick Friedrich,7942,AAA,2017,Padres (AAA),0,1,1,3,18,12,6,6,11.7208,4.86968,
윌리엄 쿠에바스,William Enrique Cuevas Osorio,13331,R,2009,Red Sox (R),0,18,0,48.1,3.16552,6.70345,2.04828,0.186207,3.01347,3.1837,
윌리엄 쿠에바스,William Enrique Cuevas Osorio,13331,R,2010,Red Sox (R),0,14,6,55,3.10909,6.21818,1.96364,0,2.3723,2.76444,
윌리엄 쿠에바스,William Enrique Cuevas Osorio,13331,R,2011,Red Sox (R),1,3,0,10.2,0,10.125,0.84375,0,1.38865,1.88058,
윌리엄 쿠에바스,William Enrique Cuevas Osorio,13331,R,2011,Red Sox (R),1,11,2,38.2,2.7931,5.81896,2.09483,0.465517,3.57477,3.58081,
윌리엄 쿠에바스,William Enrique Cuevas Osorio,13331,A-,2012,Red Sox (A-),0,15,6,77.1,1.39655,8.37931,1.74569,0.465517,2.72477,2.8001,
윌리엄 쿠에바스,William Enrique Cuevas Osorio,13331,A+,2013,Red Sox (A+),0,26,26,135.1,5.05419,7.24877,2.6601,0.864532,3.9627,4.00636,
윌리엄 쿠에바스,William Enrique Cuevas Osorio,13331,A+,2014,Red Sox (A+),0,24,10,95.2,4.70383,7.52613,3.01045,0.658537,4.082,4.37547,
윌리엄 쿠에바스,William Enrique Cuevas Osorio,13331,AA,2015,Red Sox (AA),0,19,19,95.1,3.3986,8.59091,3.87063,0.377622,3.28963,3.74852,
윌리엄 쿠에바스,William Enrique Cuevas Osorio,13331,AAA,2015,Red Sox (AAA),0,7,7,41,2.63415,8.12195,3.07317,0.658537,3.40093,3.89188,
윌리엄 쿠에바스,William Enrique Cuevas Osorio,13331,AAA,2016,Red Sox (AAA),0,25,18,131,4.19084,5.83969,3.0916,1.23664,4.80282,4.46917,
윌리엄 쿠에바스,William Enrique Cuevas Osorio,13331,MLB,2016,Red Sox,0,3,0,5,3.6,5.4,10.8,0,5.54656,7.54528,-0.0284979
윌리엄 쿠에바스,William Enrique Cuevas Osorio,13331,AAA,2017,Tigers (AAA),1,9,9,44.1,4.06015,6.90226,2.43609,1.01504,4.21724,4.48012,
윌리엄 쿠에바스,William Enrique Cuevas Osorio,13331,AAA,2017,Marlins (AAA),1,15,11,59.2,5.43017,7.08939,4.67598,0.905028,5.11184,5.65311,
윌리엄 쿠에바스,William Enrique Cuevas Osorio,13331,MLB,2017,Tigers,0,1,0,0.1,108.011,27.0027,0,0,6.15794,11.4949,-0.00231516
윌리엄 쿠에바스,William Enrique Cuevas Osorio,13331,AAA,2018,Red Sox (AAA),0,23,23,135.1,3.39163,8.0468,2.52709,1.13054,4.1311,4.03111,
윌리엄 쿠에바스,William Enrique Cuevas Osorio,13331,MLB,2018,Red Sox,0,9,1,17,7.41176,10.5882,5.82353,1.58824,5.74867,4.91186,-0.188921
라울 알칸타라,Raul Alcántara,12790,R,2010,Red Sox (R),0,13,13,60.1,3.28177,5.07182,1.19337,0.149171,2.57611,2.6971,
라울 알칸타라,Raul Alcántara,12790,R,2011,Red Sox (R),0,9,9,48,0.75,6.75,1.125,0,2.4821,3.02863,
라울 알칸타라,Raul Alcántara,12790,A-,2011,Red Sox (A-),0,4,4,17.1,6.23077,7.26923,3.11539,0,2.96071,3.70363,
라울 알칸타라,Raul Alcántara,12790,A,2012,Athletics (A),0,27,17,102.2,5.08442,4.99675,3.33117,1.05195,5.07484,4.48642,
라울 알칸타라,Raul Alcántara,12790,A,2013,Athletics (A),0,13,13,77.1,2.44397,6.75,0.814655,0.349138,2.7691,3.11152,
라울 알칸타라,Raul Alcántara,12790,A+,2013,Athletics (A+),0,14,14,79,3.75949,7.51899,1.93671,0.911392,4.21483,4.43716,
라울 알칸타라,Raul Alcántara,12790,AA,2014,Athletics (AA),0,3,3,19.2,2.28814,4.57627,2.28814,0,3.17098,4.04695,
라울 알칸타라,Raul Alcántara,12790,A+,2015,Athletics (A+),0,15,15,48.2,3.88356,5.36301,1.47945,0.554794,4.00476,4.52166,
라울 알칸타라,Raul Alcántara,12790,AA,2016,Athletics (AA),0,17,17,90,4.8,7.3,2.7,1.1,4.14892,3.61475,
라울 알칸타라,Raul Alcántara,12790,AAA,2016,Athletics (AAA),0,8,8,45.2,1.18248,6.30657,0.591241,0.19708,2.80117,3.8605,
라울 알칸타라,Raul Alcántara,12790,MLB,2016,Athletics,0,5,5,22.1,7.25374,5.6418,1.61194,3.62687,8.20627,5.57773,-0.598509
라울 알칸타라,Raul Alcántara,12790,R,2017,Athletics (R),0,4,2,5.1,0,11.8125,1.6875,0,2.14105,2.70355,
라울 알칸타라,Raul Alcántara,12790,AAA,2017,Athletics (AAA),0,18,3,33.2,2.67327,5.88119,1.87129,0,3.03761,4.73634,
라울 알칸타라,Raul Alcántara,12790,MLB,2017,Athletics,0,8,4,24,7.125,4.5,4.5,1.875,6.74097,5.95968,-0.305128
라울 알칸타라,Raul Alcántara,12790,AAA,2018,Athletics (AAA),0,32,10,83.1,5.292,5.724,1.512,1.08,4.75333,4.66457,
에릭 요키시,Eric Spenser Jokisch,11157,R,2010,Cubs (R),0,1,0,1,0,27,0,0,-1.80357,-1.80357,
에릭 요키시,Eric Spenser Jokisch,11157,A-,2010,Cubs (A-),0,14,7,34.1,7.07767,7.33981,6.02913,1.57282,6.20549,4.7536,
에릭 요키시,Eric Spenser Jokisch,11157,A,2011,Cubs (A),0,25,11,118.2,2.95787,7.8118,2.42697,0.985955,3.93307,3.41674,
에릭 요키시,Eric Spenser Jokisch,11157,AA,2011,Cubs (AA),0,3,3,15.1,4.1087,8.80435,5.28261,0,3.3067,4.5887,
에릭 요키시,Eric Spenser Jokisch,11157,A+,2012,Cubs (A+),0,9,9,54.1,3.47853,8.6135,2.65031,0.662577,3.48172,3.17747,
에릭 요키시,Eric Spenser Jokisch,11157,AA,2012,Cubs (AA),0,18,17,105,2.91429,5.4,2.82857,0.6,3.86795,3.95494,
에릭 요키시,Eric Spenser Jokisch,11157,AA,2013,Cubs (AA),0,27,26,160.2,3.41701,7.67427,3.0249,0.784232,3.40433,3.38048,
에릭 요키시,Eric Spenser Jokisch,11157,AAA,2014,Cubs (AAA),0,26,26,158.1,3.58105,8.12842,1.76211,0.682105,3.54248,3.93652,
에릭 요키시,Eric Spenser Jokisch,11157,MLB,2014,Cubs,0,4,1,14.1,1.88373,6.27908,2.51163,1.88373,5.29505,3.6951,-0.155359
에릭 요키시,Eric Spenser Jokisch,11157,R,2015,Cubs (R),0,3,3,11.1,0.794118,6.35294,2.38235,0,3.19622,3.40781,
에릭 요키시,Eric Spenser Jokisch,11157,AAA,2015,Cubs (AAA),0,14,14,70,4.37143,5.01429,2.95714,0.771429,4.62796,4.54828,
에릭 요키시,Eric Spenser Jokisch,11157,AA,2016,Marlins (AA),0,1,1,4,0,11.25,0,0,1.57003,1.57003,
에릭 요키시,Eric Spenser Jokisch,11157,AAA,2016,Rangers (AAA),1,7,4,24,4.125,5.625,3,0.75,4.55421,4.5239,
에릭 요키시,Eric Spenser Jokisch,11157,AAA,2016,Cubs (AAA),1,1,1,4.1,16.6154,6.23077,4.15385,4.15385,10.4132,6.07951,
에릭 요키시,Eric Spenser Jokisch,11157,AAA,2016,Marlins (AAA),1,18,0,30.2,2.6413,5.57609,4.1087,0.293478,4.37305,5.0087,
에릭 요키시,Eric Spenser Jokisch,11157,AA,2017,Diamondbacks (AA),0,1,1,6,1.5,9,0,1.5,3.27976,2.41341,
에릭 요키시,Eric Spenser Jokisch,11157,AAA,2017,Diamondbacks (AAA),0,28,21,134.2,4.2104,6.08168,2.80693,0.80198,4.48563,4.60126,
에릭 요키시,Eric Spenser Jokisch,11157,AAA,2018,Athletics (AAA),0,26,23,148.2,4.05605,7.32511,2.78475,0.726457,4.15564,4.15034,
크리스 플렉센,Chris Flexen,13896,R,2012,Mets (R),0,7,6,32,5.625,7.3125,3.9375,0.5625,4.19974,4.51663,
크리스 플렉센,Chris Flexen,13896,R,2013,Mets (R),0,11,11,69,2.08696,8.08696,1.56522,0.782609,3.54975,3.06881,
크리스 플렉센,Chris Flexen,13896,A,2014,Mets (A),0,13,13,69,4.82609,6,4.82609,0.652174,4.97763,4.74312,
크리스 플렉센,Chris Flexen,13896,R,2015,Mets (R),0,3,2,6,0,7.5,1.5,0,2.1407,2.36089,
크리스 플렉센,Chris Flexen,13896,A-,2015,Mets (A-),0,3,2,12.1,5.10811,9.48649,5.83784,0,3.59703,3.82835,
크리스 플렉센,Chris Flexen,13896,A,2015,Mets (A),0,6,5,33.2,1.87129,8.82178,1.87129,0,2.14771,2.82055,
크리스 플렉센,Chris Flexen,13896,A+,2016,Mets (A+),0,25,25,134,3.5597,6.3806,3.42537,0.402985,3.69308,3.90774,
크리스 플렉센,Chris Flexen,13896,A+,2017,Mets (A+),0,3,3,12.2,2.13158,9.23684,2.13158,0.710526,2.99481,2.82078,
크리스 플렉센,Chris Flexen,13896,AA,2017,Mets (AA),0,7,7,48.2,1.66438,9.24657,1.29452,0.739726,2.67024,2.40613,
크리스 플렉센,Chris Flexen,13896,MLB,2017,Mets,0,14,9,48,7.875,6.75,6.5625,2.0625,6.94931,6.15659,-0.764838
크리스 플렉센,Chris Flexen,13896,AAA,2018,Mets (AAA),0,18,17,92,4.40217,7.63043,3.03261,1.07609,4.6149,4.40737,
크리스 플렉센,Chris Flexen,13896,MLB,2018,Mets,0,4,1,6.1,12.7895,4.26318,8.52636,2.84212,9.63415,8.39747,-0.304271
크리스 플렉센,Chris Flexen,13896,AAA,2019,Mets (AAA),0,26,14,78.2,4.46186,10.5254,2.40254,1.25847,3.98066,3.87801,
크리스 플렉센,Chris Flexen,13896,MLB,2019,Mets,0,9,1,13.2,6.58535,6.58535,8.56095,0.658535,5.55547,7.80638,-0.0855502
데이비드 뷰캐넌,David Andrew Buchanan,11176,A-,2010,Phillies (A-),0,13,13,62,4.20968,4.35484,3.33871,0.145161,4.02089,4.46849,
데이비드 뷰캐넌,David Andrew Buchanan,11176,A,2011,Phillies (A),0,20,20,125,3.384,6.192,2.304,0.432,3.63958,4.1795,
데이비드 뷰캐넌,David Andrew Buchanan,11176,A+,2011,Phillies (A+),0,6,6,32.1,3.89691,6.68041,3.06186,1.1134,4.6254,3.86658,
데이비드 뷰캐넌,David Andrew Buchanan,11176,AA,2012,Phillies (AA),0,12,12,72.1,3.85714,4.97696,2.86175,0.870968,4.55574,4.26993,
데이비드 뷰캐넌,David Andrew Buchanan,11176,AA,2013,Phillies (AA),0,22,22,130.2,4.82143,5.92347,2.82398,1.03316,4.58,4.21879,
데이비드 뷰캐넌,David Andrew Buchanan,11176,AAA,2013,Phillies (AAA),0,6,6,39,3,5.07692,2.76923,0.461538,3.89721,4.46032,
데이비드 뷰캐넌,David Andrew Buchanan,11176,AAA,2014,Phillies (AAA),0,12,12,57,3.94737,7.26316,3.31579,0.473684,3.69101,4.17763,
데이비드 뷰캐넌,David Andrew Buchanan,11176,MLB,2014,Phillies,0,20,20,117.2,3.74787,5.43059,2.44759,0.917847,4.27106,4.14273,1.02339
데이비드 뷰캐넌,David Andrew Buchanan,11176,R,2015,Phillies (R),0,2,2,9,1,5,0,0,2.19625,2.58771,
데이비드 뷰캐넌,David Andrew Buchanan,11176,AAA,2015,Phillies (AAA),0,10,10,54.2,2.79878,4.93902,3.29268,0.329268,3.85215,4.29673,
데이비드 뷰캐넌,David Andrew Buchanan,11176,MLB,2015,Phillies,0,15,15,74.2,6.99107,5.30357,3.49553,1.44643,5.33002,4.74276,0.0419768
데이비드 뷰캐넌,David Andrew Buchanan,11176,AAA,2016,Phillies (AAA),0,27,26,167.1,3.98008,5.10956,2.15139,0.806773,3.9521,3.85447,
애런 브룩스,Aaron Lee Brooks,12272,R,2011,Royals (R),0,15,13,79.2,3.841,8.24686,0.903766,0.790795,4.00703,3.82724,
애런 브룩스,Aaron Lee Brooks,12272,A,2012,Royals (A),0,27,27,153.2,4.97831,7.0282,1.52278,1.05423,3.89745,3.39107,
애런 브룩스,Aaron Lee Brooks,12272,A+,2013,Royals (A+),0,10,10,56.1,4.47337,6.86982,1.7574,0.639053,3.33165,3.46306,
애런 브룩스,Aaron Lee Brooks,12272,AA,2013,Royals (AA),0,16,16,103.2,4.1672,5.81672,0.954984,1.12862,3.79912,3.607,
애런 브룩스,Aaron Lee Brooks,12272,AAA,2014,Royals (AAA),0,25,23,139,3.88489,6.28058,1.61871,0.906475,4.1752,4.70201,
애런 브룩스,Aaron Lee Brooks,12272,MLB,2014,Royals,0,2,1,2.2,43.8745,6.74992,10.1249,3.37496,12.1321,9.57459,-0.194785
애런 브룩스,Aaron Lee Brooks,12272,AAA,2015,Athletics (AAA),1,2,2,12,2.25,8.25,0,0.75,2.84939,2.88025,
애런 브룩스,Aaron Lee Brooks,12272,AAA,2015,Royals (AAA),1,18,17,106.2,3.7125,7.7625,1.77188,0.759375,3.59001,3.68394,
애런 브룩스,Aaron Lee Brooks,12272,MLB,2015,- - -,0,13,9,55.1,6.66868,6.18073,2.27711,1.46386,4.85046,4.46948,0.0640798
애런 브룩스,Aaron Lee Brooks,12272,MLB,2015,Royals,1,2,0,4.1,6.23082,6.23082,0,0,1.74897,4.47331,0.0594642
애런 브룩스,Aaron Lee Brooks,12272,MLB,2015,Athletics,1,11,9,51,6.70588,6.17647,2.47059,1.58824,5.11399,4.46915,0.00461562
애런 브룩스,Aaron Lee Brooks,12272,AAA,2016,Cubs (AAA),0,5,4,16.1,7.71429,6.61225,2.20408,2.7551,6.96578,4.4598,
애런 브룩스,Aaron Lee Brooks,12272,AAA,2017,Brewers (AAA),1,2,2,7.2,4.69565,2.34783,1.17391,2.34783,6.98165,6.07688,
애런 브룩스,Aaron Lee Brooks,12272,AAA,2017,Cubs (AAA),1,24,24,138,6.19565,6.84783,1.82609,1.76087,5.3947,4.23263,
애런 브룩스,Aaron Lee Brooks,12272,AAA,2018,Brewers (AAA),0,26,15,99.1,3.35235,6.7047,2.53691,0.724832,4.14802,4.34843,
애런 브룩스,Aaron Lee Brooks,12272,MLB,2018,Athletics,0,3,0,2.2,0,3.37496,6.74992,0,4.66041,5.89911,-0.0105772
애런 브룩스,Aaron Lee Brooks,12272,MLB,2019,- - -,0,29,18,110,5.64545,6.70909,2.78182,1.71818,5.40492,5.34631,0.463486
애런 브룩스,Aaron Lee Brooks,12272,MLB,2019,Athletics,1,15,6,50.1,5.00663,7.68875,2.50331,2.1457,5.67759,5.02853,-0.162081
애런 브룩스,Aaron Lee Brooks,12272,MLB,2019,Orioles,1,14,12,59.2,6.18435,5.88268,3.01676,1.35754,5.1749,5.61439,0.625566
드류 가뇽,Andrew M. Drew Gagnon,12545,R,2011,Brewers (R),0,8,7,19,8.05263,12.7895,4.73684,0.473684,4.02002,4.22365,
드류 가뇽,Andrew M. Drew Gagnon,12545,A,2012,Brewers (A),0,14,14,82.2,2.83065,7.07661,2.06855,0.653226,3.52017,3.6297,
드류 가뇽,Andrew M. Drew Gagnon,12545,A+,2012,Brewers (A+),0,11,11,67,2.8209,6.58209,2.41791,0.402985,3.53894,3.96049,
드류 가뇽,Andrew M. Drew Gagnon,12545,A+,2013,Brewers (A+),0,10,10,45.1,5.16177,9.92647,2.97794,0.397059,2.7336,3.11148,
드류 가뇽,Andrew M. Drew Gagnon,12545,AA,2013,Brewers (AA),0,16,16,84,5.57143,6.21429,4.5,1.28571,5.13882,4.44181,
드류 가뇽,Andrew M. Drew Gagnon,12545,AA,2014,Brewers (AA),0,28,28,154.2,3.9569,6.86638,3.60776,1.04741,4.57056,4.22764,
드류 가뇽,Andrew M. Drew Gagnon,12545,AA,2015,Brewers (AA),0,6,1,21,5.57143,7.71429,4.28571,0.857143,4.54169,4.01023,
드류 가뇽,Andrew M. Drew Gagnon,12545,AAA,2015,Brewers (AAA),0,20,18,89.2,6.92565,5.11896,5.21933,1.20446,6.07522,5.85142,
드류 가뇽,Andrew M. Drew Gagnon,12545,AA,2016,Brewers (AA),0,5,1,13.1,0,10.125,2.7,0,1.97003,2.69391,
드류 가뇽,Andrew M. Drew Gagnon,12545,AAA,2016,Brewers (AAA),0,31,4,55,5.56364,7.85455,3.43636,0.654545,4.12088,4.51016,
드류 가뇽,Andrew M. Drew Gagnon,12545,AAA,2017,Angels (AAA),0,31,10,86.1,6.25483,8.65251,4.06564,0.625483,4.19569,4.82212,
드류 가뇽,Andrew M. Drew Gagnon,12545,AA,2018,Mets (AA),0,1,1,6,0,7.5,1.5,0,2.16229,2.90236,
드류 가뇽,Andrew M. Drew Gagnon,12545,AAA,2018,Mets (AAA),0,27,27,157.2,4.5666,9.53277,2.45455,1.3129,4.45569,3.65952,
드류 가뇽,Andrew M. Drew Gagnon,12545,MLB,2018,Mets,0,5,1,12,5.25,6,3.75,1.5,5.74376,5.36635,-0.102202
드류 가뇽,Andrew M. Drew Gagnon,12545,AAA,2019,Mets (AAA),0,15,15,88.2,2.33459,7.30827,1.72556,1.21805,4.50443,4.59575,
드류 가뇽,Andrew M. Drew Gagnon,12545,MLB,2019,Mets,0,18,0,23.2,8.36619,6.46478,2.66197,4.18309,8.96048,6.28027,-1.05162
댄 스트레일리,Dan Straily,9460,A-,2009,Athletics (A-),0,16,11,59,4.11864,10.0678,2.74576,0.762712,3.79203,3.53625,
댄 스트레일리,Dan Straily,9460,A,2010,Athletics (A),0,28,28,148,4.31757,9.06081,3.70946,0.790541,4.14639,3.94265,
댄 스트레일리,Dan Straily,9460,A+,2011,Athletics (A+),0,28,26,160.2,3.86515,8.62656,2.24066,0.560166,3.8514,4.44587,
댄 스트레일리,Dan Straily,9460,AA,2012,Athletics (AA),0,14,14,85.1,3.375,11.3906,2.42578,0.632813,2.64729,2.88471,
댄 스트레일리,Dan Straily,9460,AAA,2012,Athletics (AAA),0,11,11,66.2,2.025,11.07,2.565,0.405,2.6928,3.32237,
댄 스트레일리,Dan Straily,9460,MLB,2012,Athletics,0,7,7,39.1,3.88983,7.32204,3.66102,2.51695,6.47581,5.30389,-0.377259
댄 스트레일리,Dan Straily,9460,AAA,2013,Athletics (AAA),0,5,5,31.2,1.13684,9.37895,2.55789,0.284211,2.74871,3.4978,
댄 스트레일리,Dan Straily,9460,MLB,2013,Athletics,0,27,27,152.1,3.95843,7.32604,3.36762,0.945296,4.04567,4.42007,1.9193
댄 스트레일리,Dan Straily,9460,MLB,2013,Athletics,1,1,1,6,4.5,12,0,1.5,3.04785,2.47503,
댄 스트레일리,Dan Straily,9460,AAA,2014,Athletics (AAA),1,10,10,63,4.71429,9.57143,3.71429,1.28571,4.76387,4.41027,
댄 스트레일리,Dan Straily,9460,AAA,2014,Cubs (AAA),1,10,10,55,4.09091,9.16364,3.27273,1.14545,4.57311,4.90392,
댄 스트레일리,Dan Straily,9460,MLB,2014,- - -,0,14,8,52,6.75,8.13461,4.15385,1.73077,5.32456,4.63096,-0.157331
댄 스트레일리,Dan Straily,9460,MLB,2014,Athletics,1,7,7,38.1,4.93044,7.98262,3.52174,2.11305,5.66269,4.38385,-0.223938
댄 스트레일리,Dan Straily,9460,MLB,2014,Cubs,1,7,1,13.2,11.8536,8.56095,5.92681,0.658535,4.37615,5.32409,0.0666075
댄 스트레일리,Dan Straily,9460,AAA,2015,Astros (AAA),0,22,22,122.2,4.76902,9.09783,1.83424,0.953804,3.6646,3.73111,
댄 스트레일리,Dan Straily,9460,MLB,2015,Astros,0,4,3,16.2,5.39999,7.55998,4.31999,1.08,4.63359,4.8444,0.0521016
댄 스트레일리,Dan Straily,9460,MLB,2016,Reds,0,34,31,191.1,3.76307,7.62021,3.4338,1.45819,4.87653,5.0162,1.23214
댄 스트레일리,Dan Straily,9460,MLB,2017,Marlins,0,33,33,181.2,4.26055,8.42202,2.97248,1.53578,4.57782,4.69967,2.00062
댄 스트레일리,Dan Straily,9460,A+,2018,Marlins (A+),0,2,2,7.2,8.21739,7.04348,3.52174,2.34783,6.4789,4.34674,
댄 스트레일리,Dan Straily,9460,AA,2018,Marlins (AA),0,1,1,5.1,5.0625,10.125,1.6875,3.375,6.55104,3.35922,
댄 스트레일리,Dan Straily,9460,MLB,2018,Marlins,0,23,23,122.1,4.11989,7.28338,3.82561,1.47139,5.11411,4.98691,0.0233336
댄 스트레일리,Dan Straily,9460,AAA,2019,Orioles (AAA),1,6,6,34,2.38235,10.0588,2.11765,1.05882,3.88943,4.18333,
댄 스트레일리,Dan Straily,9460,AAA,2019,Phillies (AAA),1,6,6,33,5.18182,8.18182,2.45455,1.36364,4.59443,4.77954,
댄 스트레일리,Dan Straily,9460,MLB,2019,Orioles,0,14,8,47.2,9.81818,6.23076,4.15384,4.15384,9.33988,7.13746,-1.07925
애드리안 샘슨,Adrian Sampson,13339,A-,2012,Pirates (A-),0,11,9,42.2,2.95312,9.28125,3.58594,0.421875,3.21534,3.1989,
애드리안 샘슨,Adrian Sampson,13339,A+,2013,Pirates (A+),0,25,24,140,5.14286,5.46429,1.41429,1.15714,4.31953,3.53753,
애드리안 샘슨,Adrian Sampson,13339,AA,2014,Pirates (AA),0,24,24,148,2.55405,6.02027,1.82432,0.608108,3.625,3.8745,
애드리안 샘슨,Adrian Sampson,13339,AAA,2014,Pirates (AAA),0,4,4,19,6.15789,4.73684,3.31579,0.473684,4.25242,5.27123,
애드리안 샘슨,Adrian Sampson,13339,AAA,2015,Mariners (AAA),1,7,7,38.1,7.27826,6.57391,1.87826,1.17391,4.46026,3.98538,
애드리안 샘슨,Adrian Sampson,13339,AAA,2015,Pirates (AAA),1,21,21,124.1,3.98123,6.87668,2.0992,0.579089,3.26158,3.32657,
애드리안 샘슨,Adrian Sampson,13339,AAA,2016,Mariners (AAA),0,13,13,80.1,3.24896,6.83403,1.3444,0.560166,3.49681,3.79626,
애드리안 샘슨,Adrian Sampson,13339,MLB,2016,Mariners,0,1,1,4.2,7.71423,3.85712,1.92856,3.85712,8.50367,4.71684,-0.135811
애드리안 샘슨,Adrian Sampson,13339,R,2017,Rangers (R),0,4,4,12.2,4.26316,4.97368,0.710526,0,3.57197,4.10486,
애드리안 샘슨,Adrian Sampson,13339,A+,2017,Rangers (A+),0,2,2,8.2,5.19231,7.26923,1.03846,1.03846,4.31901,4.40987,
애드리안 샘슨,Adrian Sampson,13339,AAA,2017,Rangers (AAA),0,2,2,10,0.9,6.3,0.9,0,2.62078,4.11862,
애드리안 샘슨,Adrian Sampson,13339,AAA,2018,Rangers (AAA),0,33,19,126.2,3.76579,6.03947,1.70526,0.852632,4.34533,4.74068,
애드리안 샘슨,Adrian Sampson,13339,MLB,2018,Rangers,0,5,4,23,4.30435,5.86957,1.56522,2.34783,6.03,4.86478,-0.0134315
애드리안 샘슨,Adrian Sampson,13339,MLB,2019,Rangers,0,35,15,125.1,5.8883,7.25266,2.58511,2.08245,5.68741,5.32995,0.271278
오드리사머 데스파이네,Odrisamer Despaigne,16017,AA,2014,Padres (AA),0,2,2,7.2,1.17391,14.087,5.86956,0,2.33753,3.1306,
오드리사머 데스파이네,Odrisamer Despaigne,16017,AAA,2014,Padres (AAA),0,5,5,23.2,7.60563,11.0282,4.94366,1.14084,4.67221,4.58081,
오드리사머 데스파이네,Odrisamer Despaigne,16017,MLB,2014,Padres,0,16,16,96.1,3.36332,6.07267,2.98962,0.560554,3.74471,4.01274,0.791241
오드리사머 데스파이네,Odrisamer Despaigne,16017,MLB,2015,Padres,0,34,18,125.2,5.80106,4.94164,2.29178,1.21751,4.77285,4.36465,-0.214033
오드리사머 데스파이네,Odrisamer Despaigne,16017,AAA,2016,Orioles (AAA),0,18,17,88.1,3.8717,7.13208,2.75094,0.509434,3.44093,3.54284,
오드리사머 데스파이네,Odrisamer Despaigne,16017,MLB,2016,- - -,0,19,0,30.1,5.93407,5.04396,4.74726,0.890111,4.99272,5.62885,-0.0919711
오드리사머 데스파이네,Odrisamer Despaigne,16017,MLB,2016,Orioles,1,16,0,27.1,5.59757,5.59757,4.93903,0.987806,5.08559,5.54779,-0.0914184
오드리사머 데스파이네,Odrisamer Despaigne,16017,MLB,2016,Marlins,1,3,0,3,9,0,3,0,4.14656,6.36736,-0.00055265
오드리사머 데스파이네,Odrisamer Despaigne,16017,A+,2017,Marlins (A+),0,1,1,4,0,15.75,2.25,0,0.560596,0.768206,
오드리사머 데스파이네,Odrisamer Despaigne,16017,AAA,2017,Marlins (AAA),0,20,10,70,3.08571,6.3,3.08571,0.771429,4.54935,4.71893,
오드리사머 데스파이네,Odrisamer Despaigne,16017,MLB,2017,Marlins,0,18,8,58.1,4.01143,4.78286,3.70286,0.462857,4.15193,5.77039,0.650688
오드리사머 데스파이네,Odrisamer Despaigne,16017,A+,2018,Marlins (A+),0,1,1,1,9,9,9,9,17.4789,6.23407,
오드리사머 데스파이네,Odrisamer Despaigne,16017,AAA,2018,Marlins (AAA),0,13,4,43.1,4.36154,8.30769,2.49231,0,2.86841,4.01217,
오드리사머 데스파이네,Odrisamer Despaigne,16017,MLB,2018,- - -,0,19,5,39,6.69231,8.07692,4.38462,0.923077,4.31428,4.46316,0.150949
오드리사머 데스파이네,Odrisamer Despaigne,16017,MLB,2018,Marlins,1,11,1,20.1,5.31148,7.96723,3.54099,0.442624,3.35715,4.09867,0.201275
오드리사머 데스파이네,Odrisamer Despaigne,16017,MLB,2018,Angels,1,8,4,18.2,8.19641,8.19641,5.30356,1.44643,5.35686,4.8602,-0.0503255
오드리사머 데스파이네,Odrisamer Despaigne,16017,AAA,2019,Reds (AAA),1,8,8,41.1,3.91936,8.70968,3.48387,1.08871,4.56828,4.4514,
오드리사머 데스파이네,Odrisamer Despaigne,16017,AAA,2019,White Sox (AAA),1,16,14,83,3.25301,9.10843,3.03614,0.650602,3.76931,4.1476,
오드리사머 데스파이네,Odrisamer Despaigne,16017,MLB,2019,White Sox,0,3,3,13.1,9.45002,4.72501,4.72501,2.02501,6.88902,7.09702,-0.0989658
닉 킹엄,Nick Kingham,11694,R,2010,Pirates (R),0,2,0,3,0,6,0,0,2.11346,2.50167,
닉 킹엄,Nick Kingham,11694,A-,2011,Pirates (A-),0,15,15,71,2.15493,5.95775,1.90141,0.633803,3.67441,3.61136,
닉 킹엄,Nick Kingham,11694,A,2012,Pirates (A),0,27,27,127,4.3937,8.29134,2.55118,1.06299,4.33528,3.73205,
닉 킹엄,Nick Kingham,11694,A+,2013,Pirates (A+),0,13,13,70,3.08571,9.64286,1.8,0.771429,3.1981,2.80927,
닉 킹엄,Nick Kingham,11694,AA,2013,Pirates (AA),0,14,12,73.1,2.7,8.46818,3.68182,0.122727,2.97035,3.80741,
닉 킹엄,Nick Kingham,11694,AA,2014,Pirates (AA),0,12,12,71,3.04225,6.84507,3.16901,0.380282,3.52374,4.18357,
닉 킹엄,Nick Kingham,11694,AAA,2014,Pirates (AAA),0,14,14,88,3.57955,6.64773,2.76136,0.613636,3.72132,4.04146,
닉 킹엄,Nick Kingham,11694,AAA,2015,Pirates (AAA),0,6,6,31.1,4.30851,9.19149,2.01064,0.861702,3.22086,2.79298,
닉 킹엄,Nick Kingham,11694,R,2016,Pirates (R),0,6,6,24,3,6,0.375,0,2.12309,2.75726,
닉 킹엄,Nick Kingham,11694,A+,2016,Pirates (A+),0,2,2,11,0,8.18182,0.818182,0,1.98005,2.41142,
닉 킹엄,Nick Kingham,11694,AA,2016,Pirates (AA),0,2,2,11,5.72727,8.18182,3.27273,0.818182,3.8121,3.65334,
닉 킹엄,Nick Kingham,11694,A+,2017,Pirates (A+),0,1,1,5,0,0,0,0,3.3106,4.30712,
닉 킹엄,Nick Kingham,11694,AAA,2017,Pirates (AAA),0,20,19,113.1,4.12941,7.38529,2.30294,0.635294,3.59342,3.95335,
닉 킹엄,Nick Kingham,11694,AA,2018,Pirates (AA),0,1,1,5,7.2,7.2,1.8,0,2.32896,3.21705,
닉 킹엄,Nick Kingham,11694,AAA,2018,Pirates (AAA),0,12,12,62.1,3.60963,8.37433,2.31016,0.721925,3.57371,3.83654,
닉 킹엄,Nick Kingham,11694,MLB,2018,Pirates,0,18,15,76,5.21053,8.17105,3.07895,2.13158,5.64727,4.63285,-0.293302
닉 킹엄,Nick Kingham,11694,AAA,2019,Blue Jays (AAA),0,1,1,2,22.5,4.5,9,9,18.6247,10.183,
닉 킹엄,Nick Kingham,11694,MLB,2019,- - -,0,25,4,55.2,7.27544,7.43712,4.04191,1.77844,5.47748,5.33855,-0.221945
닉 킹엄,Nick Kingham,11694,MLB,2019,Pirates,1,14,4,34.2,9.86538,8.30768,4.41346,1.81731,5.46401,5.47853,-0.125059
닉 킹엄,Nick Kingham,11694,MLB,2019,Blue Jays,1,11,0,21,3,6,3.42857,1.71429,5.49972,5.10746,-0.0968862
리카르도 핀토,Ricardo Pinto,16318,R,2012,Phillies (R),0,15,10,69,2.73913,5.08696,2.6087,0.521739,3.74915,3.63194,
리카르도 핀토,Ricardo Pinto,16318,R,2013,Phillies (R),0,14,14,63,2.85714,7.28571,1.71429,0.571429,3.65789,3.74524,
리카르도 핀토,Ricardo Pinto,16318,A-,2014,Phillies (A-),0,9,9,47,2.10638,9.19149,2.87234,0.765957,3.59021,3.22388,
리카르도 핀토,Ricardo Pinto,16318,A,2015,Phillies (A),0,11,11,67,3.08955,8.0597,2.41791,0.537313,3.36494,3.40491,
리카르도 핀토,Ricardo Pinto,16318,A+,2015,Phillies (A+),0,13,13,78.1,2.87234,5.17021,2.18298,0.689362,3.8164,3.50089,
리카르도 핀토,Ricardo Pinto,16318,AA,2016,Phillies (AA),0,27,25,156,4.09615,5.82692,2.94231,1.15385,4.86396,4.44989,
리카르도 핀토,Ricardo Pinto,16318,AAA,2017,Phillies (AAA),0,19,8,60.2,3.85714,6.82418,2.67033,0.593407,3.56831,4.09504,
리카르도 핀토,Ricardo Pinto,16318,MLB,2017,Phillies,0,25,0,29.2,7.88763,7.58426,5.1573,2.12359,6.35988,5.39106,-0.434025
리카르도 핀토,Ricardo Pinto,16318,A+,2018,White Sox (A+),0,3,3,10.2,6.75,6.75,6.75,1.6875,6.54387,5.06119,
리카르도 핀토,Ricardo Pinto,16318,AAA,2018,White Sox (AAA),0,27,3,54.1,5.79755,6.29448,3.64417,1.15951,4.98951,4.41168,
리카르도 핀토,Ricardo Pinto,16318,AA,2019,Rays (AA),0,4,2,18.2,4.82143,7.23214,3.85714,0.964286,4.36971,4.41381,
리카르도 핀토,Ricardo Pinto,16318,AAA,2019,Rays (AAA),0,24,4,104.2,4.12739,8.25478,3.95541,1.54777,5.60244,5.0391,
리카르도 핀토,Ricardo Pinto,16318,MLB,2019,Rays,0,2,0,2.1,15.4288,0,7.7144,3.8572,11.357,7.49053,-0.090961
아리엘 미란다,Ariel Miranda,17526,R,2015,Orioles (R),0,1,1,3,0,18,0,0,-0.692634,-0.399045,
아리엘 미란다,Ariel Miranda,17526,A+,2015,Orioles (A+),0,5,5,22,4.09091,9.81818,3.27273,0.818182,3.48253,3.43038,
아리엘 미란다,Ariel Miranda,17526,AA,2015,Orioles (AA),0,8,8,45,3.6,8.2,3.6,0.2,3.06865,3.92147,
아리엘 미란다,Ariel Miranda,17526,AAA,2016,Orioles (AAA),0,19,19,100.2,3.93378,7.77815,2.77152,0.983444,3.84473,3.73692,
아리엘 미란다,Ariel Miranda,17526,MLB,2016,- - -,0,12,10,58,3.87931,6.82759,2.7931,1.86207,5.25001,5.05875,0.0856666
아리엘 미란다,Ariel Miranda,17526,MLB,2016,Orioles,1,1,0,2,13.5,18,0,0,-0.85344,1.64496,0.08888
아리엘 미란다,Ariel Miranda,17526,MLB,2016,Mariners,1,11,10,56,3.53571,6.42857,2.89286,1.92857,5.46799,5.18068,-0.00321342
아리엘 미란다,Ariel Miranda,17526,MLB,2017,Mariners,0,31,29,160,5.11875,7.70625,3.54375,2.08125,5.72639,5.41058,0.00726774
아리엘 미란다,Ariel Miranda,17526,A+,2018,Mariners (A+),0,1,1,5,1.8,9,3.6,0,2.95801,4.67825,
아리엘 미란다,Ariel Miranda,17526,AAA,2018,Mariners (AAA),0,10,9,45.1,3.97059,7.94118,4.76471,0.595588,4.49533,5.18868,
아리엘 미란다,Ariel Miranda,17526,MLB,2018,Mariners,0,1,1,5,1.8,9,7.2,0,3.56043,4.88172,0.0950801
워커 로켓,Andrew Walker Lockett,13804,R,2012,Padres (R),0,10,3,18.2,4.33928,6.26786,1.92857,0.964286,5.01856,4.26562,
워커 로켓,Andrew Walker Lockett,13804,R,2013,Padres (R),0,3,0,2.1,11.5714,7.7143,7.7143,0,4.86429,5.11166,
워커 로켓,Andrew Walker Lockett,13804,A-,2014,Padres (A-),0,4,2,5.1,21.9375,1.6875,20.25,0,11.3212,12.5842,
워커 로켓,Andrew Walker Lockett,13804,A,2014,Padres (A),0,1,1,5,0,1.8,1.8,0,3.6849,4.33555,
워커 로켓,Andrew Walker Lockett,13804,R,2015,Padres (R),0,3,2,15,5.4,7.8,3.6,1.2,5.01387,3.66421,
워커 로켓,Andrew Walker Lockett,13804,A-,2015,Padres (A-),0,11,11,57.1,2.82558,7.37791,1.56977,0.47093,3.323,3.13703,
워커 로켓,Andrew Walker Lockett,13804,A,2015,Padres (A),0,4,4,14.2,7.97727,6.13636,2.45455,1.22727,4.62234,3.47409,
워커 로켓,Andrew Walker Lockett,13804,A,2016,Padres (A),0,8,8,45,3,5.8,1.6,0,2.78587,3.44624,
워커 로켓,Andrew Walker Lockett,13804,A+,2016,Padres (A+),0,11,10,66.1,2.98492,7.59799,1.62814,0.407035,3.33767,3.62877,
워커 로켓,Andrew Walker Lockett,13804,AA,2016,Padres (AA),0,6,4,34.2,2.07692,6.75,0.519231,0.519231,2.77841,2.73831,
워커 로켓,Andrew Walker Lockett,13804,AAA,2016,Padres (AAA),0,3,3,18,4.5,6,1,1,4.49866,4.32452,
워커 로켓,Andrew Walker Lockett,13804,R,2017,Padres (R),0,4,4,10,5.4,10.8,3.6,0.9,4.60355,3.82855,
워커 로켓,Andrew Walker Lockett,13804,AAA,2017,Padres (AAA),0,10,10,55.1,4.39157,5.36747,2.11446,1.46386,5.45572,5.08847,
워커 로켓,Andrew Walker Lockett,13804,AAA,2018,Padres (AAA),0,23,23,133.1,4.725,7.965,2.2275,1.1475,4.57783,4.29962,
워커 로켓,Andrew Walker Lockett,13804,MLB,2018,Padres,0,4,3,15,9.6,7.2,6,2.4,7.0271,5.10194,-0.319974
워커 로켓,Andrew Walker Lockett,13804,A+,2019,Mets (A+),0,2,2,7,5.14286,7.71429,0,1.28571,3.45073,2.53284,
워커 로켓,Andrew Walker Lockett,13804,AAA,2019,Mets (AAA),0,11,10,59,3.66102,5.94915,1.67797,0.762712,4.06541,4.6943,
워커 로켓,Andrew Walker Lockett,13804,MLB,2019,Mets,0,9,4,22.2,8.33822,6.35293,2.38235,2.38235,6.16989,5.01045,-0.159236
워커 로켓,Andrew Walker Lockett,13804,MLB,2020,- - -,0,7,1,16.1,4.95919,6.06124,2.20409,1.10204,4.53836,5.07157,0.104052
워커 로켓,Andrew Walker Lockett,13804,MLB,2020,Mets,1,2,1,8,5.625,9,3.375,1.125,4.69142,4.9947,0.0720813
워커 로켓,Andrew Walker Lockett,13804,MLB,2020,Mariners,1,5,0,8.1,4.32002,3.24001,1.08,1.08,4.39142,5.14537,0.0319703
앤드류 수아레즈,Andrew Jose Suarez,18300,R,2015,Giants (R),0,3,0,5,1.8,10.8,1.8,0,2.01387,2.10979,
앤드류 수아레즈,Andrew Jose Suarez,18300,A-,2015,Giants (A-),0,5,5,19.1,1.39655,6.98276,0.931035,0.931035,3.70552,2.98363,
앤드류 수아레즈,Andrew Jose Suarez,18300,A+,2015,Giants (A+),0,3,3,15,1.8,9.6,1.2,1.2,3.77874,2.96191,
앤드류 수아레즈,Andrew Jose Suarez,18300,A+,2016,Giants (A+),0,5,5,29.2,2.42697,10.3146,1.51685,0.606741,2.90556,2.88372,
앤드류 수아레즈,Andrew Jose Suarez,18300,AA,2016,Giants (AA),0,19,19,114,3.94737,7.10526,1.89474,0.868421,3.7172,3.35126,
앤드류 수아레즈,Andrew Jose Suarez,18300,AA,2017,Giants (AA),0,11,11,67,2.95522,7.38806,2.01493,0.402985,2.9713,3.50465,
앤드류 수아레즈,Andrew Jose Suarez,18300,AAA,2017,Giants (AAA),0,15,13,88.2,3.55263,8.1203,2.7406,0.710526,3.95762,4.09846,
앤드류 수아레즈,Andrew Jose Suarez,18300,A+,2018,Giants (A+),0,1,1,6.2,1.35,9.45,2.7,0,2.55801,3.66388,
앤드류 수아레즈,Andrew Jose Suarez,18300,AAA,2018,Giants (AAA),0,3,3,16.2,1.08,8.64,3.78,0,3.08533,4.18094,
앤드류 수아레즈,Andrew Jose Suarez,18300,MLB,2018,Giants,0,29,29,160.1,4.49065,7.2973,2.52599,1.29106,4.3018,3.76579,1.1619
앤드류 수아레즈,Andrew Jose Suarez,18300,AAA,2019,Giants (AAA),0,18,15,88,5.72727,5.82955,3.27273,1.125,5.31941,6.06079,
앤드류 수아레즈,Andrew Jose Suarez,18300,MLB,2019,Giants,0,21,2,32.2,5.78571,6.88775,3.85714,1.92857,5.84666,4.94866,-0.338845
앤드류 수아레즈,Andrew Jose Suarez,18300,MLB,2020,Giants,0,6,0,9.2,3.72412,4.65516,5.58619,0.931031,5.36383,6.41272,-0.078551
대니얼 멩덴,Daniel Joseph Mengden,16980,R,2014,Astros (R),0,4,0,6.1,4.26316,15.6316,0,0,0.507398,0.71639,
대니얼 멩덴,Daniel Joseph Mengden,16980,A-,2014,Astros (A-),0,2,1,4.2,1.92857,11.5714,1.92857,0,1.5127,1.92678,
대니얼 멩덴,Daniel Joseph Mengden,16980,A,2015,Astros (A),0,8,6,38.2,1.16379,8.37931,1.86207,0.232759,2.64507,2.9518,
대니얼 멩덴,Daniel Joseph Mengden,16980,A+,2015,Astros (A+),1,10,8,49.2,5.25503,8.69799,3.26174,0.724832,4.10088,4.20723,
대니얼 멩덴,Daniel Joseph Mengden,16980,A+,2015,Athletics (A+),1,8,8,42.1,4.25197,8.71654,2.12598,1.27559,4.53464,3.77461,
대니얼 멩덴,Daniel Joseph Mengden,16980,AA,2016,Athletics (AA),0,4,4,23,0.782609,10.9565,4.69565,0,2.31269,2.97507,
대니얼 멩덴,Daniel Joseph Mengden,16980,AAA,2016,Athletics (AAA),0,13,13,75.1,1.67257,8.00443,2.03097,0.477876,3.42885,3.76098,
대니얼 멩덴,Daniel Joseph Mengden,16980,MLB,2016,Athletics,0,14,14,72,6.5,8.875,4.125,1.125,4.341,4.56667,0.766901
대니얼 멩덴,Daniel Joseph Mengden,16980,R,2017,Athletics (R),0,2,2,5,0,16.2,5.4,0,2.40355,2.55355,
대니얼 멩덴,Daniel Joseph Mengden,16980,AAA,2017,Athletics (AAA),0,9,9,41,4.17073,8.78049,3.95122,1.09756,4.89151,4.46855,
대니얼 멩덴,Daniel Joseph Mengden,16980,MLB,2017,Athletics,0,7,7,43,3.13953,6.06977,1.88372,1.25581,4.25066,4.67056,0.57241
대니얼 멩덴,Daniel Joseph Mengden,16980,AAA,2018,Athletics (AAA),0,9,8,45.1,2.97794,6.75,1.38971,0.397059,3.48062,4.37442,
대니얼 멩덴,Daniel Joseph Mengden,16980,MLB,2018,Athletics,0,22,17,115.2,4.04611,5.6023,2.02305,1.40058,4.69069,4.69527,0.532843
대니얼 멩덴,Daniel Joseph Mengden,16980,AAA,2019,Athletics (AAA),0,13,10,64,4.21875,8.57812,2.8125,1.125,4.54668,4.87394,
대니얼 멩덴,Daniel Joseph Mengden,16980,MLB,2019,Athletics,0,13,9,59.2,4.82681,6.33519,4.07262,1.05587,4.68887,5.7308,0.635105
대니얼 멩덴,Daniel Joseph Mengden,16980,MLB,2020,Athletics,0,4,1,12.1,3.64866,7.29732,5.10812,1.45946,5.62386,6.33,-0.0505254
보 다카하시,Rodrigo Hitoshi Bo Takahashi,sa830370,R,2014,Diamondbacks (R),0,10,4,41,4.39024,7.46341,2.63415,0.219512,3.78466,4.25947,
보 다카하시,Rodrigo Hitoshi Bo Takahashi,sa830370,R,2015,Diamondbacks (R),0,15,15,77.1,4.65517,6.28448,3.49138,0.931035,5.56911,5.63678,
보 다카하시,Rodrigo Hitoshi Bo Takahashi,sa830370,A-,2016,Diamondbacks (A-),0,10,10,50.1,2.50331,7.15232,3.03974,0,3.43067,4.33326,
보 다카하시,Rodrigo Hitoshi Bo Takahashi,sa830370,A,2016,Diamondbacks (A),0,7,5,24,3,7.125,4.125,0.375,4.05809,4.42243,
보 다카하시,Rodrigo Hitoshi Bo Takahashi,sa830370,A+,2016,Diamondbacks (A+),0,2,2,9,4,8,1,2,5.82566,4.34521,
보 다카하시,Rodrigo Hitoshi Bo Takahashi,sa830370,A,2017,Diamondbacks (A),0,4,4,16.1,3.85714,7.71429,2.7551,1.65306,5.45642,4.323,
보 다카하시,Rodrigo Hitoshi Bo Takahashi,sa830370,A+,2017,Diamondbacks (A+),0,20,20,109.2,5.33435,7.63222,3.03647,1.06687,5.04446,5.05298,
보 다카하시,Rodrigo Hitoshi Bo Takahashi,sa830370,A+,2018,Diamondbacks (A+),0,9,9,47.2,3.02098,10.007,1.88811,0.755245,3.38039,3.39792,
보 다카하시,Rodrigo Hitoshi Bo Takahashi,sa830370,AA,2018,Diamondbacks (AA),0,14,14,73,4.68493,9.49315,2.46575,1.47945,4.45943,3.75199,
보 다카하시,Rodrigo Hitoshi Bo Takahashi,sa830370,AA,2019,Diamondbacks (AA),0,22,22,118.2,3.71629,7.88764,2.88202,0.910112,3.97244,3.86337,
앤더슨 프랑코,Enderson Daniel Franco,11896,R,2010,Astros (R),0,9,7,34.1,3.6699,5.50486,1.83495,1.04854,4.24291,3.13482,
앤더슨 프랑코,Enderson Daniel Franco,11896,R,2011,Astros (R),0,10,10,47,4.40426,4.97872,3.25532,0.191489,3.93024,4.53853,
앤더슨 프랑코,Enderson Daniel Franco,11896,R,2012,Astros (R),0,10,7,50,4.86,6.66,1.44,0.36,3.25375,3.47374,
앤더슨 프랑코,Enderson Daniel Franco,11896,R,2013,Astros (R),0,12,12,51.2,5.05161,7.14193,3.13548,0.696774,4.18864,3.94307,
앤더슨 프랑코,Enderson Daniel Franco,11896,A-,2014,Rays (A-),0,13,13,68.2,3.2767,6.5534,1.04854,0.524272,3.13545,3.09107,
앤더슨 프랑코,Enderson Daniel Franco,11896,A,2015,Marlins (A),1,12,12,54.1,7.28834,6.12883,4.1411,0.993865,5.04877,4.56201,
앤더슨 프랑코,Enderson Daniel Franco,11896,A,2015,Rays (A),1,13,13,71.2,3.89302,5.90233,1.00465,0.502326,3.18576,3.19047,
앤더슨 프랑코,Enderson Daniel Franco,11896,A+,2016,Braves (A+),0,26,25,144,4.6875,6.0625,2.875,0.4375,4.0606,4.52489,
앤더슨 프랑코,Enderson Daniel Franco,11896,A,2017,Braves (A),0,2,0,5.2,3.17647,7.94117,3.17647,0,2.81905,3.64457,
앤더슨 프랑코,Enderson Daniel Franco,11896,A+,2017,Braves (A+),0,19,19,106.2,4.13438,7.34063,3.20625,0.759375,3.95747,3.87269,
앤더슨 프랑코,Enderson Daniel Franco,11896,AAA,2017,Braves (AAA),0,2,2,9,1,11,3,0,1.89309,2.97464,
앤더슨 프랑코,Enderson Daniel Franco,11896,AA,2018,Braves (AA),0,28,20,127.2,3.94778,9.16449,2.96084,0.986945,3.90401,3.89352,
앤더슨 프랑코,Enderson Daniel Franco,11896,AAA,2018,Braves (AAA),0,1,1,5.2,1.58823,1.58823,4.7647,1.58823,6.86248,6.59113,
앤더슨 프랑코,Enderson Daniel Franco,11896,AAA,2019,Giants (AAA),0,26,22,113,5.97345,7.80531,2.86726,1.9115,5.91172,5.84121,
앤더슨 프랑코,Enderson Daniel Franco,11896,MLB,2019,Giants,0,5,0,5.1,3.37502,6.75004,1.68751,1.68751,4.71402,5.63331,-0.00802634
라이언 카펜터,Ryan Nicholas Carpenter,12699,A-,2011,Rays (A-),0,8,4,23.2,0.760563,9.88732,1.52113,0,1.67441,2.32734,
라이언 카펜터,Ryan Nicholas Carpenter,12699,A,2012,Rays (A),0,29,28,149.2,4.02895,6.7951,1.38307,0.902005,3.76507,3.54565,
라이언 카펜터,Ryan Nicholas Carpenter,12699,A+,2013,Rays (A+),0,24,22,117.2,4.66572,7.41926,2.83003,1.07082,4.26078,3.68953,
라이언 카펜터,Ryan Nicholas Carpenter,12699,A+,2014,Rockies (A+),0,13,13,77.2,3.93991,6.25751,3.36052,0.34764,4.20618,5.44691,
라이언 카펜터,Ryan Nicholas Carpenter,12699,AA,2015,Rockies (AA),0,28,28,167,4.04192,7.11377,1.99401,1.02395,3.93931,3.60229,
라이언 카펜터,Ryan Nicholas Carpenter,12699,AAA,2016,Rockies (AAA),0,26,8,68.2,7.47087,8.91262,3.2767,2.09709,5.94904,4.44467,
라이언 카펜터,Ryan Nicholas Carpenter,12699,AAA,2017,Rockies (AAA),0,27,25,156,4.15385,9.28846,2.25,1.09615,4.22078,3.92057,
라이언 카펜터,Ryan Nicholas Carpenter,12699,R,2018,Tigers (R),0,1,1,3,0,12,3,0,1.99051,2.40016,
라이언 카펜터,Ryan Nicholas Carpenter,12699,A+,2018,Tigers (A+),0,1,1,3,3,3,3,3,8.14557,5.5674,
라이언 카펜터,Ryan Nicholas Carpenter,12699,AAA,2018,Tigers (AAA),0,14,14,76.1,5.06987,8.60699,2.47598,0.943232,3.72608,3.92532,
라이언 카펜터,Ryan Nicholas Carpenter,12699,MLB,2018,Tigers,0,6,5,22.1,7.25374,6.04479,1.61194,3.22389,7.41417,4.68022,-0.434014
라이언 카펜터,Ryan Nicholas Carpenter,12699,AAA,2019,Tigers (AAA),0,14,14,77,5.25974,8.88312,3.03896,1.28571,4.83252,4.94076,
라이언 카펜터,Ryan Nicholas Carpenter,12699,MLB,2019,Tigers,0,9,9,40.2,9.29507,5.53278,2.87705,2.65574,6.92712,6.12378,-0.426165
웨스 파슨스,Wes Parsons,14764,A,2013,Braves (A),0,19,19,109.2,2.62614,8.28875,1.7234,0.410334,3.05239,3.30496,
웨스 파슨스,Wes Parsons,14764,A+,2014,Braves (A+),0,23,23,113.1,5.00294,7.62353,2.7,0.794118,4.18812,3.82391,
웨스 파슨스,Wes Parsons,14764,R,2015,Braves (R),0,3,2,9.2,0.931034,13.0345,0,0,0.410815,0.501929,
웨스 파슨스,Wes Parsons,14764,A,2015,Braves (A),0,1,1,5,1.8,3.6,0,1.8,5.88435,4.06545,
웨스 파슨스,Wes Parsons,14764,A+,2015,Braves (A+),0,1,1,5,7.2,0,1.8,0,4.45525,5.12695,
웨스 파슨스,Wes Parsons,14764,R,2016,Braves (R),0,4,1,6.2,2.7,12.15,0,0,0.631421,0.710145,
웨스 파슨스,Wes Parsons,14764,A+,2016,Braves (A+),0,16,7,56,3.85714,7.07143,2.89286,0,3.20742,3.82504,
웨스 파슨스,Wes Parsons,14764,AA,2016,Braves (AA),0,1,1,4,0,4.5,4.5,0,3.82003,4.4781,
웨스 파슨스,Wes Parsons,14764,AA,2017,Braves (AA),0,26,10,103,2.70874,8.56311,2.8835,0.436893,2.94805,3.04604,
웨스 파슨스,Wes Parsons,14764,AAA,2017,Braves (AAA),0,4,1,8.1,8.64,10.8,6.48,0,3.45754,4.4796,
웨스 파슨스,Wes Parsons,14764,AA,2018,Braves (AA),0,8,7,29.1,1.22727,8.59091,3.06818,0.306818,3.02263,3.22977,
웨스 파슨스,Wes Parsons,14764,AAA,2018,Braves (AAA),0,16,14,88,3.27273,7.77273,2.55682,0.715909,3.59443,3.69355,
웨스 파슨스,Wes Parsons,14764,MLB,2018,Braves,0,1,0,5,7.2,5.4,5.4,1.8,6.36043,5.74237,-0.117099
웨스 파슨스,Wes Parsons,14764,AAA,2019,Braves (AAA),0,27,0,56.2,2.85882,8.57647,3.33529,0.158824,3.27179,4.10418,
웨스 파슨스,Wes Parsons,14764,MLB,2019,- - -,0,32,0,34.2,5.45193,6.75001,7.52886,1.5577,6.64671,6.00337,-0.67817
웨스 파슨스,Wes Parsons,14764,MLB,2019,Braves,1,17,0,15.1,3.52175,7.04349,7.63045,1.17392,6.08358,6.20416,-0.290405
웨스 파슨스,Wes Parsons,14764,MLB,2019,Rockies,1,15,0,19.1,6.98277,6.51725,7.44829,1.86207,7.09333,5.84413,-0.387765
윌머 폰트,Wilmer Font Gomez,5257,R,2007,Rangers (R),0,14,10,45.2,4.53285,12.0219,4.72993,0.394161,4.09394,4.16306,
윌머 폰트,Wilmer Font Gomez,5257,R,2008,Rangers (R),0,3,0,4.1,10.3846,12.4615,2.07692,2.07692,7.11621,4.6482,
윌머 폰트,Wilmer Font Gomez,5257,A,2009,Rangers (A),0,29,24,108.1,3.48923,8.72308,4.90154,0.332308,3.90308,4.26665,
윌머 폰트,Wilmer Font Gomez,5257,A,2010,Rangers (A),0,7,7,29.2,5.1573,10.0112,3.94382,0.910112,4.02239,3.48057,
윌머 폰트,Wilmer Font Gomez,5257,A+,2010,Rangers (A+),0,9,9,49,3.85714,9.55102,5.87755,0.918367,5.01973,4.98764,
윌머 폰트,Wilmer Font Gomez,5257,A+,2012,Rangers (A+),0,23,19,83.1,4.212,11.772,3.996,1.08,3.76946,3.273,
윌머 폰트,Wilmer Font Gomez,5257,AA,2012,Rangers (AA),0,10,0,15,3,17.4,4.2,0.6,1.88011,1.6158,
윌머 폰트,Wilmer Font Gomez,5257,MLB,2012,Rangers,0,3,0,2,9,4.5,18,0,8.09445,9.5627,-0.0483121
윌머 폰트,Wilmer Font Gomez,5257,AA,2013,Rangers (AA),0,26,0,32,1.40625,12.6562,6.75,0.5625,3.49385,3.56876,
윌머 폰트,Wilmer Font Gomez,5257,AAA,2013,Rangers (AAA),0,16,0,20,0.45,11.7,4.5,0,2.76976,4.10508,
윌머 폰트,Wilmer Font Gomez,5257,MLB,2013,Rangers,0,2,0,1.1,0,0,13.5003,0,7.54797,11.6465,-0.0151926
윌머 폰트,Wilmer Font Gomez,5257,AA,2014,Rangers (AA),0,29,0,31,3.48387,9,4.93548,0.580645,3.70078,4.26771,
윌머 폰트,Wilmer Font Gomez,5257,AA,2016,Blue Jays (AA),0,8,8,46.2,3.47143,9.06428,1.35,1.35,3.87184,3.3249,
윌머 폰트,Wilmer Font Gomez,5257,AAA,2016,Blue Jays (AAA),0,4,3,19.1,4.18966,3.72414,2.32759,0.465517,4.10027,5.0683,
윌머 폰트,Wilmer Font Gomez,5257,AAA,2017,Dodgers (AAA),0,25,25,134.1,3.41687,11.9256,2.34491,0.736973,2.98381,3.31814,
윌머 폰트,Wilmer Font Gomez,5257,MLB,2017,Dodgers,0,3,0,3.2,17.1817,7.36357,9.81809,4.90905,11.8848,8.18986,-0.173907
윌머 폰트,Wilmer Font Gomez,5257,MLB,2018,- - -,0,19,5,44,5.93182,7.36364,3.27273,2.45455,6.22861,4.89782,-0.329109
윌머 폰트,Wilmer Font Gomez,5257,MLB,2018,Dodgers,1,6,0,10.1,11.3226,6.09679,0.870971,4.35485,8.38626,4.49343,-0.467647
윌머 폰트,Wilmer Font Gomez,5257,MLB,2018,Athletics,1,4,0,6.2,14.8499,12.1499,5.39997,6.74997,12.0104,5.23333,-0.268505
윌머 폰트,Wilmer Font Gomez,5257,MLB,2018,Rays,1,9,5,27,1.66667,6.66667,3.66667,0.666667,3.97525,4.96975,0.407043
윌머 폰트,Wilmer Font Gomez,5257,MLB,2019,- - -,0,48,17,84.1,4.48221,10.1383,3.09486,1.81423,4.71994,4.52889,0.505411
윌머 폰트,Wilmer Font Gomez,5257,MLB,2019,Rays,1,10,0,14,5.78571,11.5714,3.21429,1.28571,3.57115,3.70322,0.167345
윌머 폰트,Wilmer Font Gomez,5257,MLB,2019,Mets,1,15,3,31,4.93548,6.96774,3.77419,2.32258,6.47207,6.06896,-0.480884
윌머 폰트,Wilmer Font Gomez,5257,MLB,2019,Blue Jays,1,23,14,39.1,3.66102,12.1271,2.51695,1.6017,3.74791,3.60899,0.818951
윌머 폰트,Wilmer Font Gomez,5257,MLB,2020,Blue Jays,0,21,0,16.1,9.91839,8.26532,4.95919,1.10204,4.78326,5.55259,0.00177808
아티 르위키,Artie Michael Lewicki,16731,R,2014,Tigers (R),0,2,0,2,0,18,4.5,0,1.0074,1.0074,
아티 르위키,Artie Michael Lewicki,16731,A,2014,Tigers (A),0,10,1,25.2,2.45455,7.71428,3.15584,0.701299,3.83554,3.58307,
아티 르위키,Artie Michael Lewicki,16731,A,2015,Tigers (A),0,15,15,79.1,3.51681,8.73529,2.83613,0.453782,3.13036,3.25831,
아티 르위키,Artie Michael Lewicki,16731,A+,2016,Tigers (A+),0,5,3,21.2,3.32308,8.30769,2.49231,0,2.37585,2.99637,
아티 르위키,Artie Michael Lewicki,16731,AA,2016,Tigers (AA),0,12,12,67.1,3.47525,7.61881,1.73762,0.534653,3.10508,3.39638,
아티 르위키,Artie Michael Lewicki,16731,AA,2017,Tigers (AA),0,20,20,110,3.76364,7.36364,1.96364,0.409091,2.91594,3.60835,
아티 르위키,Artie Michael Lewicki,16731,AAA,2017,Tigers (AAA),0,5,5,31,2.03226,9.58065,2.03226,0.580645,2.82141,3.04244,
아티 르위키,Artie Michael Lewicki,16731,MLB,2017,Tigers,0,4,1,10.1,6.09679,5.22582,3.48388,0.870971,4.41571,6.25622,0.0527
아티 르위키,Artie Michael Lewicki,16731,AAA,2018,Tigers (AAA),0,12,12,61.2,4.67027,8.02703,2.33513,0.72973,3.43037,3.67745,
아티 르위키,Artie Michael Lewicki,16731,MLB,2018,Tigers,0,13,3,38.2,4.88793,6.98275,3.25862,0.931034,4.11733,4.48107,0.368398
아티 르위키,Artie Michael Lewicki,16731,MLB,2020,Diamondbacks,0,2,0,3.1,5.40005,13.5001,2.70003,0,1.0914,4.56234,0.102543
샘 가빌리오,Samuel Joseph Gaviglio,12778,A-,2011,Cardinals (A-),0,2,2,4,0,9,0,0,1.36456,2.00842,
샘 가빌리오,Samuel Joseph Gaviglio,12778,A,2012,Cardinals (A),0,23,23,133,3.92481,7.64662,2.03008,0.81203,3.74931,3.20525,
샘 가빌리오,Samuel Joseph Gaviglio,12778,R,2013,Cardinals (R),0,2,1,8,0,10.125,1.125,0,1.58508,1.86215,
샘 가빌리오,Samuel Joseph Gaviglio,12778,A+,2013,Cardinals (A+),0,7,7,39.2,2.72269,6.80672,2.72269,0.453781,3.36701,3.23766,
샘 가빌리오,Samuel Joseph Gaviglio,12778,AA,2014,Cardinals (AA),0,25,24,136.2,4.28049,8.29756,3.02927,0.526829,3.24453,3.2547,
샘 가빌리오,Samuel Joseph Gaviglio,12778,R,2015,Mariners (R),0,2,2,4,0,2.25,0,0,3.31387,3.43377,
샘 가빌리오,Samuel Joseph Gaviglio,12778,AAA,2015,Mariners (AAA),0,21,17,101.2,5.13443,6.99344,3.18689,1.41639,5.27152,4.40922,
샘 가빌리오,Samuel Joseph Gaviglio,12778,AA,2016,Mariners (AA),0,18,17,102,4.14706,6.44118,1.94118,0.617647,3.45729,3.35654,
샘 가빌리오,Samuel Joseph Gaviglio,12778,AAA,2016,Mariners (AAA),0,10,9,63,3.71429,7.14286,2,1,4.29231,3.97491,
샘 가빌리오,Samuel Joseph Gaviglio,12778,AAA,2017,Mariners (AAA),0,13,13,72,3.875,7.125,1.5,0.625,3.74856,3.90486,
샘 가빌리오,Samuel Joseph Gaviglio,12778,MLB,2017,- - -,0,16,13,74.1,4.35875,5.93274,3.14798,1.93722,5.80787,4.80442,-0.229618
샘 가빌리오,Samuel Joseph Gaviglio,12778,MLB,2017,Mariners,1,12,11,62.1,4.62032,5.7754,3.03209,2.16578,6.10951,4.86461,-0.407824
샘 가빌리오,Samuel Joseph Gaviglio,12778,MLB,2017,Royals,1,4,2,12,3,6.75,3.75,0.75,4.24097,4.49174,0.178206
샘 가빌리오,Samuel Joseph Gaviglio,12778,AAA,2018,Blue Jays (AAA),0,5,5,29,1.86207,9,1.24138,1.24138,3.64342,2.95702,
샘 가빌리오,Samuel Joseph Gaviglio,12778,MLB,2018,Blue Jays,0,26,24,123.2,5.31267,7.64151,2.7655,1.5283,4.68873,4.16396,0.766313
샘 가빌리오,Samuel Joseph Gaviglio,12778,MLB,2019,Blue Jays,0,52,0,95.2,4.60975,8.27874,2.06969,1.69338,4.63561,4.31051,0.127604
샘 가빌리오,Samuel Joseph Gaviglio,12778,MLB,2020,Blue Jays,0,4,0,3,9,3,15,0,7.52475,11.3813,-0.10094
로버트 스탁,Robert Anthony Stock,6576,A,2012,Cardinals (A),0,38,2,71,4.56338,8.3662,6.08451,1.14085,5.63251,4.83809,
로버트 스탁,Robert Anthony Stock,6576,A,2013,Cardinals (A),0,14,0,15.2,2.29787,8.61702,5.74468,0,3.91253,4.58333,
로버트 스탁,Robert Anthony Stock,6576,A+,2013,Cardinals (A+),0,18,0,22.2,4.36765,10.7206,6.35294,0.794118,4.65272,4.21154,
로버트 스탁,Robert Anthony Stock,6576,A,2014,Cardinals (A),0,24,0,40,5.175,6.75,4.725,0.225,4.10989,4.98454,
로버트 스탁,Robert Anthony Stock,6576,A+,2014,Cardinals (A+),0,11,0,23.1,2.31429,5.01429,9.64286,0,5.6196,6.37006,
로버트 스탁,Robert Anthony Stock,6576,R,2015,Pirates (R),0,2,0,3,0,6,3,0,2.97403,2.97403,
로버트 스탁,Robert Anthony Stock,6576,A+,2015,Pirates (A+),0,7,0,9,7,4,8,0,5.27645,5.82465,
로버트 스탁,Robert Anthony Stock,6576,AA,2015,Pirates (AA),0,3,0,4.1,14.5385,8.3077,20.7692,0,8.34558,8.8845,
로버트 스탁,Robert Anthony Stock,6576,A+,2017,Reds (A+),0,16,0,25,2.52,9,2.88,0.36,2.9106,2.92208,
로버트 스탁,Robert Anthony Stock,6576,AA,2017,Reds (AA),0,25,0,45.1,2.97794,7.14706,4.16912,0,2.98074,3.66914,
로버트 스탁,Robert Anthony Stock,6576,AA,2018,Padres (AA),0,8,0,9,2,15,3,1,2.56288,1.9696,
로버트 스탁,Robert Anthony Stock,6576,AAA,2018,Padres (AAA),0,24,0,28.1,1.58824,8.57647,3.49412,0.635294,4.02768,3.98468,
로버트 스탁,Robert Anthony Stock,6576,MLB,2018,Padres,0,32,0,39.2,2.4958,8.62184,2.94958,0.226891,2.70665,3.9195,0.611166
로버트 스탁,Robert Anthony Stock,6576,R,2019,Padres (R),0,2,2,2,0,22.5,0,0,-0.733396,-0.733396,
로버트 스탁,Robert Anthony Stock,6576,AAA,2019,Padres (AAA),0,25,3,28.1,4.12941,12.7059,6.0353,1.90588,6.0555,4.40502,
로버트 스탁,Robert Anthony Stock,6576,MLB,2019,Padres,0,10,0,10.2,10.125,12.6562,6.74998,1.68749,5.37025,5.17061,-0.118043
로버트 스탁,Robert Anthony Stock,6576,MLB,2020,Red Sox,0,10,0,13.1,4.72501,9.45002,6.75002,0,3.34142,4.64301,0.17536
로버트 스탁,Robert Anthony Stock,6576,AAA,2021,Mets (AAA),1,4,4,15.2,2.87234,8.04255,4.59574,0.574468,3.937,4.91603,
로버트 스탁,Robert Anthony Stock,6576,AAA,2021,Cubs (AAA),1,9,2,19.2,4.11864,11.4407,1.83051,1.83051,4.22694,4.37466,
로버트 스탁,Robert Anthony Stock,6576,MLB,2021,- - -,0,3,3,9,8,9,9,3,8.8367,6.46377,-0.269289
로버트 스탁,Robert Anthony Stock,6576,MLB,2021,Cubs,1,1,1,4,11.25,6.75,13.5,2.25,10.17,9.12549,-0.140145
로버트 스탁,Robert Anthony Stock,6576,MLB,2021,Mets,1,2,2,5,5.4,10.8,5.4,3.6,7.77003,4.3344,-0.129145
브랜던 워델,Brandon David Waddell,18347,A-,2015,Pirates (A-),0,6,6,20.1,5.7541,7.96721,3.09836,0,2.77824,3.14306,
브랜던 워델,Brandon David Waddell,18347,A+,2016,Pirates (A+),0,5,5,29,0.931035,8.06897,0.62069,0.310345,2.11485,2.40288,
브랜던 워델,Brandon David Waddell,18347,AA,2016,Pirates (AA),0,22,20,118,4.11864,7.16949,4.65254,0.686441,4.48467,4.34281,
브랜던 워델,Brandon David Waddell,18347,R,2017,Pirates (R),0,1,0,3,0,12,0,0,0.757863,1.31775,
브랜던 워델,Brandon David Waddell,18347,A-,2017,Pirates (A-),0,2,2,9,1,11,3,1,3.43196,2.53964,
브랜던 워델,Brandon David Waddell,18347,AA,2017,Pirates (AA),0,15,15,66,3.54545,7.63636,3.68182,0.409091,3.52806,3.88976,
브랜던 워델,Brandon David Waddell,18347,AA,2018,Pirates (AA),0,9,8,53.2,2.68323,7.21118,3.18634,0.670807,3.98113,4.00508,
브랜던 워델,Brandon David Waddell,18347,AAA,2018,Pirates (AAA),0,19,15,81.2,4.18776,6.61225,3.96735,0.330612,3.73715,4.46666,
브랜던 워델,Brandon David Waddell,18347,AA,2019,Pirates (AA),0,7,7,36.1,2.22936,10.4037,2.22936,0,1.68451,2.63252,
브랜던 워델,Brandon David Waddell,18347,AAA,2019,Pirates (AAA),0,29,7,61,8.70492,10.1803,5.90164,1.62295,5.67391,5.3024,
브랜던 워델,Brandon David Waddell,18347,MLB,2020,Pirates,0,2,0,3.1,2.70003,5.40005,5.40005,0,3.79143,6.10539,0.0364087
브랜던 워델,Brandon David Waddell,18347,AAA,2021,Cardinals (AAA),1,9,0,11,2.45455,8.18182,2.45455,0.818182,3.54435,4.29468,
브랜던 워델,Brandon David Waddell,18347,AAA,2021,Orioles (AAA),1,2,0,2.1,0,7.7143,0,0,1.64825,3.16636,
브랜던 워델,Brandon David Waddell,18347,MLB,2021,- - -,0,9,0,9.1,6.75002,6.75002,8.6786,1.92858,7.34862,6.83137,-0.26603
브랜던 워델,Brandon David Waddell,18347,MLB,2021,Twins,1,4,0,4,11.25,2.25,6.75,4.5,11.42,9.33094,-0.277174
브랜던 워델,Brandon David Waddell,18347,MLB,2021,Orioles,1,1,0,1,0,0,9,0,6.17003,6.17003,-0.00711442
브랜던 워델,Brandon David Waddell,18347,MLB,2021,Cardinals,1,4,0,4.1,4.15388,12.4616,10.3847,0,3.86235,4.67667,0.0182587
앨버트 수아레즈,Albert Joe Suárez,6175,R,2008,Rays (R),0,11,9,43.2,3.91603,7.62595,1.44275,0.618321,3.53241,3.65333,
앨버트 수아레즈,Albert Joe Suárez,6175,A-,2009,Rays (A-),0,2,2,9.2,2.7931,3.72414,1.86207,0.931034,4.48107,3.78563,
앨버트 수아레즈,Albert Joe Suárez,6175,R,2010,Rays (R),0,3,3,9,1,8,1,0,2.00235,2.45526,
앨버트 수아레즈,Albert Joe Suárez,6175,A,2010,Rays (A),0,12,11,41.2,3.888,6.48,3.456,1.08,5.05563,4.6335,
앨버트 수아레즈,Albert Joe Suárez,6175,R,2011,Rays (R),0,4,4,13,1.38462,6.92308,3.46154,0,3.03498,3.57639,
앨버트 수아레즈,Albert Joe Suárez,6175,A+,2011,Rays (A+),0,4,3,16.1,2.7551,3.85714,1.65306,0.551021,3.87808,4.10127,
앨버트 수아레즈,Albert Joe Suárez,6175,A+,2012,Rays (A+),0,25,25,125.2,4.08223,4.44032,2.14854,0.787798,4.54354,4.3876,
앨버트 수아레즈,Albert Joe Suárez,6175,AA,2013,Rays (AA),0,2,2,6.1,1.42105,8.52632,2.84211,0,1.96526,3.5195,
앨버트 수아레즈,Albert Joe Suárez,6175,A+,2014,Rays (A+),0,3,3,14,0.642857,6.42857,0.642857,0,2.17674,3.17735,
앨버트 수아레즈,Albert Joe Suárez,6175,AA,2014,Rays (AA),0,11,11,56,4.33929,5.14286,3.05357,0.642857,4.09765,4.32662,
앨버트 수아레즈,Albert Joe Suárez,6175,AA,2015,Angels (AA),0,27,27,163,2.9816,6.68098,2.20859,0.773006,3.68321,3.7325,
앨버트 수아레즈,Albert Joe Suárez,6175,AAA,2016,Giants (AAA),0,9,7,45.2,4.33577,7.68613,2.75912,0.591241,3.91796,4.40795,
앨버트 수아레즈,Albert Joe Suárez,6175,MLB,2016,Giants,0,22,12,84,4.28571,5.78571,2.78571,1.17857,4.63466,4.57805,-0.00457901
앨버트 수아레즈,Albert Joe Suárez,6175,R,2017,Giants (R),0,3,3,4.2,9.64285,5.78571,3.85714,3.85714,9.77497,5.48926,
앨버트 수아레즈,Albert Joe Suárez,6175,A+,2017,Giants (A+),0,2,2,6,3,4.5,1.5,0,3.41376,4.72672,
앨버트 수아레즈,Albert Joe Suárez,6175,AAA,2017,Giants (AAA),0,1,1,3,0,15,0,0,0.387449,1.29523,
앨버트 수아레즈,Albert Joe Suárez,6175,MLB,2017,Giants,0,18,0,31.2,5.11578,9.66315,3.12631,1.13684,3.78922,3.77612,0.113886
앨버트 수아레즈,Albert Joe Suárez,6175,AAA,2018,Diamondbacks (AAA),0,31,4,63.1,4.97368,7.24737,4.68947,1.13684,5.38744,4.96038,
션 놀린,Sean Patrick Nolin,11341,R,2010,Blue Jays (R),0,1,1,2,0,18,4.5,0,0.946794,1.52911,
션 놀린,Sean Patrick Nolin,11341,A-,2010,Blue Jays (A-),0,6,6,19.1,6.05172,10.2414,4.18966,0,2.90354,3.59462,
션 놀린,Sean Patrick Nolin,11341,A,2011,Blue Jays (A),0,25,21,108.1,3.48923,9.38769,2.57538,0.747692,3.32312,3.30691,
션 놀린,Sean Patrick Nolin,11341,A+,2012,Blue Jays (A+),0,17,15,86.1,2.18919,9.38224,2.18919,0.72973,3.22753,3.01227,
션 놀린,Sean Patrick Nolin,11341,AA,2012,Blue Jays (AA),0,3,3,15,1.2,10.8,3.6,0,2.2009,2.94833,
션 놀린,Sean Patrick Nolin,11341,AA,2013,Blue Jays (AA),0,17,17,92.2,3.01079,10.0036,2.42806,0.582734,2.8177,3.10185,
션 놀린,Sean Patrick Nolin,11341,AAA,2013,Blue Jays (AAA),0,3,3,17.2,1.5283,6.62264,5.09434,0.509434,4.33697,4.62671,
션 놀린,Sean Patrick Nolin,11341,MLB,2013,Blue Jays,0,1,1,1.1,40.501,0,6.75017,6.75017,15.0482,9.39647,-0.13951
션 놀린,Sean Patrick Nolin,11341,R,2014,Blue Jays (R),0,1,1,2.1,0,19.2857,0,0,-0.778321,-0.589233,
션 놀린,Sean Patrick Nolin,11341,A+,2014,Blue Jays (A+),0,2,2,7.1,3.68182,11.0455,4.90909,0,2.57285,3.33695,
션 놀린,Sean Patrick Nolin,11341,AAA,2014,Blue Jays (AAA),0,17,17,87.1,3.50382,7.62595,3.60687,0.618321,3.8615,4.06831,
션 놀린,Sean Patrick Nolin,11341,MLB,2014,Blue Jays,0,1,0,1,9,0,0,9,16.1323,4.36821,-0.0667155
션 놀린,Sean Patrick Nolin,11341,AAA,2015,Athletics (AAA),0,14,12,47.1,2.66197,7.22535,3.61268,0.950704,4.82474,4.79325,
션 놀린,Sean Patrick Nolin,11341,MLB,2015,Athletics,0,6,6,29,5.27586,4.65517,3.72414,1.24138,5.13359,5.52856,0.0568324
션 놀린,Sean Patrick Nolin,11341,AA,2018,Rockies (AA),0,29,3,40.1,4.23967,10.0413,3.34711,0.892562,3.65127,3.76571,
션 놀린,Sean Patrick Nolin,11341,AA,2019,White Sox (AA),0,4,4,16.2,8.1,8.64,3.24,2.7,6.53828,4.30728,
션 놀린,Sean Patrick Nolin,11341,AAA,2019,Mariners (AAA),0,15,14,79.1,4.76471,8.39496,2.94958,1.47479,5.15802,5.60017,
션 놀린,Sean Patrick Nolin,11341,A+,2021,Nationals (A+),0,1,0,1,0,18,0,0,-0.234567,-0.234567,
션 놀린,Sean Patrick Nolin,11341,AAA,2021,Nationals (AAA),0,11,9,47.1,3.80282,9.88733,2.85211,1.33099,4.16535,3.96406,
션 놀린,Sean Patrick Nolin,11341,MLB,2021,Nationals,0,10,5,26.2,4.38749,6.74999,4.38749,1.35,5.30753,5.54093,0.0883798
찰리 반스,Charlie Barnes,19865,R,2017,Twins (R),0,6,5,22.2,1.19118,9.13235,3.97059,0.397059,3.89551,4.18058,
찰리 반스,Charlie Barnes,19865,A,2017,Twins (A),0,6,6,25.2,3.85714,8.06493,2.80519,1.4026,4.78295,3.51718,
찰리 반스,Charlie Barnes,19865,A+,2018,Twins (A+),0,23,23,118.1,2.81408,6.38873,3.34648,0.456338,4.13806,4.50234,
찰리 반스,Charlie Barnes,19865,A+,2019,Twins (A+),0,8,8,37.1,6.50893,8.4375,4.82143,0.723214,4.24538,4.05927,
찰리 반스,Charlie Barnes,19865,AA,2019,Twins (AA),0,14,13,75,3.6,8.76,2.88,0.48,3.36494,3.49287,
찰리 반스,Charlie Barnes,19865,AAA,2019,Twins (AAA),0,4,4,18.2,6.75,7.71428,5.30357,0.482143,4.37473,4.9481,
찰리 반스,Charlie Barnes,19865,AAA,2021,Twins (AAA),0,16,16,76,3.78947,7.34211,2.84211,0.828947,4.11254,4.54647,
찰리 반스,Charlie Barnes,19865,MLB,2021,Twins,0,9,8,38,5.92105,4.73684,3.78947,0.947368,5.06477,6.29646,0.147094
글렌 스파크맨,Glenn Sparkman,15200,R,2013,Royals (R),0,20,0,36.2,1.71818,11.5364,2.45455,0.245455,2.77991,3.30616,
글렌 스파크맨,Glenn Sparkman,15200,A+,2014,Royals (A+),0,29,18,121,1.56198,8.70248,1.8595,0.14876,2.41836,3.14899,
글렌 스파크맨,Glenn Sparkman,15200,AA,2015,Royals (AA),0,4,4,20,3.6,9.45,4.05,0.45,3.3467,3.81144,
글렌 스파크맨,Glenn Sparkman,15200,R,2016,Royals (R),0,7,7,16.2,5.4,9.18,0.54,0.54,3.22327,2.8989,
글렌 스파크맨,Glenn Sparkman,15200,A,2016,Royals (A),0,3,3,14.1,6.90698,11.9302,1.88372,1.25581,3.19058,2.16617,
글렌 스파크맨,Glenn Sparkman,15200,A+,2016,Royals (A+),0,2,2,11.2,3.85714,6.94286,0.771428,0.771428,3.88957,3.68746,
글렌 스파크맨,Glenn Sparkman,15200,AA,2016,Royals (AA),0,4,4,17.2,4.5849,10.1887,2.54717,1.01887,3.23886,3.09385,
글렌 스파크맨,Glenn Sparkman,15200,A+,2017,Blue Jays (A+),0,1,1,3.1,0,8.10001,2.7,0,2.4106,3.15799,
글렌 스파크맨,Glenn Sparkman,15200,AA,2017,Blue Jays (AA),1,2,2,8.2,3.11538,6.23077,3.11538,2.07692,5.87888,3.83701,
글렌 스파크맨,Glenn Sparkman,15200,AA,2017,Royals (AA),1,3,2,10.1,2.6129,4.35484,4.35484,0,3.79854,5.58285,
글렌 스파크맨,Glenn Sparkman,15200,AAA,2017,Blue Jays (AAA),0,4,1,8,2.25,3.375,1.125,1.125,4.58754,4.63555,
글렌 스파크맨,Glenn Sparkman,15200,MLB,2017,Blue Jays,0,2,0,1,63,9,9,0,4.15764,11.2729,0.00221519
글렌 스파크맨,Glenn Sparkman,15200,AA,2018,Royals (AA),0,6,6,33.2,2.94059,6.95049,0.267327,0,2.08543,3.45067,
글렌 스파크맨,Glenn Sparkman,15200,AAA,2018,Royals (AAA),0,12,12,67.1,4.0099,6.41584,1.4703,1.33663,4.78493,4.42327,
글렌 스파크맨,Glenn Sparkman,15200,MLB,2018,Royals,0,15,3,38.1,4.46087,6.33914,3.52174,0.704348,4.0213,4.72734,0.26637
글렌 스파크맨,Glenn Sparkman,15200,AAA,2019,Royals (AAA),0,2,1,6.1,0,5.68421,1.42105,0,3.0072,4.98002,
글렌 스파크맨,Glenn Sparkman,15200,MLB,2019,Royals,0,31,23,136,6.02206,5.36029,2.71324,1.98529,5.92724,5.80938,-0.463318
글렌 스파크맨,Glenn Sparkman,15200,MLB,2020,Royals,0,4,0,5,5.4,3.6,1.8,0,2.99142,6.84798,0.0940616
글렌 스파크맨,Glenn Sparkman,15200,AAA,2021,Twins (AAA),0,2,0,3,3,18,0,3,3.69587,-0.0470861,
예프리 라미레즈,Yefry Ramírez Alcala,15655,R,2012,Diamondbacks (R),0,18,0,24.2,3.28378,6.56757,6.2027,0.364865,4.66194,4.58534,
예프리 라미레즈,Yefry Ramírez Alcala,15655,R,2013,Diamondbacks (R),0,13,11,60,3,9.3,2.4,0.3,2.45803,2.39087,
예프리 라미레즈,Yefry Ramírez Alcala,15655,R,2014,Diamondbacks (R),1,7,4,37.1,1.92857,11.5714,0.964286,0,1.93928,2.50199,
예프리 라미레즈,Yefry Ramírez Alcala,15655,R,2014,Diamondbacks (R),1,6,6,30.1,4.45055,5.04396,2.07692,2.37363,7.12996,5.41382,
예프리 라미레즈,Yefry Ramírez Alcala,15655,R,2015,Diamondbacks (R),0,14,13,69,5.34783,7.95652,2.73913,1.43478,5.71191,5.14417,
예프리 라미레즈,Yefry Ramírez Alcala,15655,A,2016,Yankees (A),0,11,11,61,2.80328,9.73771,2.06557,0.590164,2.92448,3.15422,
예프리 라미레즈,Yefry Ramírez Alcala,15655,A+,2016,Yankees (A+),0,11,11,63.1,2.84211,9.37895,2.55789,0.710526,3.33172,3.11707,
예프리 라미레즈,Yefry Ramírez Alcala,15655,AA,2017,Yankees (AA),1,18,18,92.1,3.41155,8.87004,3.70397,0.877256,3.91817,4.06426,
예프리 라미레즈,Yefry Ramírez Alcala,15655,AA,2017,Orioles (AA),1,6,6,32,3.65625,7.3125,3.09375,1.6875,5.16253,4.46736,
예프리 라미레즈,Yefry Ramírez Alcala,15655,AAA,2018,Orioles (AAA),0,14,14,72,3.875,9,2.75,0.875,3.68029,3.94472,
예프리 라미레즈,Yefry Ramírez Alcala,15655,MLB,2018,Orioles,0,17,12,65.1,5.92347,8.54082,4.95919,1.51531,5.28798,5.24799,0.286794
예프리 라미레즈,Yefry Ramírez Alcala,15655,AAA,2019,Orioles (AAA),1,4,4,18,1.5,12,4.5,1,3.90251,3.77489,
예프리 라미레즈,Yefry Ramírez Alcala,15655,AAA,2019,Pirates (AAA),1,15,5,45,5.2,11.6,5.8,1,4.55806,5.01796,
예프리 라미레즈,Yefry Ramírez Alcala,15655,MLB,2019,- - -,0,13,1,24.1,7.39727,9.98631,5.91782,1.47945,5.59757,5.09555,-0.127768
예프리 라미레즈,Yefry Ramírez Alcala,15655,MLB,2019,Orioles,1,4,1,10.1,6.96776,9.58068,7.83874,1.74194,6.79467,6.20357,-0.115887
예프리 라미레즈,Yefry Ramírez Alcala,15655,MLB,2019,Pirates,1,9,0,14,7.71429,10.2857,4.5,1.28571,4.71401,4.27773,-0.0118815
예프리 라미레즈,Yefry Ramírez Alcala,15655,AAA,2021,Dodgers (AAA),0,25,22,113,5.0177,9.15929,4.06195,1.11504,5.04737,5.55455,
예프리 라미레즈,Yefry Ramírez Alcala,15655,MLB,2021,Dodgers,0,1,0,2,0,9,4.5,0,2.67003,2.67003,0.0193984
펠릭스 페냐,Félix Ricardo Peña,13403,R,2009,Cubs (R),0,14,6,50.1,3.57616,6.7947,2.68212,0.357616,3.4422,3.32143,
펠릭스 페냐,Félix Ricardo Peña,13403,R,2010,Cubs (R),0,20,1,46.1,1.16547,7.3813,1.7482,0.194245,2.2135,2.20675,
펠릭스 페냐,Félix Ricardo Peña,13403,R,2011,Cubs (R),0,17,0,39,6.92308,7.38462,2.07692,1.84615,6.32448,4.56095,
펠릭스 페냐,Félix Ricardo Peña,13403,A-,2012,Cubs (A-),0,15,6,63,3.42857,6,3.14286,0.714286,4.16631,3.89845,
펠릭스 페냐,Félix Ricardo Peña,13403,A,2012,Cubs (A),0,6,0,10,4.5,9,4.5,0.9,4.15082,4.47241,
펠릭스 페냐,Félix Ricardo Peña,13403,A,2013,Cubs (A),0,21,17,103.1,3.91935,6.70645,2.7871,0.435484,3.60903,3.87185,
펠릭스 페냐,Félix Ricardo Peña,13403,A+,2014,Cubs (A+),0,19,19,96,3.1875,7.125,3.1875,0.5625,3.80769,3.85613,
펠릭스 페냐,Félix Ricardo Peña,13403,AA,2014,Cubs (AA),0,6,6,27.2,7.48193,8.45783,5.53012,1.62651,5.71706,4.31136,
펠릭스 페냐,Félix Ricardo Peña,13403,AA,2015,Cubs (AA),0,25,23,129.2,3.74807,9.71722,3.40103,0.694087,3.39614,3.27096,
펠릭스 페냐,Félix Ricardo Peña,13403,AAA,2016,Cubs (AAA),0,36,0,63.1,3.41053,11.5105,3.26842,0.568421,3.16825,3.67733,
펠릭스 페냐,Félix Ricardo Peña,13403,MLB,2016,Cubs,0,11,0,9,4,13,3,1,2.70212,2.73821,0.205482
펠릭스 페냐,Félix Ricardo Peña,13403,AAA,2017,Cubs (AAA),0,24,0,39,5.53846,10.6154,3.23077,1.38462,4.74642,4.21284,
펠릭스 페냐,Félix Ricardo Peña,13403,MLB,2017,Cubs,0,25,0,34.1,5.24272,9.69904,4.71845,2.09709,5.779,5.34037,-0.24198
펠릭스 페냐,Félix Ricardo Peña,13403,AAA,2018,Angels (AAA),0,10,9,33.1,3.51,10.26,4.32,0.54,4.13533,4.76397,
펠릭스 페냐,Félix Ricardo Peña,13403,MLB,2018,Angels,0,19,17,92.2,4.17626,8.25539,2.71942,1.16547,4.04532,3.96596,1.43455
펠릭스 페냐,Félix Ricardo Peña,13403,MLB,2019,Angels,0,22,7,96.1,4.57786,9.43599,3.17647,1.49481,4.52197,4.28317,0.662865
펠릭스 페냐,Félix Ricardo Peña,13403,MLB,2020,Angels,0,25,0,26.2,4.04999,9.78749,2.7,0.674999,3.00392,3.61975,0.581295
펠릭스 페냐,Félix Ricardo Peña,13403,AAA,2021,Angels (AAA),0,31,7,68.1,8.03415,7.77073,3.5561,1.8439,6.18598,5.89498,
펠릭스 페냐,Félix Ricardo Peña,13403,MLB,2021,Angels,0,2,0,1.2,37.7992,10.7998,21.5996,0,7.96994,11.1457,-0.0393243
맷 더모디,Matt Dermody,14844,R,2013,Blue Jays (R),0,1,1,2.2,0,3.375,0,0,2.71008,3.2088,
맷 더모디,Matt Dermody,14844,A-,2013,Blue Jays (A-),0,15,2,40.2,1.77049,11.0656,0.885246,0,1.22781,1.79079,
맷 더모디,Matt Dermody,14844,A,2014,Blue Jays (A),0,27,12,96.1,4.67128,6.07266,3.36332,0.467128,4.02469,4.43062,
맷 더모디,Matt Dermody,14844,A+,2015,Blue Jays (A+),0,35,1,77,4.20779,7.24675,1.51948,0.233766,2.51598,2.87674,
맷 더모디,Matt Dermody,14844,A+,2016,Blue Jays (A+),0,16,0,18.1,1.96364,9.81818,0.490909,0,1.2346,1.96793,
맷 더모디,Matt Dermody,14844,AA,2016,Blue Jays (AA),0,16,0,19.2,0.915254,9.61017,0.915254,0.457627,2.18806,2.51543,
맷 더모디,Matt Dermody,14844,AAA,2016,Blue Jays (AAA),0,15,0,16.1,2.7551,3.30612,2.7551,0,3.35291,4.45323,
맷 더모디,Matt Dermody,14844,MLB,2016,Blue Jays,0,5,0,3,12,15,0,3,5.14656,2.47883,-0.0145307
맷 더모디,Matt Dermody,14844,AAA,2017,Blue Jays (AAA),0,33,1,43,3.55814,8.16279,2.30233,1.25581,4.17475,3.26627,
맷 더모디,Matt Dermody,14844,MLB,2017,Blue Jays,0,23,0,22.1,4.43284,6.04479,2.01493,2.41791,6.2472,5.62199,-0.322431
맷 더모디,Matt Dermody,14844,AAA,2018,Blue Jays (AAA),0,5,0,5,7.2,10.8,7.2,0,3.33307,3.79156,
맷 더모디,Matt Dermody,14844,AAA,2019,Blue Jays (AAA),0,15,0,23,5.47826,9,1.17391,1.56522,4.40734,3.73195,
맷 더모디,Matt Dermody,14844,MLB,2020,Cubs,0,1,0,1,0,9,0,0,1.19142,1.19142,0.0197037
웨스 벤자민,Wes Benjamin,19243,R,2015,Rangers (R),0,1,1,1,0,18,9,0,2.81387,3.29346,
웨스 벤자민,Wes Benjamin,19243,A,2016,Rangers (A),0,21,18,102,3.79412,8.91177,1.94118,1.14706,3.81165,3.12559,
웨스 벤자민,Wes Benjamin,19243,A+,2017,Rangers (A+),0,22,22,118.2,3.94382,7.66011,2.57865,0.606742,3.50549,3.80882,
웨스 벤자민,Wes Benjamin,19243,R,2018,Rangers (R),0,3,3,7,0,11.5714,1.28571,0,1.92752,2.30784,
웨스 벤자민,Wes Benjamin,19243,AA,2018,Rangers (AA),0,15,15,79.2,3.61506,8.13389,2.59833,1.01674,3.97897,3.96873,
웨스 벤자민,Wes Benjamin,19243,AAA,2019,Rangers (AAA),0,27,25,135.1,5.5197,7.58128,3.52463,1.59606,5.63658,6.08549,
웨스 벤자민,Wes Benjamin,19243,MLB,2020,Rangers,0,8,1,22.1,4.83583,8.4627,2.8209,1.61194,4.57948,4.84135,0.12369
웨스 벤자민,Wes Benjamin,19243,AAA,2021,Rangers (AAA),0,15,10,46.2,8.29286,8.1,4.82143,1.15714,5.4109,6.59301,
웨스 벤자민,Wes Benjamin,19243,MLB,2021,Rangers,0,13,2,22.2,8.73528,7.54411,6.74999,2.38235,7.18473,6.7793,-0.501397
이반 노바,Iván Nova,1994,R,2006,Yankees (R),0,10,5,43,2.72093,7.53488,1.46512,1.04651,3.93638,,
이반 노바,Iván Nova,1994,A,2007,Yankees (A),0,21,21,99.1,4.98322,4.89262,2.80872,0.724832,4.616,4.85297,
이반 노바,Iván Nova,1994,A+,2008,Yankees (A+),0,26,24,148.2,4.35874,6.59866,2.78475,0.363229,3.36956,3.65996,
이반 노바,Iván Nova,1994,AA,2009,Yankees (AA),0,12,12,72.1,2.36406,5.84793,3.85714,0.373272,3.75432,3.86411,
이반 노바,Iván Nova,1994,AAA,2009,Yankees (AAA),0,12,12,67,5.10448,5.77612,3.76119,0.537313,4.03012,4.31243,
이반 노바,Iván Nova,1994,AAA,2010,Yankees (AAA),0,23,23,145,2.85517,7.13793,2.97931,0.62069,3.59981,3.69635,
이반 노바,Iván Nova,1994,MLB,2010,Yankees,0,10,7,42,4.5,5.57143,3.64286,0.857143,4.36356,4.3467,0.425621
이반 노바,Iván Nova,1994,AAA,2011,Yankees (AAA),0,3,3,16,3.375,10.125,1.125,1.6875,3.79929,2.38154,
이반 노바,Iván Nova,1994,MLB,2011,Yankees,0,28,27,165.1,3.70161,5.33468,3.10282,0.707661,4.00523,4.16079,1.87688
이반 노바,Iván Nova,1994,MLB,2011,Yankees,1,2,1,8.1,4.32,8.64,4.32,2.16,5.66539,3.60064,
이반 노바,Iván Nova,1994,MLB,2012,Yankees,0,28,28,170.1,5.01957,8.08415,2.9589,1.47945,4.59739,3.91716,1.13815
이반 노바,Iván Nova,1994,AAA,2013,Yankees (AAA),0,3,3,17.2,2.03774,8.66038,2.03774,0.509434,2.69546,2.80422,
이반 노바,Iván Nova,1994,MLB,2013,Yankees,0,23,20,139.1,3.10048,7.49283,2.84211,0.58134,3.4713,3.68071,2.12164
이반 노바,Iván Nova,1994,MLB,2014,Yankees,0,4,4,20.2,8.27418,5.2258,2.6129,2.6129,6.90644,4.50775,-0.424492
이반 노바,Iván Nova,1994,A+,2015,Yankees (A+),0,1,1,4.2,1.92857,5.78571,0,0,1.87962,1.98535,
이반 노바,Iván Nova,1994,AAA,2015,Yankees (AAA),0,2,2,11,4.90909,5.72727,2.45455,0.818182,4.15703,3.7775,
이반 노바,Iván Nova,1994,MLB,2015,Yankees,0,17,17,94,5.07447,6.03191,3.15957,1.24468,4.86764,4.59253,0.477444
이반 노바,Iván Nova,1994,MLB,2016,- - -,0,32,26,162,4.16667,7.05556,1.55556,1.27778,4.10952,3.70325,2.28456
이반 노바,Iván Nova,1994,MLB,2016,Yankees,1,21,15,97.1,4.90069,6.93493,2.31164,1.75685,5.09862,4.08394,0.403245
이반 노바,Iván Nova,1994,MLB,2016,Pirates,1,11,11,64.2,3.06185,7.23711,0.417526,0.556701,2.62079,3.13026,1.88131
이반 노바,Iván Nova,1994,MLB,2017,Pirates,0,31,31,187,4.13904,6.30481,1.73262,1.39572,4.46245,4.18717,2.22052
이반 노바,Iván Nova,1994,MLB,2018,Pirates,0,29,29,161,4.19255,6.37267,1.95652,1.45342,4.57037,4.27648,1.2395
이반 노바,Iván Nova,1994,MLB,2019,White Sox,0,34,34,187,4.71658,5.48663,2.26203,1.44385,4.97872,4.91427,2.10131
이반 노바,Iván Nova,1994,MLB,2020,Tigers,0,4,4,19,8.52632,4.26316,4.26316,1.89474,6.40195,5.69487,-0.161367
숀 모리만도,Shawn Morimando,13606,R,2011,Indians (R),0,3,0,6,3,12,3,0,2.70909,3.51484,
숀 모리만도,Shawn Morimando,13606,A,2012,Indians (A),0,22,22,110.1,3.58912,5.6284,4.24169,0.897281,4.94598,4.74834,
숀 모리만도,Shawn Morimando,13606,A+,2013,Indians (A+),0,27,27,135,3.73333,6.8,5.06667,0.533333,4.36422,4.68779,
숀 모리만도,Shawn Morimando,13606,A+,2014,Indians (A+),0,18,18,96.1,2.98962,6.53979,3.2699,0.653979,4.19228,4.22519,
숀 모리만도,Shawn Morimando,13606,AA,2014,Indians (AA),0,10,10,56.1,3.83432,6.07101,2.71598,0.319527,3.37248,4.26554,
숀 모리만도,Shawn Morimando,13606,AA,2015,Indians (AA),0,28,28,158.2,3.17647,7.2605,3.68698,0.510504,3.6405,3.77639,
숀 모리만도,Shawn Morimando,13606,AA,2016,Indians (AA),0,16,16,93.1,3.08571,7.03929,3.47143,0.482143,3.74326,3.93471,
숀 모리만도,Shawn Morimando,13606,AAA,2016,Indians (AAA),0,11,11,59,3.50847,7.01695,3.20339,0.762712,3.8811,4.01576,
숀 모리만도,Shawn Morimando,13606,MLB,2016,Indians,0,2,0,4.2,11.5713,9.64279,9.64279,3.85712,9.78937,6.35945,-0.17729
숀 모리만도,Shawn Morimando,13606,AAA,2017,Indians (AAA),0,26,26,159.1,4.40586,7.23012,3.21967,1.24268,4.67436,4.3303,
숀 모리만도,Shawn Morimando,13606,R,2018,Blue Jays (R),0,4,4,7,1.28571,12.8571,1.28571,0,1.22861,1.57974,
숀 모리만도,Shawn Morimando,13606,AAA,2018,Indians (AAA),1,5,5,24.1,7.0274,4.06849,3.69863,0.369863,4.31937,5.48093,
숀 모리만도,Shawn Morimando,13606,AAA,2018,Blue Jays (AAA),1,4,4,20,4.5,4.95,0.9,2.25,5.78307,4.59629,
숀 모리만도,Shawn Morimando,13606,AAA,2019,Blue Jays (AAA),0,16,14,70.1,6.01422,9.72512,4.22275,1.66351,5.52994,5.17507,
숀 모리만도,Shawn Morimando,13606,AAA,2021,Marlins (AAA),0,18,16,89.2,4.31599,8.63197,3.11152,1.70632,5.01309,4.18786,
숀 모리만도,Shawn Morimando,13606,MLB,2021,Marlins,0,4,0,10.1,9.58068,7.83874,4.35485,1.74194,5.39585,5.44089,-0.0670292
타일러 애플러,Tyler Austin Eppler,sa829043,A-,2014,Pirates (A-),0,14,14,68.2,2.49029,6.42233,1.44175,0.786408,3.67428,3.30755,
타일러 애플러,Tyler Austin Eppler,sa829043,A+,2015,Pirates (A+),0,14,12,66.1,2.57789,6.24121,1.8995,0.135678,2.65277,2.99976,
타일러 애플러,Tyler Austin Eppler,sa829043,AA,2015,Pirates (AA),0,1,1,5.1,10.125,5.0625,5.0625,1.6875,6.26865,4.99881,
타일러 애플러,Tyler Austin Eppler,sa829043,AA,2016,Pirates (AA),0,27,27,162.1,3.99179,5.8768,1.82957,0.776181,3.89348,4.11471,
타일러 애플러,Tyler Austin Eppler,sa829043,AAA,2017,Pirates (AAA),0,27,21,136.1,4.88509,6.33741,2.17848,1.51834,4.93656,4.20706,
타일러 애플러,Tyler Austin Eppler,sa829043,AAA,2018,Pirates (AAA),0,28,25,153,3.58824,6.94118,2.29412,0.764706,3.77752,3.99898,
타일러 애플러,Tyler Austin Eppler,sa829043,AAA,2021,Nationals (AAA),0,19,15,72,7.75,6,3.75,2.375,6.91809,5.62765,
딜런 파일,Dylan Michael File,sa3004197,R,2017,Brewers (R),0,12,7,47,4.02128,7.08511,2.48936,1.34043,5.81483,5.59184,
딜런 파일,Dylan Michael File,sa3004197,A,2018,Brewers (A),0,25,25,136.1,3.96088,7.52567,1.84841,0.99022,3.94384,3.59468,
딜런 파일,Dylan Michael File,sa3004197,A+,2019,Brewers (A+),0,12,12,66.1,3.799,8.54774,0.949749,0.542714,2.8073,2.9826,
딜런 파일,Dylan Michael File,sa3004197,AA,2019,Brewers (AA),0,14,14,80.2,2.78926,8.14463,1.67355,0.557851,3.03795,3.22972,
딜런 파일,Dylan Michael File,sa3004197,A+,2021,Brewers (A+),0,2,2,5,7.2,10.8,7.2,1.8,6.97174,5.22004,
딜런 파일,Dylan Michael File,sa3004197,AAA,2021,Brewers (AAA),0,9,9,42.2,5.27344,7.59375,2.53125,1.47656,4.72191,4.54011,
딜런 파일,Dylan Michael File,sa3004197,AAA,2022,Brewers (AAA),0,26,19,114.1,4.5656,7.47813,2.67638,1.02332,4.34729,4.77308,
테일러 와이드너,Taylor Browning Widener,19266,A-,2016,Yankees (A-),0,6,1,15.1,0,14.6739,2.34783,0,0.799711,1.0283,
테일러 와이드너,Taylor Browning Widener,19266,A,2016,Yankees (A),0,7,1,23,0.782609,13.3043,1.17391,0.782609,1.9651,1.65472,
테일러 와이드너,Taylor Browning Widener,19266,A+,2017,Yankees (A+),0,27,27,119.1,3.39385,9.72905,3.77095,0.377095,3.05082,3.44559,
테일러 와이드너,Taylor Browning Widener,19266,AA,2018,Diamondbacks (AA),0,26,25,137.1,2.75243,11.534,2.81796,0.786408,2.9849,3.09093,
테일러 와이드너,Taylor Browning Widener,19266,AAA,2019,Diamondbacks (AAA),0,23,23,100,8.1,9.81,3.69,2.07,5.89668,5.57217,
테일러 와이드너,Taylor Browning Widener,19266,MLB,2020,Diamondbacks,0,12,0,20,4.5,9.9,5.4,2.25,6.49142,5.65177,-0.316355
테일러 와이드너,Taylor Browning Widener,19266,A+,2021,Diamondbacks (A+),0,1,1,4,9,13.5,2.25,0,1.72862,3.29895,
테일러 와이드너,Taylor Browning Widener,19266,AAA,2021,Diamondbacks (AAA),0,1,1,4.2,3.85714,11.5714,1.92857,3.85714,7.57518,4.07154,
테일러 와이드너,Taylor Browning Widener,19266,MLB,2021,Diamondbacks,0,23,13,70.1,4.35071,9.34124,4.7346,1.79147,5.55866,5.27887,-0.224621
테일러 와이드너,Taylor Browning Widener,19266,AAA,2022,Diamondbacks (AAA),0,27,0,36.2,5.4,11.5364,2.94545,1.22727,4.0462,4.59251,
테일러 와이드너,Taylor Browning Widener,19266,MLB,2022,Diamondbacks,0,14,0,17.1,3.63462,7.26924,2.59616,1.03846,4.38166,5.35844,0.0247303
아도니스 메디나,Adonis Medina,19903,R,2014,Phillies (R),0,11,2,26.1,1.36709,7.51899,1.36709,0,2.64187,2.86459,
아도니스 메디나,Adonis Medina,19903,R,2015,Phillies (R),0,10,8,45.1,2.97794,6.94853,2.38235,0.198529,3.24119,3.33328,
아도니스 메디나,Adonis Medina,19903,A-,2016,Phillies (A-),0,13,13,64.2,2.92268,4.73196,3.34021,0.695876,4.66972,4.17045,
아도니스 메디나,Adonis Medina,19903,A,2017,Phillies (A),0,22,22,119.2,3.00836,10.0028,2.93315,0.526462,3.34109,3.37029,
아도니스 메디나,Adonis Medina,19903,A+,2018,Phillies (A+),0,22,21,111.1,4.12275,9.94311,2.91018,0.889222,3.82022,3.41075,
아도니스 메디나,Adonis Medina,19903,AA,2019,Phillies (AA),0,22,21,105.2,4.94006,6.98423,3.49211,0.936909,4.53353,4.30714,
아도니스 메디나,Adonis Medina,19903,MLB,2020,Phillies,0,1,1,4,4.5,9,6.75,0,3.44142,3.92349,0.0943571
아도니스 메디나,Adonis Medina,19903,AAA,2021,Phillies (AAA),0,17,17,67.2,5.05419,7.31527,3.45813,1.33005,4.85515,4.6353,
아도니스 메디나,Adonis Medina,19903,MLB,2021,Phillies,0,4,1,7.2,3.52172,7.04345,4.69563,0,4.34394,5.26447,0.107724
아도니스 메디나,Adonis Medina,19903,AAA,2022,Mets (AAA),0,18,2,31,4.64516,9.58065,4.93548,1.16129,5.08828,5.05997,
아도니스 메디나,Adonis Medina,19903,MLB,2022,Mets,0,14,0,23.2,6.0845,6.46478,2.28169,0.760562,4.04201,4.38208,0.0157998
숀 앤더슨,Shaun Anderson,19453,A-,2016,Red Sox (A-),0,2,2,2.2,30.375,13.5,0,3.375,5.15297,0.935167,
숀 앤더슨,Shaun Anderson,19453,A,2017,Red Sox (A),0,7,7,38.2,2.56034,8.61207,2.56034,0.465517,3.29218,3.44243,
숀 앤더슨,Shaun Anderson,19453,A+,2017,Giants (A+),1,6,5,25.2,3.50649,7.71428,1.4026,0.350649,3.40727,3.90924,
숀 앤더슨,Shaun Anderson,19453,A+,2017,Red Sox (A+),1,11,11,58.2,3.98864,7.36364,2.76136,0.920454,4.11185,3.70427,
숀 앤더슨,Shaun Anderson,19453,AA,2018,Giants (AA),0,17,16,94,3.44681,8.90425,2.10638,0.861702,3.36088,3.2263,
숀 앤더슨,Shaun Anderson,19453,AAA,2018,Giants (AAA),0,8,8,47.1,4.1831,6.46479,2.09155,0.950704,4.44251,4.44705,
숀 앤더슨,Shaun Anderson,19453,AAA,2019,Giants (AAA),0,8,8,38.1,3.75652,9.62609,3.05217,0.704348,3.69233,4.35898,
숀 앤더슨,Shaun Anderson,19453,MLB,2019,Giants,0,28,16,96,5.4375,6.5625,3.5625,1.21875,4.76609,4.95344,0.646063
숀 앤더슨,Shaun Anderson,19453,MLB,2020,Giants,0,18,0,15.1,3.52175,10.5652,7.04349,1.76087,5.7349,5.20354,-0.157527
숀 앤더슨,Shaun Anderson,19453,AAA,2021,Twins (AAA),1,5,0,6,0,7.5,4.5,0,3.19587,5.26219,
숀 앤더슨,Shaun Anderson,19453,AAA,2021,Rangers (AAA),1,2,0,3,0,12,3,0,2.26566,4.19559,
숀 앤더슨,Shaun Anderson,19453,AAA,2021,Padres (AAA),1,11,0,14.1,4.39535,11.3023,3.76744,1.25581,4.49047,4.69621,
숀 앤더슨,Shaun Anderson,19453,MLB,2021,- - -,0,16,0,23.1,8.48569,7.32855,4.62856,1.54285,5.57003,6.21486,-0.0405083
숀 앤더슨,Shaun Anderson,19453,MLB,2021,Twins,1,4,0,8.2,9.34612,8.30766,5.19229,1.03846,4.9008,6.45449,0.01891
숀 앤더슨,Shaun Anderson,19453,MLB,2021,Orioles,1,7,0,10,9,6.3,4.5,2.7,7.47003,6.74589,-0.132026
숀 앤더슨,Shaun Anderson,19453,MLB,2021,Padres,1,5,0,4.2,5.78567,7.71423,3.85712,0,2.74147,4.63184,0.0726078
숀 앤더슨,Shaun Anderson,19453,AAA,2022,Blue Jays (AAA),0,36,15,88,3.57955,7.77273,3.27273,1.125,4.56446,4.90714,
숀 앤더슨,Shaun Anderson,19453,MLB,2022,Blue Jays,0,1,0,1,18,0,0,0,3.11243,7.55354,0.00404535
마리오 산체스,Mario Sanchez,sa691863,R,2012,Nationals (R),0,8,0,14,5.78571,6.42857,4.5,0.642857,4.59051,4.11543,
마리오 산체스,Mario Sanchez,sa691863,R,2013,Nationals (R),0,18,5,58,2.32759,8.37931,2.17241,0.310345,2.45343,2.35365,
마리오 산체스,Mario Sanchez,sa691863,A-,2014,Nationals (A-),0,18,0,35,4.11429,6.42857,2.82857,0.257143,3.49841,3.84472,
마리오 산체스,Mario Sanchez,sa691863,A,2015,Nationals (A),0,29,8,90.2,4.86397,6.94853,1.78676,1.09191,4.1792,3.57551,
마리오 산체스,Mario Sanchez,sa691863,A+,2016,Nationals (A+),0,32,0,78,3.46154,7.15385,2.53846,0.576923,3.86722,4.0458,
마리오 산체스,Mario Sanchez,sa691863,AA,2017,Phillies (AA),0,19,7,56.1,2.87574,5.11243,2.07692,1.11834,4.50314,4.48816,
마리오 산체스,Mario Sanchez,sa691863,R,2018,Phillies (R),1,3,1,4,11.25,9,0,2.25,4.90718,2.73251,
마리오 산체스,Mario Sanchez,sa691863,R,2018,Phillies (R),1,4,3,5,5.4,7.2,0,0,2.05718,3.16323,
마리오 산체스,Mario Sanchez,sa691863,AA,2019,Nationals (AA),0,23,19,113.2,2.85044,8.78886,1.34604,1.26686,3.60184,2.79356,
마리오 산체스,Mario Sanchez,sa691863,AAA,2019,Nationals (AAA),0,4,3,13.2,11.8537,4.60976,3.95122,2.63415,7.89424,7.59391,
마리오 산체스,Mario Sanchez,sa691863,AA,2021,Nationals (AA),0,22,18,106.1,3.97806,9.05643,1.77743,1.35423,4.19255,3.93295,
마리오 산체스,Mario Sanchez,sa691863,AAA,2021,Nationals (AAA),0,2,0,8.1,6.48,8.64,2.16,0,2.16254,3.43775,
마리오 산체스,Mario Sanchez,sa691863,AAA,2022,Twins (AAA),0,28,13,91.1,4.23723,6.89781,2.56204,1.18248,4.63538,5.02183,
애런 윌커슨,Aaron Wilkerson,16904,A-,2014,Red Sox (A-),0,8,8,50,1.62,9.72,1.98,0.54,2.84127,2.79557,
애런 윌커슨,Aaron Wilkerson,16904,A,2015,Red Sox (A),0,5,1,17,4.76471,9,2.64706,1.05882,4.07258,3.32428,
애런 윌커슨,Aaron Wilkerson,16904,A+,2015,Red Sox (A+),0,17,12,79,2.96203,9.68354,2.39241,0,1.90082,2.75958,
애런 윌커슨,Aaron Wilkerson,16904,AA,2015,Red Sox (AA),0,7,7,40.2,2.65574,7.7459,2.87705,0,2.58013,3.44151,
애런 윌커슨,Aaron Wilkerson,16904,AA,2016,Red Sox (AA),0,8,8,44.1,1.82707,9.74436,2.84211,0.406015,2.72597,3.08565,
애런 윌커슨,Aaron Wilkerson,16904,AAA,2016,Red Sox (AAA),1,9,8,48,2.4375,10.125,2.0625,0.9375,3.2109,3.13415,
애런 윌커슨,Aaron Wilkerson,16904,AAA,2016,Brewers (AAA),1,11,11,54.2,6.42073,9.38415,2.63415,0.823171,3.86722,4.39532,
애런 윌커슨,Aaron Wilkerson,16904,AA,2017,Brewers (AA),0,24,24,142.1,3.16159,9.04215,2.27635,0.758782,3.00068,3.07632,
애런 윌커슨,Aaron Wilkerson,16904,MLB,2017,Brewers,0,3,2,10.1,3.48388,6.09679,0.870971,0.870971,3.35119,4.15884,0.193268
애런 윌커슨,Aaron Wilkerson,16904,AAA,2018,Brewers (AAA),0,15,12,72.1,2.48848,7.58986,3.1106,0.373272,3.63473,4.75448,
애런 윌커슨,Aaron Wilkerson,16904,MLB,2018,Brewers,0,3,1,9,10,10,3,4,8.04932,4.84072,-0.116129
애런 윌커슨,Aaron Wilkerson,16904,AAA,2019,Brewers (AAA),0,17,17,76.1,3.41921,9.55022,3.41921,1.17904,4.59581,5.29344,
애런 윌커슨,Aaron Wilkerson,16904,MLB,2019,Brewers,0,8,0,16,7.3125,6.1875,5.0625,2.25,6.77651,6.75897,-0.228609
애런 윌커슨,Aaron Wilkerson,16904,AAA,2021,Dodgers (AAA),0,23,19,112,3.85714,10.0446,1.92857,0.964286,3.84304,4.55243,
버치 스미스,Burch Taylor Smith,12784,R,2011,Padres (R),0,2,0,2,4.5,18,4.5,0,1.87576,2.22108,
버치 스미스,Burch Taylor Smith,12784,A+,2012,Padres (A+),0,26,26,128.2,3.84715,9.5829,1.8886,0.76943,3.58878,3.94462,
버치 스미스,Burch Taylor Smith,12784,AA,2013,Padres (AA),0,6,6,31.1,1.14894,10.6277,1.7234,0.287234,1.8755,2.40466,
버치 스미스,Burch Taylor Smith,12784,AAA,2013,Padres (AAA),0,12,12,61,3.39344,9.59016,2.5082,0.590164,3.17632,3.63729,
버치 스미스,Burch Taylor Smith,12784,MLB,2013,Padres,0,10,7,36.1,6.44037,11.3945,5.20184,2.22936,5.46987,4.09212,-0.259512
버치 스미스,Burch Taylor Smith,12784,AAA,2014,Padres (AAA),0,2,2,5.1,18.5625,5.0625,8.4375,3.375,10.2629,6.86793,
버치 스미스,Burch Taylor Smith,12784,R,2017,Rays (R),0,1,1,3,6,12,0,0,0.757863,1.50438,
버치 스미스,Burch Taylor Smith,12784,A+,2017,Rays (A+),0,9,8,37,2.43243,8.02703,4.86486,0.243243,3.82411,4.5052,
버치 스미스,Burch Taylor Smith,12784,AAA,2017,Rays (AAA),0,3,3,16.1,1.65306,10.4694,2.20408,1.10204,3.33754,2.93761,
버치 스미스,Burch Taylor Smith,12784,MLB,2018,Royals,0,38,6,78,6.92308,8.88461,4.61538,1.73077,5.37838,4.84761,-0.513731
버치 스미스,Burch Taylor Smith,12784,AAA,2019,Brewers (AAA),1,15,15,77.1,2.32759,9.89224,4.30603,0.698276,4.27513,5.3938,
버치 스미스,Burch Taylor Smith,12784,AAA,2019,Giants (AAA),1,3,2,15,4.2,10.8,5.4,0.6,4.46335,5.12378,
버치 스미스,Burch Taylor Smith,12784,MLB,2019,- - -,0,17,0,21.1,5.48436,8.43747,5.90623,1.26562,5.2765,6.52544,-0.0618311
버치 스미스,Burch Taylor Smith,12784,MLB,2019,Brewers,1,7,0,12.2,7.81577,9.94734,7.10524,2.13157,6.68768,6.59255,-0.207038
버치 스미스,Burch Taylor Smith,12784,MLB,2019,Giants,1,10,0,8.2,2.07692,6.23074,4.15383,0,3.21401,6.42733,0.145207
버치 스미스,Burch Taylor Smith,12784,MLB,2020,Athletics,0,6,0,12,2.25,9.75,0.75,0.75,2.35809,3.84579,0.363617
버치 스미스,Burch Taylor Smith,12784,AAA,2021,Athletics (AAA),0,4,0,5.1,10.125,11.8125,6.75,5.0625,10.8698,6.81409,
버치 스미스,Burch Taylor Smith,12784,MLB,2021,Athletics,0,31,0,43.1,5.4,5.81539,2.28462,1.03846,4.2085,5.15146,0.0813903
리카르도 산체스,Ricardo Jose Sánchez,17581,R,2014,Angels (R),0,12,9,38.2,3.49138,10.0086,5.12069,0,3.89925,4.40964,
리카르도 산체스,Ricardo Jose Sánchez,17581,A,2015,Braves (A),0,10,10,39.2,5.44538,7.03361,4.76471,0.680672,4.94653,4.88885,
리카르도 산체스,Ricardo Jose Sánchez,17581,A,2016,Braves (A),0,24,23,119.1,4.7514,7.76816,4.07263,1.05587,4.68201,4.34228,
리카르도 산체스,Ricardo Jose Sánchez,17581,A+,2017,Braves (A+),0,22,21,100,4.95,9.09,4.14,0.9,4.0606,3.68238,
리카르도 산체스,Ricardo Jose Sánchez,17581,R,2018,Braves (R),1,1,1,4.1,2.07692,8.3077,2.07692,0,3.19564,4.04645,
리카르도 산체스,Ricardo Jose Sánchez,17581,R,2018,Braves (R),1,2,2,11.2,3.08571,6.94286,2.31429,0.771428,4.84843,5.11708,
리카르도 산체스,Ricardo Jose Sánchez,17581,AA,2018,Braves (AA),0,13,13,57.2,4.0578,6.86705,3.74566,0.468208,3.86643,4.4744,
리카르도 산체스,Ricardo Jose Sánchez,17581,AA,2019,Mariners (AA),0,27,27,146,4.43836,8.32192,2.34247,0.616438,3.39587,3.52823,
리카르도 산체스,Ricardo Jose Sánchez,17581,MLB,2020,Cardinals,0,3,0,5.1,6.75004,6.75004,8.43755,1.68751,7.50395,7.59732,-0.109394
리카르도 산체스,Ricardo Jose Sánchez,17581,AAA,2022,Phillies (AAA),1,21,21,92,4.79348,8.11957,3.32609,0.978261,4.4859,4.66819,
리카르도 산체스,Ricardo Jose Sánchez,17581,AAA,2022,Tigers (AAA),1,5,5,24.1,5.54795,7.39726,2.58904,1.10959,4.32956,4.35333,
에릭 페디,Erick James Fedde,17425,A-,2015,Nationals (A-),0,8,8,35,2.57143,9.25714,2.05714,0.257143,2.60166,2.70302,
에릭 페디,Erick James Fedde,17425,A,2015,Nationals (A),0,6,6,29,4.34483,7.13793,2.48276,0.310345,3.48435,3.6825,
에릭 페디,Erick James Fedde,17425,A+,2016,Nationals (A+),0,18,17,91.2,2.84727,9.32727,1.86545,0.687273,3.21944,2.85556,
에릭 페디,Erick James Fedde,17425,AA,2016,Nationals (AA),0,5,5,29.1,3.98864,8.59091,3.06818,0.306818,3.01664,3.82904,
에릭 페디,Erick James Fedde,17425,AA,2017,Nationals (AA),0,17,7,56.1,3.0355,8.62722,2.87574,0.639053,3.24278,3.14097,
에릭 페디,Erick James Fedde,17425,AAA,2017,Nationals (AAA),0,12,6,34,4.76471,6.61765,1.32353,0.794118,3.54342,3.46995,
에릭 페디,Erick James Fedde,17425,MLB,2017,Nationals,0,3,3,15.1,9.39132,8.80437,4.69566,2.93479,7.20113,4.12208,-0.233761
에릭 페디,Erick James Fedde,17425,AA,2018,Nationals (AA),0,1,1,4,2.25,9,4.5,0,2.82896,2.82896,
에릭 페디,Erick James Fedde,17425,AAA,2018,Nationals (AAA),0,13,13,67.1,4.41089,9.35644,2.40594,0.40099,2.67961,2.93454,
에릭 페디,Erick James Fedde,17425,MLB,2018,Nationals,0,11,11,50.1,5.54305,8.22517,3.93378,1.43046,4.7101,3.82516,0.280899
에릭 페디,Erick James Fedde,17425,AA,2019,Nationals (AA),0,5,4,24.2,2.55405,9.85135,1.82432,0.72973,2.76535,2.54912,
에릭 페디,Erick James Fedde,17425,AAA,2019,Nationals (AAA),0,2,2,10,12.6,9,3.6,4.5,9.79668,5.37909,
에릭 페디,Erick James Fedde,17425,MLB,2019,Nationals,0,21,12,78,4.5,4.73077,3.80769,1.26923,5.34221,5.26856,0.14609
에릭 페디,Erick James Fedde,17425,MLB,2020,Nationals,0,11,8,50.1,4.29139,5.00663,3.93378,1.78808,6.15169,5.21624,-0.271361
에릭 페디,Erick James Fedde,17425,A+,2021,Nationals (A+),0,1,1,5,3.6,5.4,1.8,0,3.16543,6.83734,
에릭 페디,Erick James Fedde,17425,MLB,2021,Nationals,0,29,27,133.1,5.4675,8.64,3.24,1.5525,4.66253,4.06089,1.17994
에릭 페디,Erick James Fedde,17425,AAA,2022,Nationals (AAA),0,1,1,4,0,9,2.25,0,2.25764,4.31902,
에릭 페디,Erick James Fedde,17425,MLB,2022,Nationals,0,27,27,127,5.81102,6.66142,4.11024,1.48819,5.1518,4.73901,0.295668
태너 털리,Tanner Paul Tully,19518,A-,2016,Indians (A-),0,13,7,46,1.17391,5.08696,1.76087,0,2.99536,3.70653,
태너 털리,Tanner Paul Tully,19518,A,2017,Indians (A),0,16,8,77,3.15584,8.88312,1.16883,1.16883,3.79594,3.39997,
태너 털리,Tanner Paul Tully,19518,A+,2017,Indians (A+),0,5,3,23.2,4.94366,4.56338,2.28169,0.760563,4.36777,5.06169,
태너 털리,Tanner Paul Tully,19518,AA,2017,Indians (AA),0,3,3,16.2,4.32,2.16,2.7,1.08,5.20503,5.28208,
태너 털리,Tanner Paul Tully,19518,AAA,2017,Indians (AAA),0,1,1,7,3.85714,3.85714,1.28571,0,2.90897,4.82098,
태너 털리,Tanner Paul Tully,19518,A+,2018,Indians (A+),0,26,26,147,4.46939,6.67347,1.22449,1.04082,3.82576,3.38052,
태너 털리,Tanner Paul Tully,19518,AA,2019,Indians (AA),0,23,23,129.1,4.38402,5.21907,1.87887,0.626289,3.63467,4.0312,
태너 털리,Tanner Paul Tully,19518,AAA,2019,Indians (AAA),0,3,3,14.2,4.90909,8.59091,1.22727,1.22727,3.89746,3.86515,
태너 털리,Tanner Paul Tully,19518,AA,2021,Cleveland (AA),0,17,12,74,2.67568,7.78378,2.18919,0.72973,3.77219,4.43518,
태너 털리,Tanner Paul Tully,19518,AAA,2021,Cleveland (AAA),0,9,6,39,5.07692,7.61538,3.23077,0.923077,4.08049,4.60911,
태너 털리,Tanner Paul Tully,19518,AAA,2022,Cleveland (AAA),0,24,20,122,4.72131,7.22951,1.91803,0.885246,3.94206,4.29896,
태너 털리,Tanner Paul Tully,19518,MLB,2022,Guardians,0,3,0,6,6,3,9,1.5,7.61243,7.91305,-0.138337
보 슐서,Beau Grayson Sulser,23420,A-,2017,Pirates (A-),0,18,6,40.2,5.31147,7.30328,1.54918,0.885246,3.67787,3.04504,
보 슐서,Beau Grayson Sulser,23420,A,2018,Pirates (A),0,36,0,57.1,2.35465,9.88954,0.627907,0.627907,2.54623,2.57421,
보 슐서,Beau Grayson Sulser,23420,AA,2019,Pirates (AA),0,33,6,96,2.71875,5.90625,2.90625,0.375,3.43117,4.1094,
보 슐서,Beau Grayson Sulser,23420,AAA,2021,Pirates (AAA),0,26,24,122.2,5.64946,7.4837,3.88859,1.54076,5.31906,5.31706,
보 슐서,Beau Grayson Sulser,23420,AAA,2022,Orioles (AAA),1,17,3,44,4.70455,9.40909,2.45455,0.818182,3.48491,4.06464,
보 슐서,Beau Grayson Sulser,23420,AAA,2022,Pirates (AAA),1,3,3,12.2,2.13158,9.94737,1.42105,0.710526,2.79711,3.20291,
보 슐서,Beau Grayson Sulser,23420,MLB,2022,- - -,0,10,0,22.1,3.62685,7.65669,3.62685,1.20895,4.50049,4.34507,-0.0354634
보 슐서,Beau Grayson Sulser,23420,MLB,2022,Pirates,1,4,0,9.2,3.72412,9.31031,5.58619,0.931031,4.5607,5.05357,-0.0154027
보 슐서,Beau Grayson Sulser,23420,MLB,2022,Orioles,1,6,0,12.2,3.55262,6.39472,2.13157,1.42105,4.45453,3.80436,-0.0200607
커크 맥카티,Kirkland Kirk McCarty,20555,A-,2017,Indians (A-),0,13,6,34,1.85294,8.73529,2.64706,0.794118,3.69667,3.17596,
커크 맥카티,Kirkland Kirk McCarty,20555,A,2018,Indians (A),0,22,22,115.1,4.29191,10.3006,2.65318,1.09249,3.70717,3.0344,
커크 맥카티,Kirkland Kirk McCarty,20555,A+,2018,Indians (A+),0,5,5,31,3.19355,8.41935,1.16129,0.580645,3.09831,3.21535,
커크 맥카티,Kirkland Kirk McCarty,20555,A+,2019,Indians (A+),0,13,13,55.2,5.65868,9.7006,2.58683,0.323353,2.55381,3.16538,
커크 맥카티,Kirkland Kirk McCarty,20555,AAA,2021,Cleveland (AAA),0,24,24,124,5.00806,7.54839,3.19355,1.81452,5.44318,5.22181,
커크 맥카티,Kirkland Kirk McCarty,20555,AAA,2022,Orioles (AAA),1,1,1,4,6.75,4.5,0,2.25,5.75764,5.39357,
커크 맥카티,Kirkland Kirk McCarty,20555,AAA,2022,Cleveland (AAA),1,17,8,61.1,3.375,7.77717,3.375,1.61413,5.28481,4.83542,
커크 맥카티,Kirkland Kirk McCarty,20555,MLB,2022,Guardians,0,13,2,37.2,4.53982,6.21238,3.10619,2.62832,6.6434,4.85134,-0.824232
로에니스 엘리아스,Roenis Elías,12673,R,2011,Mariners (R),1,3,1,11,0.818182,6.54545,2.45455,0,3.69039,4.72241,
로에니스 엘리아스,Roenis Elías,12673,R,2011,Mariners (R),1,1,0,1,0,0,0,0,4.37576,5.75703,
로에니스 엘리아스,Roenis Elías,12673,A,2011,Mariners (A),0,7,7,36.1,5.44954,8.17431,4.45872,1.73395,5.61692,4.03172,
로에니스 엘리아스,Roenis Elías,12673,A+,2012,Mariners (A+),0,26,26,148.1,3.7618,7.76629,2.48764,1.15281,4.74451,4.556,
로에니스 엘리아스,Roenis Elías,12673,AA,2013,Mariners (AA),0,22,22,130,3.18462,8.37692,3.46154,0.623077,3.19724,3.26645,
로에니스 엘리아스,Roenis Elías,12673,AAA,2014,Mariners (AAA),0,1,1,5,0,10.8,1.8,0,1.90038,2.68974,
로에니스 엘리아스,Roenis Elías,12673,MLB,2014,Mariners,0,29,29,163.2,3.84929,7.86354,3.51935,0.879837,4.03042,3.95271,1.0527
로에니스 엘리아스,Roenis Elías,12673,AAA,2015,Mariners (AAA),0,12,12,61.1,7.33696,6.89674,2.6413,1.32065,5.05047,4.48717,
로에니스 엘리아스,Roenis Elías,12673,MLB,2015,Mariners,0,22,20,115.1,4.13584,7.56937,3.43353,1.17052,4.52088,4.3911,0.595857
로에니스 엘리아스,Roenis Elías,12673,AAA,2016,Red Sox (AAA),0,21,19,125,3.6,8.136,4.104,0.72,3.91323,3.87966,
로에니스 엘리아스,Roenis Elías,12673,MLB,2016,Red Sox,0,3,1,7.2,12.913,3.52172,5.86954,2.34782,7.71176,6.71023,-0.190285
로에니스 엘리아스,Roenis Elías,12673,A-,2017,Red Sox (A-),0,1,1,2,0,9,0,0,1.43196,2.85169,
로에니스 엘리아스,Roenis Elías,12673,A+,2017,Red Sox (A+),0,1,1,4,15.75,2.25,4.5,2.25,7.64594,7.04737,
로에니스 엘리아스,Roenis Elías,12673,AA,2017,Red Sox (AA),0,1,1,2.2,3.375,3.375,3.375,3.375,8.47503,5.82427,
로에니스 엘리아스,Roenis Elías,12673,AAA,2017,Red Sox (AAA),0,7,7,34,6.61765,6.61765,2.38235,2.38235,6.45518,4.83911,
로에니스 엘리아스,Roenis Elías,12673,MLB,2017,Red Sox,0,1,0,0.1,0,27.0027,27.0027,0,6.15794,6.15794,-0.00343734
로에니스 엘리아스,Roenis Elías,12673,AAA,2018,Red Sox (AAA),1,4,0,7.1,1.22727,11.0455,2.45455,1.22727,4.69671,4.01811,
로에니스 엘리아스,Roenis Elías,12673,AAA,2018,Mariners (AAA),1,10,7,33.2,4.54455,8.28713,4.0099,0.267327,3.98295,4.48787,
로에니스 엘리아스,Roenis Elías,12673,MLB,2018,Mariners,0,23,4,51,2.64706,6,2.82353,0.176471,3.082,4.96448,0.931993
로에니스 엘리아스,Roenis Elías,12673,MLB,2019,- - -,0,48,0,50,3.96,8.46,3.24,1.8,5.07401,4.78149,-0.0691783
로에니스 엘리아스,Roenis Elías,12673,MLB,2019,Mariners,1,44,0,47,3.6383,8.61702,3.25532,1.53191,4.66082,4.6912,0.178287
로에니스 엘리아스,Roenis Elías,12673,MLB,2019,Nationals,1,4,0,3,9,6,3,6,11.5473,6.19602,-0.247465
로에니스 엘리아스,Roenis Elías,12673,AAA,2022,Mariners (AAA),0,37,9,65,5.12308,7.61538,2.63077,1.10769,4.63991,5.40708,
로에니스 엘리아스,Roenis Elías,12673,MLB,2022,Mariners,0,7,0,7.2,3.52172,7.04345,3.52172,1.17391,4.41677,4.65204,-0.0349257
아리엘 후라도,Ariel Bolívar Jurado Agrazal,17030,R,2013,Rangers (R),0,9,9,49,2.38776,8.63265,0.55102,0.183673,1.9281,1.88399,
아리엘 후라도,Ariel Bolívar Jurado Agrazal,17030,R,2014,Rangers (R),0,14,3,38.2,1.62931,8.14655,1.86207,0.232759,3.2527,3.36102,
아리엘 후라도,Ariel Bolívar Jurado Agrazal,17030,A,2015,Rangers (A),0,22,15,99,2.45455,8.63636,1.09091,0.454545,2.61566,2.37726,
아리엘 후라도,Ariel Bolívar Jurado Agrazal,17030,A+,2016,Rangers (A+),0,16,16,79.1,3.85714,8.05462,2.72269,0.453782,3.52548,3.55707,
아리엘 후라도,Ariel Bolívar Jurado Agrazal,17030,AA,2016,Rangers (AA),0,8,6,43.2,3.29771,7.21374,2.06107,0.618321,3.29676,3.36978,
아리엘 후라도,Ariel Bolívar Jurado Agrazal,17030,AA,2017,Rangers (AA),0,27,27,157,4.58599,5.44586,2.12102,0.917197,4.32741,4.0008,
아리엘 후라도,Ariel Bolívar Jurado Agrazal,17030,AA,2018,Rangers (AA),0,16,16,101.2,3.27541,5.13443,1.50492,1.0623,4.43538,4.1191,
아리엘 후라도,Ariel Bolívar Jurado Agrazal,17030,MLB,2018,Rangers,0,12,8,54.2,5.92683,3.62195,2.96341,1.15244,5.00799,5.03526,0.318708
아리엘 후라도,Ariel Bolívar Jurado Agrazal,17030,AAA,2019,Rangers (AAA),0,4,4,22.2,3.57353,8.73529,0.794118,0.397059,2.82609,4.54934,
아리엘 후라도,Ariel Bolívar Jurado Agrazal,17030,MLB,2019,Rangers,0,32,18,122.1,5.81199,5.95913,2.6485,1.54496,5.10229,5.00082,0.931236
아리엘 후라도,Ariel Bolívar Jurado Agrazal,17030,MLB,2020,Mets,0,1,1,4,11.25,4.5,0,2.25,5.44142,5.08384,0.0611678
아리엘 후라도,Ariel Bolívar Jurado Agrazal,17030,A,2022,Twins (A),0,1,1,4,0,9,4.5,0,3.02048,3.69767,
아리엘 후라도,Ariel Bolívar Jurado Agrazal,17030,AAA,2022,Twins (AAA),0,14,7,53.1,3.54375,7.425,2.025,1.18125,4.29514,4.104,
이안 맥키니,Ian McKinney,sa738318,R,2013,Cardinals (R),0,10,5,30.1,0.89011,7.12088,3.56044,0,3.36118,3.785,
이안 맥키니,Ian McKinney,sa738318,R,2014,Cardinals (R),0,6,6,35.2,1.26168,7.82243,1.76635,0,2.58708,3.41977,
이안 맥키니,Ian McKinney,sa738318,A-,2014,Cardinals (A-),0,2,2,11.2,6.17143,6.94286,1.54286,0,2.92699,4.19682,
이안 맥키니,Ian McKinney,sa738318,A-,2015,Cardinals (A-),0,8,8,45.2,2.75912,7.88321,2.36496,0.19708,3.03419,3.24932,
이안 맥키니,Ian McKinney,sa738318,A,2015,Cardinals (A),0,6,6,38.1,2.58261,6.8087,1.87826,0,2.82115,3.65742,
이안 맥키니,Ian McKinney,sa738318,A+,2015,Cardinals (A+),0,1,0,3,0,15,0,0,-0.167998,0.160921,
이안 맥키니,Ian McKinney,sa738318,A+,2016,Cardinals (A+),0,23,22,123,4.17073,7.39024,3.65854,0.731707,3.96009,3.8162,
이안 맥키니,Ian McKinney,sa738318,AA,2016,Cardinals (AA),0,2,2,9.1,2.89286,6.75,6.75,0.964286,5.32511,5.18787,
이안 맥키니,Ian McKinney,sa738318,A+,2017,Cardinals (A+),0,26,1,49,2.02041,8.81633,4.40816,0.183673,3.331,3.70971,
이안 맥키니,Ian McKinney,sa738318,AA,2017,Cardinals (AA),0,14,2,22.2,5.16176,3.97059,4.36765,1.19118,5.60879,5.21003,
이안 맥키니,Ian McKinney,sa738318,A+,2018,Cardinals (A+),0,5,1,7.1,3.68182,17.1818,3.68182,0,1.29709,1.53643,
이안 맥키니,Ian McKinney,sa738318,AA,2018,Cardinals (AA),0,18,0,31.1,5.17021,6.89362,6.60638,1.43617,6.38794,5.90262,
이안 맥키니,Ian McKinney,sa738318,A+,2019,Mariners (A+),0,25,25,136.1,2.83863,9.77017,3.56479,0.396088,3.58244,4.18123,
이안 맥키니,Ian McKinney,sa738318,AA,2019,Mariners (AA),0,3,3,15,4.8,12,3,3,6.31733,3.48664,
이안 맥키니,Ian McKinney,sa738318,AA,2021,Mariners (AA),0,6,6,33,2.18182,13.6364,4.09091,0.545455,2.6917,2.87025,
이안 맥키니,Ian McKinney,sa738318,AAA,2021,Mariners (AAA),0,11,10,53.2,6.03727,8.04969,4.69565,1.67702,6.41059,6.61341,
이안 맥키니,Ian McKinney,sa738318,AAA,2022,Mariners (AAA),0,10,4,22.1,10.0746,3.22388,6.85075,2.01493,8.73589,8.45435,
조던 발라조빅,Jordan Balazovic,21866,R,2016,Twins (R),0,8,6,32,1.96875,4.5,1.40625,0,3.45642,4.04685,
조던 발라조빅,Jordan Balazovic,21866,R,2017,Twins (R),0,10,3,40.1,4.90909,6.47108,4.46281,1.1157,5.23445,4.3586,
조던 발라조빅,Jordan Balazovic,21866,A,2018,Twins (A),0,12,11,61.2,3.94054,11.3838,2.62703,0.72973,3.02768,3.02647,
조던 발라조빅,Jordan Balazovic,21866,A,2019,Twins (A),0,4,4,20.2,2.17742,14.371,1.74194,0.435484,1.60872,1.97197,
조던 발라조빅,Jordan Balazovic,21866,A+,2019,Twins (A+),0,15,14,73,2.83562,11.8356,2.58904,0.369863,2.28048,2.54556,
조던 발라조빅,Jordan Balazovic,21866,AA,2021,Twins (AA),0,20,20,97,3.61856,9.46392,3.52577,0.835052,3.91256,4.27724,
조던 발라조빅,Jordan Balazovic,21866,A,2022,Twins (A),0,1,0,2,18,4.5,9,4.5,13.5205,9.05205,
조던 발라조빅,Jordan Balazovic,21866,AAA,2022,Twins (AAA),0,22,21,70.2,7.38679,9.67925,4.45755,2.54717,6.60669,4.53766,
조던 발라조빅,Jordan Balazovic,21866,AAA,2023,Twins (AAA),0,22,3,45.2,5.32117,10.6423,6.30657,0.985401,4.79884,4.59572,
조던 발라조빅,Jordan Balazovic,21866,MLB,2023,Twins,0,18,0,24.1,4.43836,6.28767,4.43836,1.84932,6.00847,5.30767,-0.369913
코너 시볼드,Connor Seabold,19695,A-,2017,Phillies (A-),0,5,0,10,0.9,11.7,1.8,0,1.43196,1.99986,
코너 시볼드,Connor Seabold,19695,A+,2018,Phillies (A+),0,12,12,71.2,3.76744,8.53954,1.75814,0.753488,3.33937,3.12042,
코너 시볼드,Connor Seabold,19695,AA,2018,Phillies (AA),0,11,11,58.2,4.90909,9.81818,2.91477,1.53409,4.48805,3.55886,
코너 시볼드,Connor Seabold,19695,R,2019,Phillies (R),1,2,2,5,0,18,0,0,-0.493128,-0.493128,
코너 시볼드,Connor Seabold,19695,R,2019,Phillies (R),1,1,1,2.1,11.5714,7.7143,0,0,5.64973,6.48779,
코너 시볼드,Connor Seabold,19695,A+,2019,Phillies (A+),0,2,1,9,1,10,1,1,3.19676,2.48285,
코너 시볼드,Connor Seabold,19695,AA,2019,Phillies (AA),0,7,7,40,2.25,8.1,2.25,0.45,2.77075,3.10487,
코너 시볼드,Connor Seabold,19695,AAA,2021,Red Sox (AAA),0,11,11,54,3.5,8.66667,3.16667,1,4.26994,5.12141,
코너 시볼드,Connor Seabold,19695,MLB,2021,Red Sox,0,1,1,3,6,0,6,3,9.50337,7.52252,-0.118252
코너 시볼드,Connor Seabold,19695,AAA,2022,Red Sox (AAA),0,19,19,86.2,3.32308,9.24231,1.97308,0.726923,3.36918,4.2981,
코너 시볼드,Connor Seabold,19695,MLB,2022,Red Sox,0,5,5,18.1,11.2909,9.32729,3.92728,2.45455,6.38516,5.50437,-0.210116
코너 시볼드,Connor Seabold,19695,AAA,2023,Rockies (AAA),0,8,8,31.1,7.46809,10.3404,2.29787,0.861702,3.94967,5.14882,
코너 시볼드,Connor Seabold,19695,MLB,2023,Rockies,0,27,13,87.1,7.5229,6.90458,2.8855,1.95802,5.75122,5.59232,-0.145441
데니 레예스,Denyi Reyes,20526,R,2015,Red Sox (R),0,15,14,75,2.88,7.56,0.36,0,2.06293,2.43409,
데니 레예스,Denyi Reyes,20526,R,2016,Red Sox (R),0,9,3,34.2,2.33654,6.49038,1.03846,0.778846,3.36027,2.99223,
데니 레예스,Denyi Reyes,20526,A-,2017,Red Sox (A-),0,15,0,62,1.45161,7.69355,1.01613,0.435484,2.73842,2.93374,
데니 레예스,Denyi Reyes,20526,A,2018,Red Sox (A),0,21,18,123.2,1.89218,8.87871,0.946092,0.800539,3.06634,3.14716,
데니 레예스,Denyi Reyes,20526,A+,2018,Red Sox (A+),0,6,6,32,2.25,6.46875,1.6875,0.5625,3.38763,3.58781,
데니 레예스,Denyi Reyes,20526,AA,2019,Red Sox (AA),0,26,26,151.1,4.163,6.89868,2.20044,0.832599,3.69278,3.99232,
데니 레예스,Denyi Reyes,20526,AA,2021,Red Sox (AA),0,20,5,57.2,4.21387,9.83237,1.56069,1.56069,4.31312,3.93574,
데니 레예스,Denyi Reyes,20526,A,2022,Orioles (A),0,1,1,5,1.8,9,1.8,0,2.44619,4.11177,
데니 레예스,Denyi Reyes,20526,A+,2022,Orioles (A+),0,1,1,1,0,18,0,0,-0.341719,1.13787,
데니 레예스,Denyi Reyes,20526,AAA,2022,Orioles (AAA),0,15,10,54,7.16667,9,1.33333,2.16667,5.19282,4.262,
데니 레예스,Denyi Reyes,20526,MLB,2022,Orioles,0,3,1,7.2,2.34782,3.52172,1.17391,0,2.72113,4.65204,0.155158
데니 레예스,Denyi Reyes,20526,AAA,2023,Mets (AAA),0,20,18,91.2,5.79273,7.06909,3.24,2.35636,6.58347,5.69528,
데니 레예스,Denyi Reyes,20526,MLB,2023,Mets,0,9,3,19.2,7.77966,7.77966,3.66102,1.37288,4.88216,4.74862,0.075119
디트릭 엔스,Dietrich Arthur Enns,13932,A-,2012,Yankees (A-),0,22,0,42.2,2.10937,6.96094,3.16406,0,2.84034,3.34857,
디트릭 엔스,Dietrich Arthur Enns,13932,A,2013,Yankees (A),0,19,1,44.1,0.609023,14.0075,2.84211,0,1.51855,2.08001,
디트릭 엔스,Dietrich Arthur Enns,13932,A+,2013,Yankees (A+),0,9,7,38.1,5.63478,10.0957,4.93044,0.939131,4.154,3.70485,
디트릭 엔스,Dietrich Arthur Enns,13932,A+,2014,Yankees (A+),0,13,1,25.1,1.42105,9.23684,3.55263,0.355263,3.15419,3.33224,
디트릭 엔스,Dietrich Arthur Enns,13932,R,2015,Yankees (R),0,3,3,11.1,0,11.9118,4.76471,0,2.24854,2.44283,
디트릭 엔스,Dietrich Arthur Enns,13932,A+,2015,Yankees (A+),0,10,9,47.1,0.760563,7.60563,2.66197,0,2.4259,3.07216,
디트릭 엔스,Dietrich Arthur Enns,13932,AA,2016,Yankees (AA),0,12,12,70,1.92857,9.51429,3.85714,0.385714,3.12898,3.72644,
디트릭 엔스,Dietrich Arthur Enns,13932,AAA,2016,Yankees (AAA),0,14,10,65,1.52308,6.92308,3.6,0.415385,3.52308,3.85014,
디트릭 엔스,Dietrich Arthur Enns,13932,R,2017,Yankees (R),0,1,0,6,0,15,0,0,0.0911962,0.464454,
디트릭 엔스,Dietrich Arthur Enns,13932,AAA,2017,Twins (AAA),1,3,1,11.2,2.31429,6.94286,3.08571,1.54286,5.05182,4.17904,
디트릭 엔스,Dietrich Arthur Enns,13932,AAA,2017,Yankees (AAA),1,7,7,39.1,2.28814,8.4661,2.28814,0.228814,2.70194,3.48506,
디트릭 엔스,Dietrich Arthur Enns,13932,MLB,2017,Twins,0,2,1,4,6.75,4.5,2.25,4.5,9.40764,6.90995,-0.143485
디트릭 엔스,Dietrich Arthur Enns,13932,AA,2018,Twins (AA),0,11,9,60.2,4.00549,9.04945,1.92857,0.593407,2.85255,2.99421,
디트릭 엔스,Dietrich Arthur Enns,13932,AAA,2018,Twins (AAA),0,14,13,68.1,5.13659,5.92683,3.95122,1.05366,4.98673,4.80671,
디트릭 엔스,Dietrich Arthur Enns,13932,AAA,2019,Padres (AAA),0,28,25,137,6.70073,6.89781,3.67883,2.43066,7.04485,5.90512,
디트릭 엔스,Dietrich Arthur Enns,13932,AAA,2021,Rays (AAA),0,19,11,71.2,2.63721,11.3023,2.26047,1.00465,3.09742,3.22792,
디트릭 엔스,Dietrich Arthur Enns,13932,MLB,2021,Rays,0,9,0,22.1,2.8209,10.0746,2.41791,0.402986,2.31929,4.02824,0.593873
엘리에이저 에르난데스,Elieser Hernández,16933,R,2012,Astros (R),0,12,8,35,4.11429,6.42857,2.05714,0,2.5048,2.90387,
엘리에이저 에르난데스,Elieser Hernández,16933,R,2013,Astros (R),0,13,12,57.1,1.25581,7.22093,3.29651,0.156977,2.91694,3.06318,
엘리에이저 에르난데스,Elieser Hernández,16933,R,2014,Astros (R),1,4,1,10,0,7.2,4.5,0,3.76839,4.13058,
엘리에이저 에르난데스,Elieser Hernández,16933,R,2014,Astros (R),1,8,3,35.2,2.7757,8.57944,2.01869,0.504673,3.25506,2.93431,
엘리에이저 에르난데스,Elieser Hernández,16933,A-,2015,Astros (A-),0,5,2,20.2,1.30645,13.0645,0.870968,0,1.19337,1.5523,
엘리에이저 에르난데스,Elieser Hernández,16933,A,2015,Astros (A),0,10,7,45.2,3.94161,9.06569,2.16788,0.591241,3.28558,3.37708,
엘리에이저 에르난데스,Elieser Hernández,16933,A,2016,Astros (A),0,11,9,57,2.36842,10.7368,1.89474,0.473684,2.56248,2.59035,
엘리에이저 에르난데스,Elieser Hernández,16933,A+,2016,Astros (A+),0,13,10,50.2,6.92763,6.92763,4.08553,1.95395,6.53692,5.59093,
엘리에이저 에르난데스,Elieser Hernández,16933,R,2017,Astros (R),0,3,2,10,1.8,12.6,0.9,0,0.924529,1.26046,
엘리에이저 에르난데스,Elieser Hernández,16933,A+,2017,Astros (A+),0,15,11,63.1,3.97895,10.5158,2.98421,0.852632,3.52225,3.54661,
엘리에이저 에르난데스,Elieser Hernández,16933,A+,2018,Marlins (A+),0,2,2,6,6,7.5,6,3,8.14557,4.39729,
엘리에이저 에르난데스,Elieser Hernández,16933,AA,2018,Marlins (AA),0,2,2,9,4,10,4,3,6.80798,3.97081,
엘리에이저 에르난데스,Elieser Hernández,16933,AAA,2018,Marlins (AAA),0,1,1,2.2,6.74999,6.74999,0,3.375,7.12033,3.71266,
엘리에이저 에르난데스,Elieser Hernández,16933,MLB,2018,Marlins,0,32,6,65.2,5.20812,6.16751,3.70051,1.50761,5.29241,5.75565,-0.470089
엘리에이저 에르난데스,Elieser Hernández,16933,AAA,2019,Marlins (AAA),0,9,9,48,1.125,12.9375,2.625,0,2.23418,4.22983,
엘리에이저 에르난데스,Elieser Hernández,16933,MLB,2019,Marlins,0,21,15,82.1,5.02834,9.2915,2.84211,2.18624,5.58243,5.1305,0.117052
엘리에이저 에르난데스,Elieser Hernández,16933,MLB,2020,Marlins,0,6,6,25.2,3.15584,11.9221,1.75324,1.75324,3.89272,3.53896,0.496322
엘리에이저 에르난데스,Elieser Hernández,16933,AA,2021,Marlins (AA),0,1,1,2.2,0,10.125,0,0,2.27654,4.6979,
엘리에이저 에르난데스,Elieser Hernández,16933,AAA,2021,Marlins (AAA),0,5,5,21.1,2.95313,13.5,1.26563,1.26563,2.61254,2.85996,
엘리에이저 에르난데스,Elieser Hernández,16933,MLB,2021,Marlins,0,11,11,51.2,4.18064,9.23225,2.43871,2.26451,5.37648,4.3252,0.0392236
엘리에이저 에르난데스,Elieser Hernández,16933,A,2022,Marlins (A),0,1,1,1,0,18,0,0,-0.479521,-0.479521,
엘리에이저 에르난데스,Elieser Hernández,16933,AAA,2022,Marlins (AAA),0,12,11,57,4.10526,10.7368,2.68421,1.26316,3.94623,4.20475,
엘리에이저 에르난데스,Elieser Hernández,16933,MLB,2022,Marlins,0,20,10,62.1,6.35294,8.66311,3.17647,2.74332,6.4012,5.05105,-0.833306
엘리에이저 에르난데스,Elieser Hernández,16933,A,2023,Mets (A),0,3,3,3.1,0,10.8,2.7,0,2.30442,3.76968,
엘리에이저 에르난데스,Elieser Hernández,16933,A+,2023,Mets (A+),0,3,1,4,4.5,13.5,0,2.25,3.98171,2.48914,
엘리에이저 에르난데스,Elieser Hernández,16933,AAA,2023,Mets (AAA),0,2,0,2,4.5,9,13.5,4.5,12.5726,7.99408,
윌 크로우,William Chandler Crowe,19800,R,2017,Nationals (R),0,2,2,3.2,4.90909,4.90909,2.45454,0,3.1518,3.60989,
윌 크로우,William Chandler Crowe,19800,A-,2017,Nationals (A-),0,7,7,20.2,2.6129,6.53226,1.30645,1.30645,4.44809,3.31666,
윌 크로우,William Chandler Crowe,19800,A-,2018,Nationals (A-),0,1,1,3,0,3,6,0,4.8198,4.8198,
윌 크로우,William Chandler Crowe,19800,A+,2018,Nationals (A+),0,16,15,87,2.68966,8.06897,3.10345,0.62069,3.63224,3.70414,
윌 크로우,William Chandler Crowe,19800,AA,2018,Nationals (AA),0,5,5,26.1,6.1519,5.12658,5.46836,1.36709,6.10111,5.39111,
윌 크로우,William Chandler Crowe,19800,AA,2019,Nationals (AA),0,16,16,95.1,3.87063,8.4021,2.07692,0.755245,3.14977,3.04986,
윌 크로우,William Chandler Crowe,19800,AAA,2019,Nationals (AAA),0,10,10,54,6.16667,6.83333,4.33333,1.16667,5.46335,6.20764,
윌 크로우,William Chandler Crowe,19800,MLB,2020,Nationals,0,3,3,8.1,11.88,8.64003,8.64003,5.40002,12.3115,7.75095,-0.464457
윌 크로우,William Chandler Crowe,19800,AAA,2021,Pirates (AAA),0,1,0,1,0,9,0,0,1.36254,1.36254,
윌 크로우,William Chandler Crowe,19800,MLB,2021,Pirates,0,26,25,116.2,5.47714,8.56285,4.39714,1.92857,5.67289,4.89855,-0.276158
윌 크로우,William Chandler Crowe,19800,MLB,2022,Pirates,0,60,1,76,4.38158,8.05263,4.5,0.947368,4.3098,4.2854,-0.115484
윌 크로우,William Chandler Crowe,19800,A,2023,Pirates (A),0,3,1,3.1,0,5.40001,2.7,0,3.50442,4.96968,
윌 크로우,William Chandler Crowe,19800,AAA,2023,Pirates (AAA),0,14,2,27,4.33333,10,4.33333,1,4.23923,4.57397,
윌 크로우,William Chandler Crowe,19800,MLB,2023,Pirates,0,5,0,9.2,4.65517,8.37931,8.37931,0.931035,5.84125,5.00952,-0.152464
캠 알드레드,Cam Alldred,25078,A-,2018,Pirates (A-),0,18,0,27.2,1.62651,9.75904,2.92771,0,2.40213,2.98847,
캠 알드레드,Cam Alldred,25078,A,2018,Pirates (A),0,2,0,2.1,3.85715,7.7143,3.85715,0,3.04208,4.95651,
캠 알드레드,Cam Alldred,25078,A,2019,Pirates (A),0,39,0,60,4.2,9.45,3.6,0.9,4.13809,3.69348,
캠 알드레드,Cam Alldred,25078,AA,2021,Pirates (AA),0,28,0,53.1,2.53125,8.26875,3.88125,0.84375,4.47168,5.13532,
캠 알드레드,Cam Alldred,25078,AAA,2021,Pirates (AAA),0,5,0,12.2,0.710526,7.10526,4.97368,1.42105,5.73096,5.49607,
캠 알드레드,Cam Alldred,25078,AAA,2022,Pirates (AAA),0,42,2,66.1,4.07035,8.41206,3.39196,0.678392,3.88452,4.47086,
캠 알드레드,Cam Alldred,25078,MLB,2022,Pirates,0,1,0,1,0,9,0,0,1.11243,2.5928,0.0305472
캠 알드레드,Cam Alldred,25078,AAA,2023,Pirates (AAA),0,31,17,105.2,5.19558,8.347,3.91798,1.36278,5.13408,4.83862,
에릭 스타우트,Eric Stout,16873,R,2014,Royals (R),0,13,1,32.2,3.58163,7.43877,2.7551,0.55102,4.27596,4.99443,
에릭 스타우트,Eric Stout,16873,R,2015,Royals (R),1,1,1,2.2,3.375,16.875,0,0,0.3967,2.01897,
에릭 스타우트,Eric Stout,16873,R,2015,Royals (R),1,2,0,4.2,0,5.78571,0,0,2.52815,3.35032,
에릭 스타우트,Eric Stout,16873,A,2015,Royals (A),0,16,0,30.1,3.26374,4.45055,1.78022,0.593407,4.04479,4.21767,
에릭 스타우트,Eric Stout,16873,AA,2015,Royals (AA),0,1,0,2.1,7.7143,7.7143,3.85715,0,2.86813,4.23311,
에릭 스타우트,Eric Stout,16873,AA,2016,Royals (AA),0,42,0,72.1,3.85714,8.58525,3.1106,0.373272,2.89193,3.43826,
에릭 스타우트,Eric Stout,16873,AAA,2017,Royals (AAA),0,45,1,69.1,2.98558,7.26923,3.76442,0.519231,4.24001,5.25757,
에릭 스타우트,Eric Stout,16873,AAA,2018,Royals (AAA),0,38,2,55,4.74545,7.2,2.12727,0.818182,4.14533,4.93181,
에릭 스타우트,Eric Stout,16873,MLB,2018,Royals,0,3,0,2.1,23.1432,7.7144,7.7144,7.7144,15.1606,5.43328,-0.20695
에릭 스타우트,Eric Stout,16873,AA,2019,Reds (AA),0,1,0,2,0,9,0,0,1.29828,2.29173,
에릭 스타우트,Eric Stout,16873,AAA,2019,Reds (AAA),0,20,9,60.1,6.26519,7.75691,5.51934,2.23757,7.12197,6.5191,
에릭 스타우트,Eric Stout,16873,AAA,2021,Marlins (AAA),0,7,4,17.2,10.1887,10.6981,9.16981,3.0566,8.96631,6.65652,
에릭 스타우트,Eric Stout,16873,AAA,2022,Pirates (AAA),1,11,0,13.1,0.675,10.125,4.725,0,2.83264,4.5642,
에릭 스타우트,Eric Stout,16873,AAA,2022,Cubs (AAA),1,16,1,29.2,3.94382,14.5618,6.67416,1.21348,4.45146,4.47746,
에릭 스타우트,Eric Stout,16873,MLB,2022,- - -,0,20,0,22.1,5.64177,10.0746,6.44774,0.805968,4.59004,5.48071,-0.0503113
에릭 스타우트,Eric Stout,16873,MLB,2022,Cubs,1,2,0,3.2,4.90905,14.7271,2.45452,2.45452,4.20333,2.67657,0.00662823
에릭 스타우트,Eric Stout,16873,MLB,2022,Pirates,1,18,0,18.2,5.7857,9.1607,7.23213,0.482142,4.666,6.03151,-0.0569395
에릭 스타우트,Eric Stout,16873,AAA,2023,Mariners (AAA),0,21,4,40.2,4.20492,9.7377,4.86885,0.663934,4.66279,5.8764,
에릭 라우어,Eric Lauer,19316,R,2016,Padres (R),0,2,2,4,6.75,15.75,2.25,2.25,4.62327,2.10345,
에릭 라우어,Eric Lauer,19316,A-,2016,Padres (A-),0,7,7,25,1.44,10.08,2.52,0,2.36841,2.99402,
에릭 라우어,Eric Lauer,19316,A,2016,Padres (A),0,1,1,2,0,9,4.5,0,2.97476,4.06196,
에릭 라우어,Eric Lauer,19316,A+,2017,Padres (A+),0,12,12,67.2,2.7931,11.1724,2.52709,0.53202,3.17484,3.70362,
에릭 라우어,Eric Lauer,19316,AA,2017,Padres (AA),0,10,9,55,3.92727,7.85455,2.78182,0.981818,3.91467,3.90028,
에릭 라우어,Eric Lauer,19316,A+,2018,Padres (A+),0,1,1,3,0,12,3,0,2.09134,2.9105,
에릭 라우어,Eric Lauer,19316,AAA,2018,Padres (AAA),0,4,4,21.1,2.53125,9.28125,3.79688,0.421875,3.69846,4.18958,
에릭 라우어,Eric Lauer,19316,MLB,2018,Padres,0,23,23,112,4.33929,8.03571,3.69643,1.20536,4.50865,4.50767,0.822901
에릭 라우어,Eric Lauer,19316,MLB,2019,Padres,0,30,29,149.2,4.44989,8.29844,3.06681,1.20267,4.2296,4.76515,2.25443
에릭 라우어,Eric Lauer,19316,MLB,2020,Brewers,0,4,2,11,13.0909,9.81818,7.36364,1.63636,6.37324,6.98967,-0.158345
에릭 라우어,Eric Lauer,19316,AAA,2021,Brewers (AAA),0,1,1,5,0,21.6,3.6,0,-0.237463,-0.237463,
에릭 라우어,Eric Lauer,19316,MLB,2021,Brewers,0,24,20,118.2,3.18539,8.87359,3.10955,1.21348,4.03801,4.26268,1.68729
에릭 라우어,Eric Lauer,19316,MLB,2021,Brewers,1,1,1,3.2,4.90909,4.90909,4.90909,0,4.53367,9.34551,
에릭 라우어,Eric Lauer,19316,MLB,2022,Brewers,0,29,29,158.2,3.68697,8.90546,3.34664,1.53151,4.49899,4.07817,1.08257
에릭 라우어,Eric Lauer,19316,AAA,2023,Brewers (AAA),0,12,9,43.2,5.15267,13.1908,4.74046,1.23664,4.14508,3.94297,
에릭 라우어,Eric Lauer,19316,MLB,2023,Brewers,0,10,9,46.2,6.55714,8.29286,4.62857,3.08571,7.41218,5.57678,-0.851158
제임스 네일,James Aubrey Naile,18186,R,2015,Athletics (R),0,2,0,2,0,4.5,0,0,2.81387,3.05366,
제임스 네일,James Aubrey Naile,18186,A-,2015,Athletics (A-),0,18,0,23.1,1.92857,6.55714,2.31429,0,2.83023,3.22151,
제임스 네일,James Aubrey Naile,18186,A,2016,Athletics (A),0,15,14,88,2.65909,6.54545,1.94318,0.204545,2.96339,2.98916,
제임스 네일,James Aubrey Naile,18186,A+,2016,Athletics (A+),0,8,7,40.2,3.76229,10.1803,2.43443,1.10656,3.93586,2.8674,
제임스 네일,James Aubrey Naile,18186,AA,2016,Athletics (AA),0,3,3,17,4.76471,5.82353,1.58824,0.529412,3.35872,3.76593,
제임스 네일,James Aubrey Naile,18186,AAA,2016,Athletics (AAA),0,2,2,11,5.72727,3.27273,4.09091,0.818182,5.53906,5.56069,
제임스 네일,James Aubrey Naile,18186,R,2017,Athletics (R),0,2,2,5,1.8,19.8,0,1.8,2.40355,-0.046453,
제임스 네일,James Aubrey Naile,18186,A+,2017,Athletics (A+),0,2,2,7,5.14286,5.14286,1.28571,0,3.19947,4.32487,
제임스 네일,James Aubrey Naile,18186,AA,2017,Athletics (AA),0,14,10,61.2,3.21081,6.12973,2.48108,0.72973,3.83359,3.80732,
제임스 네일,James Aubrey Naile,18186,AA,2018,Athletics (AA),0,2,2,15,3,4.2,1.2,0.6,3.7851,3.85472,
제임스 네일,James Aubrey Naile,18186,AAA,2018,Athletics (AAA),0,24,24,135.2,4.71007,5.10811,2.65356,0.796069,4.84361,4.7705,
제임스 네일,James Aubrey Naile,18186,AA,2019,Athletics (AA),0,24,21,125,5.544,5.904,3.168,0.864,4.63467,4.72777,
제임스 네일,James Aubrey Naile,18186,AAA,2019,Athletics (AAA),0,3,3,16.1,4.40816,5.51021,3.30612,2.20408,7.04158,6.02531,
제임스 네일,James Aubrey Naile,18186,AAA,2021,Athletics (AAA),0,51,0,62.1,4.04278,7.36364,2.16578,1.0107,4.62217,4.61746,
제임스 네일,James Aubrey Naile,18186,AAA,2022,Cardinals (AAA),0,44,3,73.1,3.31364,7.85455,2.57727,0.613636,3.71218,3.79279,
제임스 네일,James Aubrey Naile,18186,MLB,2022,Cardinals,0,7,0,9,5,5,2,2,5.55688,4.14836,-0.101288
제임스 네일,James Aubrey Naile,18186,AAA,2023,Cardinals (AAA),0,31,3,59,3.66102,10.0678,3.20339,0.915254,3.9285,3.81148,
제임스 네일,James Aubrey Naile,18186,MLB,2023,Cardinals,0,10,0,15.1,8.80435,4.1087,5.28261,0.586957,4.95069,5.28897,-0.0488932
다니엘 카스타노,Daniel Alexander Castano,19805,R,2016,Cardinals (R),0,12,11,48,6.1875,6.375,2.25,1.125,4.86934,4.14883,
다니엘 카스타노,Daniel Alexander Castano,19805,A-,2017,Cardinals (A-),0,14,14,91,2.57143,8.01099,1.28571,0.296703,2.60779,2.79547,
다니엘 카스타노,Daniel Alexander Castano,19805,R,2018,Marlins (R),0,2,1,9,4,8,0,0,1.8794,2.28905,
다니엘 카스타노,Daniel Alexander Castano,19805,A,2018,Marlins (A),0,8,8,50,2.7,9.36,0.72,1.8,4.35065,2.55471,
다니엘 카스타노,Daniel Alexander Castano,19805,A+,2018,Marlins (A+),0,14,14,76,4.73684,6.63158,2.84211,0.355263,3.50522,3.80036,
다니엘 카스타노,Daniel Alexander Castano,19805,A+,2019,Marlins (A+),0,12,0,33,3.81818,8.45455,1.90909,0.545455,3.03515,2.77026,
다니엘 카스타노,Daniel Alexander Castano,19805,AA,2019,Marlins (AA),0,18,11,86,3.34884,7.63953,1.67442,0.209302,2.53084,3.16421,
다니엘 카스타노,Daniel Alexander Castano,19805,MLB,2020,Marlins,0,7,6,29.2,3.0337,3.64045,3.33707,0.910111,4.80939,5.50973,0.202285
다니엘 카스타노,Daniel Alexander Castano,19805,AAA,2021,Marlins (AAA),0,14,14,78.1,3.90638,6.20426,1.8383,1.8383,5.40509,4.85252,
다니엘 카스타노,Daniel Alexander Castano,19805,MLB,2021,Marlins,0,5,4,20.1,4.86886,5.75411,3.54099,1.32787,5.13725,5.21497,0.0501586
다니엘 카스타노,Daniel Alexander Castano,19805,AAA,2022,Marlins (AAA),0,7,6,34,4.23529,10.0588,2.91176,2.64706,6.1547,3.93177,
다니엘 카스타노,Daniel Alexander Castano,19805,MLB,2022,Marlins,0,10,7,35.2,4.03738,5.04672,2.27103,1.26168,4.7386,4.36887,0.107336
다니엘 카스타노,Daniel Alexander Castano,19805,AAA,2023,Marlins (AAA),0,17,9,61.2,4.67027,8.46486,3.79459,1.45946,5.16175,4.86091,
다니엘 카스타노,Daniel Alexander Castano,19805,MLB,2023,Marlins,0,2,0,3,21,12,9,6,12.255,6.34396,-0.127368
카일 하트,Kyle Patrick Hart,19646,R,2016,Red Sox (R),0,4,4,11.2,2.31429,14.6571,1.54286,0,0.588563,0.993432,
카일 하트,Kyle Patrick Hart,19646,A,2017,Red Sox (A),0,13,10,66.1,1.8995,7.73367,2.30653,0,2.66564,3.34264,
카일 하트,Kyle Patrick Hart,19646,A+,2017,Red Sox (A+),0,9,9,50.2,2.48684,9.23684,4.08553,0.888158,4.04725,3.60165,
카일 하트,Kyle Patrick Hart,19646,AA,2018,Red Sox (AA),0,24,24,138.2,3.56971,6.49039,3.18029,0.778846,4.20156,4.49354,
카일 하트,Kyle Patrick Hart,19646,AA,2019,Red Sox (AA),0,9,9,55.2,2.91018,9.7006,2.7485,0.48503,3.00908,3.33385,
카일 하트,Kyle Patrick Hart,19646,AAA,2019,Red Sox (AAA),0,18,15,100.1,3.85714,7.17608,3.22924,0.717608,4.3224,5.17579,
카일 하트,Kyle Patrick Hart,19646,MLB,2020,Red Sox,0,4,3,11,15.5455,10.6364,8.18182,3.27273,8.28233,6.35983,-0.243523
카일 하트,Kyle Patrick Hart,19646,AAA,2021,Red Sox (AAA),0,23,20,106.2,4.21875,7.59375,3.96563,1.60313,5.53754,5.29746,
카일 하트,Kyle Patrick Hart,19646,AA,2022,Red Sox (AA),0,15,6,44,4.90909,8.59091,2.86364,1.22727,4.43771,4.6011,
카일 하트,Kyle Patrick Hart,19646,AAA,2022,Red Sox (AAA),0,9,4,38.1,5.63478,7.51304,4.46087,1.64348,5.7772,5.64034,
카일 하트,Kyle Patrick Hart,19646,AAA,2023,Mariners (AAA),1,18,18,88.1,4.58491,8.66038,3.56604,1.01887,4.82137,5.239,
카일 하트,Kyle Patrick Hart,19646,AAA,2023,Phillies (AAA),1,1,0,1,0,9,0,0,1.57256,1.57256,
라이언 와이스,Ryan Weiss,24621,R,2018,Diamondbacks (R),0,1,0,1,9,18,0,0,0.070373,0.070373,
라이언 와이스,Ryan Weiss,24621,A-,2018,Diamondbacks (A-),0,12,12,29.1,3.68182,8.28409,0.920455,0.920455,3.55275,3.33349,
라이언 와이스,Ryan Weiss,24621,A,2019,Diamondbacks (A),0,20,20,96.2,3.44483,6.98276,2.42069,0.465517,3.53019,3.63846,
라이언 와이스,Ryan Weiss,24621,A+,2019,Diamondbacks (A+),0,6,6,31.2,5.96842,7.95789,2.27368,0.568421,3.47365,4.04695,
라이언 와이스,Ryan Weiss,24621,AA,2021,Diamondbacks (AA),0,13,8,48,4.3125,9.375,3,1.875,5.22957,4.40376,
라이언 와이스,Ryan Weiss,24621,AAA,2021,Diamondbacks (AAA),0,21,0,30.1,5.04396,11.2747,4.45055,0.593407,3.76749,5.00994,
라이언 와이스,Ryan Weiss,24621,AA,2022,Diamondbacks (AA),0,10,0,17,4.76471,7.94118,0.529412,1.05882,3.69878,4.01142,
라이언 와이스,Ryan Weiss,24621,AAA,2022,Diamondbacks (AAA),1,7,1,9.2,7.44827,9.31034,6.51724,4.65517,10.9932,6.57289,
라이언 와이스,Ryan Weiss,24621,AAA,2022,Royals (AAA),1,30,0,35.2,7.82243,8.57944,4.03738,1.51402,5.21792,4.69552,
라이언 와이스,Ryan Weiss,24621,AAA,2023,Royals (AAA),0,12,0,14,7.07143,9.64286,9,1.92857,8.50113,7.08793,
하이메 바리아,Jaime Barria,18356,R,2013,Angels (R),0,4,0,5,10.8,7.2,1.8,0,2.69136,3.27724,
하이메 바리아,Jaime Barria,18356,R,2014,Angels (R),0,16,8,59.1,3.03371,8.3427,1.66854,0.151685,2.42383,2.5507,
하이메 바리아,Jaime Barria,18356,R,2015,Angels (R),1,7,6,36,2,7.75,0.75,0,2.34164,2.70134,
하이메 바리아,Jaime Barria,18356,R,2015,Angels (R),1,8,8,33.1,6.21,8.1,1.89,1.08,4.6267,4.39696,
하이메 바리아,Jaime Barria,18356,A,2016,Angels (A),0,25,25,117,3.84615,6,1.61538,0.461538,3.42348,3.74799,
하이메 바리아,Jaime Barria,18356,A+,2017,Angels (A+),0,11,11,65.1,2.47959,7.85204,1.79082,0.826531,4.09743,4.40216,
하이메 바리아,Jaime Barria,18356,AA,2017,Angels (AA),0,12,12,61.2,3.21081,6.85946,2.18919,1.16757,4.00499,3.96322,
하이메 바리아,Jaime Barria,18356,AAA,2017,Angels (AAA),0,3,3,14.2,2.45455,7.97727,1.84091,0,2.76624,4.99443,
하이메 바리아,Jaime Barria,18356,AAA,2018,Angels (AAA),0,5,5,18,3.5,9.5,2.5,1,4.07866,4.5182,
하이메 바리아,Jaime Barria,18356,MLB,2018,Angels,0,26,26,129.1,3.40979,6.81959,3.27062,1.18299,4.58311,4.99421,1.43467
하이메 바리아,Jaime Barria,18356,AAA,2019,Angels (AAA),0,10,10,48.1,9.68276,8.1931,1.86207,2.97931,7.02427,6.42608,
하이메 바리아,Jaime Barria,18356,MLB,2019,Angels,0,19,13,82.2,6.42338,8.16532,2.93951,2.6129,6.2261,5.31541,-0.458158
하이메 바리아,Jaime Barria,18356,MLB,2020,Angels,0,7,5,32.1,3.61856,7.51547,2.50516,0.835052,3.65534,4.95393,0.627046
하이메 바리아,Jaime Barria,18356,AAA,2021,Angels (AAA),0,10,10,49,4.40816,6.2449,1.46939,1.83673,5.74865,5.49816,
하이메 바리아,Jaime Barria,18356,MLB,2021,Angels,0,13,11,56.2,4.60588,5.55882,3.01765,1.27059,4.8818,5.0392,0.47046
하이메 바리아,Jaime Barria,18356,MLB,2022,Angels,0,35,1,79.1,2.60924,6.12605,2.15546,1.2479,4.38554,4.39305,0.0450137
하이메 바리아,Jaime Barria,18356,MLB,2023,Angels,0,34,6,82.1,5.68421,6.77733,3.27935,2.18623,6.07285,5.3247,-0.742502
로버트 더거,Robert Lee Dugger,19191,R,2016,Mariners (R),0,4,0,8.2,1.03846,9.34615,1.03846,0,2.73865,3.00826,
로버트 더거,Robert Lee Dugger,19191,A-,2016,Mariners (A-),0,6,6,26.1,5.46836,8.5443,3.41772,1.70886,5.70512,3.49131,
로버트 더거,Robert Lee Dugger,19191,AAA,2016,Mariners (AAA),0,2,0,4,6.75,9,0,0,1.72088,2.62347,
로버트 더거,Robert Lee Dugger,19191,A,2017,Mariners (A),0,22,9,72,2,8.625,2,0.5,2.96946,3.24993,
로버트 더거,Robert Lee Dugger,19191,A+,2017,Mariners (A+),0,9,9,45.2,3.94161,9.26277,3.15328,0.788321,4.11084,4.50006,
로버트 더거,Robert Lee Dugger,19191,A+,2018,Marlins (A+),0,7,7,41.1,2.39516,7.40323,1.52419,0.435484,3.04342,3.1575,
로버트 더거,Robert Lee Dugger,19191,AA,2018,Marlins (AA),0,18,18,109.1,3.78659,8.80793,2.96341,1.07012,4.07695,4.06045,
로버트 더거,Robert Lee Dugger,19191,AA,2019,Marlins (AA),0,13,13,70.2,3.31132,9.29717,2.67453,0.764151,3.52469,3.39094,
로버트 더거,Robert Lee Dugger,19191,AAA,2019,Marlins (AAA),0,10,10,53.1,7.59375,8.26875,2.86875,2.025,6.00918,6.05162,
로버트 더거,Robert Lee Dugger,19191,MLB,2019,Marlins,0,7,7,34.1,5.767,6.5534,4.45632,1.57282,5.95188,6.17137,-0.124557
로버트 더거,Robert Lee Dugger,19191,MLB,2020,Marlins,0,4,1,10.2,12.6562,3.37499,2.53124,4.21874,9.3789,7.98534,-0.282424
로버트 더거,Robert Lee Dugger,19191,AAA,2021,Mariners (AAA),0,15,14,69.1,6.10096,8.30769,3.11538,1.55769,5.4179,5.08856,
로버트 더거,Robert Lee Dugger,19191,MLB,2021,Mariners,0,12,4,25.2,7.36363,6.66233,4.20779,1.4026,5.23497,5.40872,-0.13501
로버트 더거,Robert Lee Dugger,19191,AAA,2022,Reds (AAA),1,14,7,50.1,4.64901,6.97351,4.64901,0.89404,4.79903,5.73557,
로버트 더거,Robert Lee Dugger,19191,AAA,2022,Rays (AAA),1,5,5,16,3.9375,7.3125,3.9375,1.125,5.19514,5.42538,
로버트 더거,Robert Lee Dugger,19191,MLB,2022,- - -,0,4,1,16,6.1875,10.6875,3.9375,1.6875,4.48743,3.90039,0.034223
로버트 더거,Robert Lee Dugger,19191,MLB,2022,Rays,1,1,0,5.1,5.06253,11.8126,0,0,0.487415,1.87527,0.130192
로버트 더거,Robert Lee Dugger,19191,MLB,2022,Reds,1,3,1,10.2,6.74998,10.125,5.90623,2.53124,6.48742,4.91294,-0.0959687
로버트 더거,Robert Lee Dugger,19191,AAA,2023,Rangers (AAA),0,29,29,146.1,4.30524,8.79499,3.6902,1.10706,4.88589,5.04448,
드류 앤더슨,Andrew James Anderson,15130,R,2012,Phillies (R),0,8,2,22.2,4.76471,6.35294,3.97059,0.794118,4.75728,4.43699,
드류 앤더슨,Andrew James Anderson,15130,A-,2013,Phillies (A-),0,15,15,76.1,2.00437,6.36681,2.35808,0.58952,3.39731,3.2253,
드류 앤더슨,Andrew James Anderson,15130,R,2014,Phillies (R),0,2,1,5.2,3.17647,9.52941,4.7647,1.58823,5.2721,3.44515,
드류 앤더슨,Andrew James Anderson,15130,A,2014,Phillies (A),0,9,9,44,3.68182,9.40909,3.06818,0.204545,3.15451,3.82736,
드류 앤더슨,Andrew James Anderson,15130,A,2016,Phillies (A),0,7,7,37.1,3.375,9.88393,2.89286,0.723214,3.29274,3.15748,
드류 앤더슨,Andrew James Anderson,15130,A+,2016,Phillies (A+),0,8,8,32.2,1.92857,10.1939,2.7551,0,1.99768,2.7966,
드류 앤더슨,Andrew James Anderson,15130,AA,2017,Phillies (AA),0,21,21,107.2,3.59443,7.18886,3.34365,1.08669,4.53463,4.50748,
드류 앤더슨,Andrew James Anderson,15130,AAA,2017,Phillies (AAA),0,1,1,6.2,1.35,9.45,2.7,1.35,4.53754,4.23013,
드류 앤더슨,Andrew James Anderson,15130,MLB,2017,Phillies,0,2,0,2.1,23.1432,7.7144,3.8572,0,2.72906,5.77849,0.0405788
드류 앤더슨,Andrew James Anderson,15130,AAA,2018,Phillies (AAA),0,19,19,104.2,3.86943,7.22293,2.49363,1.20382,4.52734,4.24501,
드류 앤더슨,Andrew James Anderson,15130,MLB,2018,Phillies,0,5,1,12.2,4.97367,7.81577,1.42105,0,2.37096,4.71799,0.293214
드류 앤더슨,Andrew James Anderson,15130,AAA,2019,Phillies (AAA),0,11,11,48.1,5.77241,7.44828,5.02759,1.67586,6.31438,6.38345,
드류 앤더슨,Andrew James Anderson,15130,MLB,2019,Phillies,0,2,0,6,7.5,9,9,1.5,6.38068,5.54015,-0.0690113
드류 앤더슨,Andrew James Anderson,15130,MLB,2020,White Sox,0,1,0,1.1,40.501,13.5003,13.5003,13.5003,24.1919,10.4764,-0.213328
드류 앤더슨,Andrew James Anderson,15130,AAA,2021,Rangers (AAA),0,15,12,70.2,3.0566,10.9528,3.6934,1.01887,4.20119,5.07819,
드류 앤더슨,Andrew James Anderson,15130,MLB,2021,Rangers,0,9,1,22,3.27273,3.68182,2.45455,0.409091,3.89731,5.87274,0.158123
엔마누엘 데 헤이수스,Enmanuel Jose De Jesus,18554,R,2014,Red Sox (R),0,14,14,60,3.15,8.25,2.7,0.3,3.25136,3.14238,
엔마누엘 데 헤이수스,Enmanuel Jose De Jesus,18554,R,2015,Red Sox (R),0,10,4,43.1,1.66154,6.02308,1.86923,0.415385,3.53813,3.45643,
엔마누엘 데 헤이수스,Enmanuel Jose De Jesus,18554,A-,2015,Red Sox (A-),0,1,0,3.1,2.7,5.40001,2.7,0,4.11595,4.80068,
엔마누엘 데 헤이수스,Enmanuel Jose De Jesus,18554,A-,2016,Red Sox (A-),0,4,4,22.1,2.41791,6.44776,4.43284,0,3.45708,3.98021,
엔마누엘 데 헤이수스,Enmanuel Jose De Jesus,18554,A,2016,Red Sox (A),0,10,10,45.1,5.95588,5.95588,3.97059,1.58824,5.76018,4.75584,
엔마누엘 데 헤이수스,Enmanuel Jose De Jesus,18554,A-,2017,Red Sox (A-),0,12,12,53,3.39623,7.64151,3.39623,0.339623,3.4697,3.66221,
엔마누엘 데 헤이수스,Enmanuel Jose De Jesus,18554,A,2017,Red Sox (A),0,2,2,11.2,6.17143,7.71428,0,0,2.58208,3.38401,
엔마누엘 데 헤이수스,Enmanuel Jose De Jesus,18554,A,2018,Red Sox (A),0,22,17,112.1,3.92582,9.37389,2.32344,0.961424,3.79113,3.85384,
엔마누엘 데 헤이수스,Enmanuel Jose De Jesus,18554,A+,2018,Red Sox (A+),0,3,2,9.2,11.1724,7.44827,2.7931,0,3.25293,4.4023,
엔마누엘 데 헤이수스,Enmanuel Jose De Jesus,18554,A+,2019,Red Sox (A+),0,24,24,130.2,3.58163,8.40306,2.89286,0.344388,3.20414,3.47484,
엔마누엘 데 헤이수스,Enmanuel Jose De Jesus,18554,AA,2021,Red Sox (AA),0,21,8,59,3.9661,10.8305,3.9661,0.305085,3.07475,4.30909,
엔마누엘 데 헤이수스,Enmanuel Jose De Jesus,18554,AAA,2021,Red Sox (AAA),0,1,1,5,3.6,5.4,1.8,3.6,7.96254,6.65903,
엔마누엘 데 헤이수스,Enmanuel Jose De Jesus,18554,AAA,2022,Giants (AAA),0,35,19,101.2,4.51475,10.4459,4.51475,0.973771,4.74054,5.04656,
엔마누엘 데 헤이수스,Enmanuel Jose De Jesus,18554,A,2023,Marlins (A),0,2,2,7.1,3.68182,11.0455,1.22727,0,1.75897,2.75801,
엔마누엘 데 헤이수스,Enmanuel Jose De Jesus,18554,AAA,2023,Marlins (AAA),0,17,16,84.2,4.78346,6.48425,5.42126,0.956693,5.53319,6.14847,
엔마누엘 데 헤이수스,Enmanuel Jose De Jesus,18554,MLB,2023,Marlins,0,2,0,6.1,11.3684,7.10526,5.68421,0,4.99188,6.29718,0.00212346
콜 어빈,Cole Irvin,19244,A-,2016,Phillies (A-),0,10,7,45.2,1.9708,7.29197,1.57664,0.394161,2.88381,2.96686,
콜 어빈,Cole Irvin,19244,A+,2017,Phillies (A+),0,12,11,67,2.55224,6.98507,1.8806,0.268657,2.86283,3.30521,
콜 어빈,Cole Irvin,19244,AA,2017,Phillies (AA),0,13,13,84.1,4.05534,7.04348,2.56126,1.28063,4.54124,4.04181,
콜 어빈,Cole Irvin,19244,AAA,2018,Phillies (AAA),0,26,25,161.1,2.56612,7.30785,1.95248,0.613636,3.30208,3.55248,
콜 어빈,Cole Irvin,19244,AAA,2019,Phillies (AAA),0,17,16,93.2,3.9395,6.24555,1.3452,1.24911,4.55355,5.16305,
콜 어빈,Cole Irvin,19244,MLB,2019,Phillies,0,16,3,41.2,5.832,6.69599,2.808,1.512,5.06201,5.02635,0.081462
콜 어빈,Cole Irvin,19244,MLB,2020,Phillies,0,3,0,3.2,17.1817,9.81809,2.45452,2.45452,5.37322,4.45725,-0.0205422
콜 어빈,Cole Irvin,19244,MLB,2021,Athletics,0,32,32,178.1,4.23925,6.30841,2.11963,1.16075,4.30274,4.82249,2.00166
콜 어빈,Cole Irvin,19244,A,2022,Athletics (A),0,1,1,5,1.8,10.8,0,1.8,4.34832,2.84936,
콜 어빈,Cole Irvin,19244,MLB,2022,Athletics,0,30,30,181,3.9779,6.36464,1.79006,1.24309,4.20635,4.34916,1.37416
콜 어빈,Cole Irvin,19244,AAA,2023,Orioles (AAA),0,9,9,49.1,4.37838,5.47297,1.64189,1.45946,5.255,5.67862,
콜 어빈,Cole Irvin,19244,MLB,2023,Orioles,0,24,12,77.1,4.42241,7.91379,2.44397,1.28017,4.43176,4.48541,0.566231
콜 어빈,Cole Irvin,19244,AAA,2024,Orioles (AAA),0,2,2,6.2,4.05,6.75,8.1,0,5.21905,6.83466,
콜 어빈,Cole Irvin,19244,MLB,2024,- - -,0,29,16,111,5.10811,6.32432,2.35135,1.45946,4.81513,4.77752,0.356179
콜 어빈,Cole Irvin,19244,MLB,2024,Orioles,1,25,16,107.1,4.86335,6.37267,2.09627,1.42547,4.64785,4.64555,0.582698
콜 어빈,Cole Irvin,19244,MLB,2024,Twins,1,4,0,3.2,12.2727,4.90909,9.81818,2.45455,9.71194,8.64062,-0.22652
잭 로그,Zach Logue,20231,R,2017,Blue Jays (R),0,3,2,5,0,9,0,0,1.89551,3.26926,
잭 로그,Zach Logue,20231,A-,2017,Blue Jays (A-),0,9,4,25.2,1.75325,9.81818,2.1039,0,2.34183,3.26476,
잭 로그,Zach Logue,20231,A,2018,Blue Jays (A),0,9,9,54,2.66667,7.33333,1.83333,1.33333,4.4447,3.36365,
잭 로그,Zach Logue,20231,A+,2018,Blue Jays (A+),0,18,16,100.1,3.40864,7.62459,2.06312,0.717608,3.65831,3.6976,
잭 로그,Zach Logue,20231,AA,2019,Blue Jays (AA),0,19,18,101,4.09901,7.0396,2.85149,1.33663,4.6064,4.02034,
잭 로그,Zach Logue,20231,AAA,2019,Blue Jays (AAA),0,1,0,3.1,5.40001,10.8,10.8,0,5.72473,8.45969,
잭 로그,Zach Logue,20231,AA,2021,Blue Jays (AA),0,7,7,35.2,4.54206,12.8692,1.76635,1.51402,3.51543,2.82387,
잭 로그,Zach Logue,20231,AAA,2021,Blue Jays (AAA),0,18,17,89.1,3.32463,9.3694,2.01493,0.906716,3.56403,4.09816,
잭 로그,Zach Logue,20231,AAA,2022,Athletics (AAA),0,17,17,78.2,8.12288,6.75,4.34746,2.86017,8.20275,7.13397,
잭 로그,Zach Logue,20231,MLB,2022,Athletics,0,14,10,57,6.78947,6.63158,3.15789,2.05263,5.76155,5.31587,-0.432087
잭 로그,Zach Logue,20231,AAA,2023,Tigers (AAA),0,27,21,90.1,6.57565,8.46864,4.38376,1.99262,6.16297,5.34807,
잭 로그,Zach Logue,20231,MLB,2023,Tigers,0,3,0,11,7.36364,8.18182,1.63636,2.45455,5.52777,3.78597,-0.086531
잭 로그,Zach Logue,20231,AA,2024,Braves (AA),0,1,0,3.2,0,9.81817,2.45454,0,1.94724,3.15269,
잭 로그,Zach Logue,20231,AAA,2024,Braves (AAA),1,23,12,90.2,2.68015,8.53677,2.68015,0.794118,4.01023,4.5659,
잭 로그,Zach Logue,20231,AAA,2024,Dodgers (AAA),1,1,1,3,3,3,0,0,3.16799,5.59586,
잭 로그,Zach Logue,20231,MLB,2024,Dodgers,0,2,0,2,18,18,0,4.5,5.66648,0.678488,-0.00438814
헤르손 가라비토,Gerson Yeris Garabito,19835,R,2013,Royals (R),0,12,2,26.2,3.0375,5.7375,5.7375,0,3.84136,4.19289,
헤르손 가라비토,Gerson Yeris Garabito,19835,R,2014,Royals (R),0,13,13,49.1,1.27703,11.1284,4.92568,0.182432,3.13785,3.11751,
헤르손 가라비토,Gerson Yeris Garabito,19835,R,2015,Royals (R),0,14,11,57,4.10526,6.63158,3,0.315789,4.00685,3.99665,
헤르손 가라비토,Gerson Yeris Garabito,19835,A,2016,Royals (A),0,18,18,80.2,4.79752,6.80579,3.90496,1.00413,4.89989,4.65363,
헤르손 가라비토,Gerson Yeris Garabito,19835,R,2017,Royals (R),0,2,2,3,6,6,3,3,8.20355,4.87021,
헤르손 가라비토,Gerson Yeris Garabito,19835,A,2017,Royals (A),0,15,15,77,2.80519,8.41558,2.22078,0.935065,3.94052,3.58621,
헤르손 가라비토,Gerson Yeris Garabito,19835,A+,2018,Royals (A+),0,26,26,142.1,3.16159,7.33489,4.61592,0.758782,4.44537,4.49424,
헤르손 가라비토,Gerson Yeris Garabito,19835,AA,2019,Royals (AA),0,26,26,141,3.76596,7.21277,3.82979,0.829787,4.53577,4.83583,
헤르손 가라비토,Gerson Yeris Garabito,19835,AA,2021,Giants (AA),0,14,6,44,4.29545,9,3.06818,0.613636,3.4927,3.88979,
헤르손 가라비토,Gerson Yeris Garabito,19835,AAA,2021,Giants (AAA),0,11,6,42,4.71429,7.71429,5.78571,1.5,6.52756,6.79629,
헤르손 가라비토,Gerson Yeris Garabito,19835,AA,2024,Rangers (AA),0,1,1,4.1,2.07692,14.5385,4.15385,0,1.56376,2.45133,
헤르손 가라비토,Gerson Yeris Garabito,19835,AAA,2024,Rangers (AAA),0,13,10,55.1,3.41566,8.94578,1.95181,0.975904,4.34068,4.47771,
헤르손 가라비토,Gerson Yeris Garabito,19835,MLB,2024,Rangers,0,18,2,26.1,4.78481,7.51899,4.10127,1.36709,5.29306,5.09834,-0.141009
요니 치리노스,Yonny Chirinos,16401,R,2013,Rays (R),0,13,12,55,3.27273,6.87273,1.8,0.654545,3.62643,3.64961,
요니 치리노스,Yonny Chirinos,16401,R,2014,Rays (R),0,14,2,43,2.09302,6.90698,2.30233,0.418605,3.54513,3.53009,
요니 치리노스,Yonny Chirinos,16401,A-,2015,Rays (A-),0,3,3,15,0.6,8.4,1.8,0.6,3.31595,3.05793,
요니 치리노스,Yonny Chirinos,16401,A,2015,Rays (A),0,10,10,61.1,2.20109,6.89674,1.02717,0.440217,3.1342,3.24499,
요니 치리노스,Yonny Chirinos,16401,A+,2015,Rays (A+),0,2,0,3,0,9,0,0,1.16533,1.49425,
요니 치리노스,Yonny Chirinos,16401,A,2016,Rays (A),0,4,2,11.2,2.31429,6.94286,0.771428,0,2.18904,2.8103,
요니 치리노스,Yonny Chirinos,16401,A+,2016,Rays (A+),0,11,7,50.1,2.1457,5.54305,0.536424,0.89404,3.55079,3.13929,
요니 치리노스,Yonny Chirinos,16401,AA,2016,Rays (AA),0,14,8,66.2,4.455,5.805,1.62,0.675,3.54503,3.66243,
요니 치리노스,Yonny Chirinos,16401,AA,2017,Rays (AA),0,4,4,27.1,2.63415,6.91464,1.31707,1.64634,4.50334,2.91024,
요니 치리노스,Yonny Chirinos,16401,AAA,2017,Rays (AAA),0,23,22,141,2.74468,7.65957,1.40426,0.638298,3.06803,3.15568,
요니 치리노스,Yonny Chirinos,16401,A+,2018,Rays (A+),0,1,1,2,0,9,9,0,4.4789,5.35649,
요니 치리노스,Yonny Chirinos,16401,AAA,2018,Rays (AAA),0,8,8,30.2,5.28261,9.09783,2.05435,2.05435,4.96351,2.85579,
요니 치리노스,Yonny Chirinos,16401,MLB,2018,Rays,0,18,7,89.2,3.51301,7.52788,2.50929,0.702602,3.50616,4.03852,1.19427
요니 치리노스,Yonny Chirinos,16401,MLB,2019,Rays,0,26,18,133.1,3.8475,7.695,1.89,1.5525,4.44401,4.09623,1.37359
요니 치리노스,Yonny Chirinos,16401,MLB,2020,Rays,0,3,3,11.1,2.38236,7.9412,3.17648,1.58824,5.30907,5.05666,0.0851377
요니 치리노스,Yonny Chirinos,16401,A,2022,Rays (A),0,3,2,6.1,11.3684,8.52632,2.84211,1.42105,5.42514,4.49959,
요니 치리노스,Yonny Chirinos,16401,AAA,2022,Rays (AAA),0,5,5,16,2.8125,7.3125,3.375,1.125,4.63264,4.34754,
요니 치리노스,Yonny Chirinos,16401,MLB,2022,Rays,0,2,1,7,0,7.71429,1.28571,0,2.25529,3.10121,0.189111
요니 치리노스,Yonny Chirinos,16401,AAA,2023,Rays (AAA),0,5,4,19.1,4.65517,7.91379,3.72414,0.465517,3.88291,4.40316,
요니 치리노스,Yonny Chirinos,16401,MLB,2023,- - -,0,20,9,85,5.4,5.61176,2.85882,1.58824,5.43151,4.96581,-0.277449
요니 치리노스,Yonny Chirinos,16401,MLB,2023,Rays,1,15,4,62.2,4.02128,4.45213,2.87234,1.43617,5.48908,5.39336,-0.357084
요니 치리노스,Yonny Chirinos,16401,MLB,2023,Braves,1,5,5,22.1,9.26866,8.86567,2.8209,2.01493,5.26997,3.7661,0.0796352
요니 치리노스,Yonny Chirinos,16401,AAA,2024,Marlins (AAA),0,21,21,110.2,3.65964,7.48193,3.00904,0.894578,4.31001,4.54262,
요니 치리노스,Yonny Chirinos,16401,MLB,2024,Marlins,0,6,6,30,6.3,7.5,3.9,2.1,6.13315,5.51903,-0.171724
앤더스 톨허스트,Anders William Tolhurst,sa3019818,A,2022,Blue Jays (A),0,4,1,7.1,2.45455,14.7273,11.0455,0,4.33866,5.2621,
앤더스 톨허스트,Anders William Tolhurst,sa3019818,A,2023,Blue Jays (A),0,6,0,8.2,8.30769,11.4231,2.07692,1.03846,4.15058,3.49592,
앤더스 톨허스트,Anders William Tolhurst,sa3019818,A+,2023,Blue Jays (A+),0,15,2,28.1,5.4,10.8,3.17647,0.317647,3.0319,4.21496,
앤더스 톨허스트,Anders William Tolhurst,sa3019818,A+,2024,Blue Jays (A+),0,21,0,26,1.73077,9.69231,1.73077,0,2.18079,3.32713,
앤더스 톨허스트,Anders William Tolhurst,sa3019818,AA,2024,Blue Jays (AA),0,23,0,33.2,4.54455,12.5644,2.40594,2.67327,5.24921,2.675,
애덤 올러,Adam Oller,20132,R,2016,Pirates (R),0,13,9,54.2,4.44512,7.57317,1.48171,1.15244,4.41101,3.86546,
애덤 올러,Adam Oller,20132,A-,2017,Pirates (A-),0,17,2,45.1,1.58824,9.92647,1.78676,0.198529,2.30696,2.56826,
애덤 올러,Adam Oller,20132,A,2018,Pirates (A),0,5,0,14.1,4.39535,9.41861,1.88372,0.627907,3.12181,3.14979,
애덤 올러,Adam Oller,20132,A+,2018,Pirates (A+),0,24,5,58.2,6.75,8.13068,3.22159,2.14773,6.20618,4.16598,
애덤 올러,Adam Oller,20132,A,2019,Giants (A),0,17,17,87.1,4.01908,9.58397,2.67939,0.515267,3.20183,3.32777,
애덤 올러,Adam Oller,20132,AA,2021,Mets (AA),0,15,15,76,4.02632,11.25,3.43421,0.947368,3.60754,3.60137,
애덤 올러,Adam Oller,20132,AAA,2021,Mets (AAA),0,8,8,44,2.45455,8.79545,3.68182,0.204545,3.33981,4.9765,
애덤 올러,Adam Oller,20132,AAA,2022,Athletics (AAA),0,7,7,31.2,3.69474,9.09474,4.83158,0,3.5395,5.6493,
애덤 올러,Adam Oller,20132,MLB,2022,Athletics,0,19,14,74.1,6.29597,5.56951,4.72198,2.0583,6.50257,6.05871,-1.14793
애덤 올러,Adam Oller,20132,AAA,2023,Athletics (AAA),1,12,9,50.2,7.10526,10.4803,4.26316,2.13158,6.29836,5.42825,
애덤 올러,Adam Oller,20132,AAA,2023,Mariners (AAA),1,12,12,63.2,5.51309,8.7644,3.95811,1.8377,6.21145,6.20915,
애덤 올러,Adam Oller,20132,MLB,2023,Athletics,0,9,1,19.2,10.0678,5.94915,5.49153,2.28814,7.22114,6.94253,-0.47721
애덤 올러,Adam Oller,20132,AAA,2024,Cleveland (AAA),1,12,6,27.2,7.48193,10.7349,5.85542,1.95181,6.06302,4.99562,
애덤 올러,Adam Oller,20132,AAA,2024,Marlins (AAA),1,6,3,25,2.88,8.64,2.52,0.72,3.52905,3.92515,
애덤 올러,Adam Oller,20132,MLB,2024,Marlins,0,8,8,42.1,5.31496,7.65354,4.67717,1.48819,5.31609,5.23805,0.0126355
터커 데이비드슨,Tucker Davidson,19871,R,2016,Braves (R),0,11,1,29.2,1.51685,9.70786,1.21348,0.303371,2.32018,2.41271,
터커 데이비드슨,Tucker Davidson,19871,A,2017,Braves (A),0,31,12,103.2,2.6045,8.76849,2.6045,0.347267,2.9751,3.15036,
터커 데이비드슨,Tucker Davidson,19871,A+,2018,Braves (A+),0,24,24,118.1,4.1831,7.52958,4.41127,0.380282,3.9775,4.26623,
터커 데이비드슨,Tucker Davidson,19871,AA,2019,Braves (AA),0,21,21,110.2,2.03313,9.92169,3.65964,0.406627,3.00912,3.13095,
터커 데이비드슨,Tucker Davidson,19871,AAA,2019,Braves (AAA),0,4,4,19,2.84211,5.68421,4.26316,0,4.09841,5.82575,
터커 데이비드슨,Tucker Davidson,19871,MLB,2020,Braves,0,1,1,1.2,10.7998,10.7998,21.5996,5.39989,15.7912,12.6191,-0.164663
터커 데이비드슨,Tucker Davidson,19871,AAA,2021,Braves (AAA),0,4,4,23,1.17391,10.9565,1.95652,0.782609,2.71036,2.73501,
터커 데이비드슨,Tucker Davidson,19871,MLB,2021,Braves,0,4,4,20,3.6,8.1,3.6,1.35,4.52003,4.42261,0.190311
터커 데이비드슨,Tucker Davidson,19871,MLB,2021,Braves,1,1,1,2,9,4.5,13.5,0,6.67003,10.1988,
터커 데이비드슨,Tucker Davidson,19871,AAA,2022,Braves (AAA),0,15,15,80.1,4.59336,10.7552,2.6888,1.56846,4.35411,3.34078,
터커 데이비드슨,Tucker Davidson,19871,MLB,2022,- - -,0,12,11,52,6.75,5.71154,6.05769,1.21154,5.78551,5.82903,-0.347421
터커 데이비드슨,Tucker Davidson,19871,MLB,2022,Braves,1,4,3,15.1,6.45654,5.86958,7.63045,0,4.54722,6.09195,0.0555932
터커 데이비드슨,Tucker Davidson,19871,MLB,2022,Angels,1,8,8,36.2,6.87272,5.64545,5.4,1.71818,6.30334,5.71908,-0.403014
터커 데이비드슨,Tucker Davidson,19871,MLB,2023,- - -,0,38,1,51.1,5.96104,8.06494,3.33117,1.05195,4.26803,4.42337,0.119216
터커 데이비드슨,Tucker Davidson,19871,MLB,2023,Angels,1,18,0,31.2,6.53684,8.81053,3.12632,0.568421,3.34978,4.14727,0.311154
터커 데이비드슨,Tucker Davidson,19871,MLB,2023,Royals,1,20,1,19.2,5.0339,6.86441,3.66102,1.83051,5.74657,4.86794,-0.191937
터커 데이비드슨,Tucker Davidson,19871,AAA,2024,Orioles (AAA),0,32,17,115.2,3.89049,8.09222,3.57925,1.32277,4.9264,4.89363,
터커 데이비드슨,Tucker Davidson,19871,MLB,2024,Orioles,0,1,0,4.2,0,1.92857,3.85714,0,4.02362,5.64361,0.00319565
빈스 벨라스케즈,Vincent John Velasquez,11189,R,2010,Astros (R),0,8,6,29.1,3.06818,7.67046,1.53409,1.22727,4.3377,3.68258,
빈스 벨라스케즈,Vincent John Velasquez,11189,A-,2012,Astros (A-),0,9,9,45.2,3.35036,10.0511,3.35036,0.394161,2.98216,3.03275,
빈스 벨라스케즈,Vincent John Velasquez,11189,A,2013,Astros (A),0,25,16,110,3.19091,10.0636,2.7,0.572727,2.99261,2.90025,
빈스 벨라스케즈,Vincent John Velasquez,11189,A+,2013,Astros (A+),0,3,3,14.2,6.13636,11.6591,4.90909,1.22727,4.99906,4.77027,
빈스 벨라스케즈,Vincent John Velasquez,11189,R,2014,Astros (R),0,3,3,8.2,2.07692,19.7308,2.07692,0,0.853555,0.955371,
빈스 벨라스케즈,Vincent John Velasquez,11189,A+,2014,Astros (A+),0,15,10,55.1,3.74096,11.7108,3.74096,0.975904,3.95953,3.66576,
빈스 벨라스케즈,Vincent John Velasquez,11189,AA,2015,Astros (AA),0,9,5,33,1.90909,12.2727,3.54545,0.545455,2.63004,2.83947,
빈스 벨라스케즈,Vincent John Velasquez,11189,MLB,2015,Astros,0,19,7,55.2,4.36527,9.37724,3.39521,0.808383,3.45695,4.14492,0.89539
빈스 벨라스케즈,Vincent John Velasquez,11189,AA,2016,Phillies (AA),0,1,1,5,1.8,5.4,1.8,1.8,5.35755,4.18984,
빈스 벨라스케즈,Vincent John Velasquez,11189,MLB,2016,Phillies,0,24,24,131,4.12214,10.4427,3.0916,1.44275,3.96335,3.67213,2.25044
빈스 벨라스케즈,Vincent John Velasquez,11189,A+,2017,Phillies (A+),0,1,1,5,1.8,9,1.8,1.8,4.5106,2.90712,
빈스 벨라스케즈,Vincent John Velasquez,11189,AA,2017,Phillies (AA),0,1,1,3,6,12,3,3,5.8917,2.74463,
빈스 벨라스케즈,Vincent John Velasquez,11189,AAA,2017,Phillies (AAA),0,1,1,2,4.5,0,4.5,0,4.83754,7.87938,
빈스 벨라스케즈,Vincent John Velasquez,11189,MLB,2017,Phillies,0,15,15,72,5.125,8.5,4.25,1.875,5.51875,4.58922,0.214949
빈스 벨라스케즈,Vincent John Velasquez,11189,MLB,2018,Phillies,0,31,30,146.2,4.84773,9.87954,3.62045,0.981818,3.75361,4.11467,2.6302
빈스 벨라스케즈,Vincent John Velasquez,11189,MLB,2019,Phillies,0,33,23,117.1,4.90909,9.97159,3.2983,1.99432,5.20833,4.75199,0.588449
빈스 벨라스케즈,Vincent John Velasquez,11189,MLB,2020,Phillies,0,9,7,34,5.55882,12.1765,4.5,1.32353,4.16201,4.0651,0.647173
빈스 벨라스케즈,Vincent John Velasquez,11189,A,2021,Phillies (A),0,4,2,7,2.57143,15.4286,1.28571,1.28571,3.08708,2.40622,
빈스 벨라스케즈,Vincent John Velasquez,11189,AAA,2021,Phillies (AAA),0,2,2,6.2,2.7,16.2,4.05,1.35,3.06254,2.17522,
빈스 벨라스케즈,Vincent John Velasquez,11189,MLB,2021,- - -,0,25,21,94.1,6.29682,9.63603,4.67491,2.19434,5.88381,4.97733,-0.294757
빈스 벨라스케즈,Vincent John Velasquez,11189,MLB,2021,Phillies,1,21,17,81.2,5.95102,9.36734,4.95918,1.87347,5.59452,5.02724,-0.0156259
빈스 벨라스케즈,Vincent John Velasquez,11189,MLB,2021,Padres,1,4,4,12.2,8.52629,11.3684,2.8421,4.26315,7.74897,4.6555,-0.279131
빈스 벨라스케즈,Vincent John Velasquez,11189,AAA,2022,White Sox (AAA),0,4,0,5.2,4.7647,11.1176,6.35294,0,3.1547,4.90081,
빈스 벨라스케즈,Vincent John Velasquez,11189,MLB,2022,White Sox,0,27,9,75.1,4.77876,8.24337,2.98673,1.31416,4.25402,4.47809,0.403252
빈스 벨라스케즈,Vincent John Velasquez,11189,AAA,2023,Pirates (AAA),0,1,1,4.2,0,3.85714,1.92857,0,3.35828,5.00529,
빈스 벨라스케즈,Vincent John Velasquez,11189,MLB,2023,Pirates,0,8,8,37.1,3.85714,8.91964,3.375,0.964286,3.87111,4.55971,0.669682
알렉 감보아,Alec Gamboa,26227,R,2019,Dodgers (R),0,12,7,25,2.88,11.88,0.72,0,1.9866,2.31309,
알렉 감보아,Alec Gamboa,26227,A+,2021,Dodgers (A+),0,22,11,77,4.20779,8.2987,3.50649,1.05195,4.69381,4.42292,
알렉 감보아,Alec Gamboa,26227,AA,2022,Dodgers (AA),0,30,6,88.1,5.90943,7.33585,4.78868,1.12075,5.47836,5.57295,
알렉 감보아,Alec Gamboa,26227,AA,2023,Dodgers (AA),0,14,0,36,2.25,8.25,4.75,0.5,4.33172,5.03238,
알렉 감보아,Alec Gamboa,26227,AAA,2023,Dodgers (AAA),0,23,3,40.1,4.90909,9.59504,6.47108,0.669422,4.94141,5.62958,
알렉 감보아,Alec Gamboa,26227,AAA,2024,Dodgers (AAA),0,22,12,73.2,3.29864,6.23077,3.78733,0.366516,4.28262,5.40932,
코디 폰세,Cody Ponce,17920,R,2015,Brewers (R),0,2,2,5,3.6,7.2,0,0,2.5467,2.5467,
코디 폰세,Cody Ponce,17920,A,2015,Brewers (A),0,12,7,46,2.15217,7.04348,1.76087,0.195652,2.76463,3.07935,
코디 폰세,Cody Ponce,17920,A+,2016,Brewers (A+),0,17,17,72,5.25,8.625,2.125,0.75,3.21111,2.83076,
코디 폰세,Cody Ponce,17920,A+,2017,Brewers (A+),0,22,22,120,3.375,7.05,1.875,1.05,4.12094,3.7709,
코디 폰세,Cody Ponce,17920,AA,2017,Brewers (AA),0,3,3,17.2,1.5283,4.5849,2.54717,0,2.94328,3.71611,
코디 폰세,Cody Ponce,17920,AA,2018,Brewers (AA),0,29,11,95,4.35789,8.33684,3.22105,0.947368,4.30038,4.0777,
코디 폰세,Cody Ponce,17920,AA,2019,Pirates (AA),1,3,1,6,6,9,1.5,1.5,4.33742,3.48291,
코디 폰세,Cody Ponce,17920,AA,2019,Brewers (AA),1,27,0,38.1,3.28696,10.3304,2.81739,0.234783,2.59393,2.87679,
코디 폰세,Cody Ponce,17920,AAA,2019,Pirates (AAA),0,4,4,18.2,5.30357,9.64286,3.375,1.92857,5.39259,4.56041,
코디 폰세,Cody Ponce,17920,MLB,2020,Pirates,0,5,3,17,3.17647,6.35294,3.17647,2.64706,6.66201,5.67419,-0.233016
코디 폰세,Cody Ponce,17920,AAA,2021,Pirates (AAA),0,15,8,57.1,4.7093,9.26163,2.82558,1.25581,4.21719,4.4421,
코디 폰세,Cody Ponce,17920,MLB,2021,Pirates,0,15,2,38.1,7.04348,8.45218,2.58261,1.87826,4.94395,4.25609,-0.123118
로건 앨런,Logan Allen,18555,R,2015,Red Sox (R),0,7,7,20,0.9,10.8,0.45,0,1.05737,1.3216,
로건 앨런,Logan Allen,18555,A-,2015,Red Sox (A-),0,1,1,4.1,2.07692,4.15385,0,0,2.59287,3.6463,
로건 앨런,Logan Allen,18555,R,2016,Padres (R),0,3,3,6,3,12,1.5,0,1.9566,2.34603,
로건 앨런,Logan Allen,18555,A-,2016,Padres (A-),0,1,1,2.1,7.7143,15.4286,3.85715,0,1.62555,1.94474,
로건 앨런,Logan Allen,18555,A,2016,Padres (A),0,15,11,54,3.33333,7.83333,3.66667,0.333333,3.60439,3.91482,
로건 앨런,Logan Allen,18555,A,2017,Padres (A),0,13,13,68.1,2.10732,11.1951,3.42439,0.131707,2.60456,3.32804,
로건 앨런,Logan Allen,18555,A+,2017,Padres (A+),0,11,10,56.2,3.97059,9.05294,2.85882,0.317647,3.31376,3.76849,
로건 앨런,Logan Allen,18555,AA,2018,Padres (AA),0,20,19,121,2.75207,9.29752,2.82645,0.520661,3.20384,3.57025,
로건 앨런,Logan Allen,18555,AAA,2018,Padres (AAA),0,5,5,27.2,1.62651,8.45783,4.22892,1.3012,5.15497,4.78403,
로건 앨런,Logan Allen,18555,AAA,2019,Indians (AAA),1,5,5,22.1,7.65672,7.25373,4.83582,2.41791,7.38592,6.3426,
로건 앨런,Logan Allen,18555,AAA,2019,Padres (AAA),1,13,13,57.2,5.15029,9.83237,3.43353,1.24855,4.87182,4.76558,
로건 앨런,Logan Allen,18555,MLB,2019,- - -,0,9,4,27.2,6.18074,5.53013,4.22893,1.30121,5.49112,5.04958,-0.0373688
로건 앨런,Logan Allen,18555,MLB,2019,Padres,1,8,4,25.1,6.75001,4.97369,4.61843,1.42105,5.9377,5.37697,-0.0974053
로건 앨런,Logan Allen,18555,MLB,2019,Indians,1,1,0,2.1,0,11.5716,0,0,0.642544,1.49507,0.0600365
로건 앨런,Logan Allen,18555,MLB,2020,Indians,0,3,0,10.2,3.37499,5.90623,5.90623,0.843747,5.34766,6.11745,-0.0469842
로건 앨런,Logan Allen,18555,AAA,2021,Cleveland (AAA),0,12,11,48.2,7.95205,9.61644,5.36301,1.66438,5.66391,5.11585,
로건 앨런,Logan Allen,18555,MLB,2021,Cleveland,0,14,11,50.1,6.25828,6.6159,3.03974,2.1457,6.05083,4.84438,-0.454358
로건 앨런,Logan Allen,18555,AAA,2022,Orioles (AAA),1,21,0,24.1,8.50685,7.76712,4.06849,1.47945,5.76791,5.32521,
로건 앨런,Logan Allen,18555,AAA,2022,Rockies (AAA),1,6,6,28,6.42857,8.03571,2.89286,2.57143,6.96244,5.92346,
로건 앨런,Logan Allen,18555,MLB,2022,- - -,0,7,0,7.2,5.86954,8.21736,5.86954,0,3.63417,5.56508,0.127711
로건 앨런,Logan Allen,18555,MLB,2022,Guardians,1,4,0,6,4.5,9,4.5,0,3.11243,5.57971,0.140858
로건 앨런,Logan Allen,18555,MLB,2022,Orioles,1,3,0,1.2,10.7998,5.39989,10.7998,0,5.51238,5.51238,-0.0131467
로건 앨런,Logan Allen,18555,AAA,2023,Mariners (AAA),1,14,10,58,4.65517,7.60345,4.34483,1.7069,6.32898,5.58992,
로건 앨런,Logan Allen,18555,AAA,2023,Rockies (AAA),1,24,0,45,7.2,10,5.6,1.6,5.9719,5.40604,
로건 앨런,Logan Allen,18555,AAA,2024,Diamondbacks (AAA),0,20,19,96.1,5.23183,7.75433,3.6436,1.21453,5.14262,5.42972,
로건 앨런,Logan Allen,18555,MLB,2024,Diamondbacks,0,12,0,28,5.46429,6.75,3.21429,0.964286,4.34505,4.5722,-0.00642106
라일리 톰프슨,Riley Thompson,sa876287,A-,2018,Cubs (A-),0,9,8,25.1,2.84211,8.88158,3.19737,0.355263,3.51328,3.84379,
라일리 톰프슨,Riley Thompson,sa876287,A,2019,Cubs (A),0,21,21,94,3.06383,8.32979,2.96809,0.861702,3.89424,3.59201,
라일리 톰프슨,Riley Thompson,sa876287,AA,2022,Cubs (AA),0,19,19,57,4.42105,10.1053,5.05263,1.26316,4.95073,4.63266,
라일리 톰프슨,Riley Thompson,sa876287,AAA,2023,Cubs (AAA),0,25,19,81.1,5.64344,8.63115,5.97541,1.65984,6.08076,5.85674,
라일리 톰프슨,Riley Thompson,sa876287,AAA,2024,Cubs (AAA),0,34,15,107.1,5.95342,8.30124,4.02485,1.25776,4.88271,4.93912,
패트릭 머피,Patrick Murphy,19712,R,2014,Blue Jays (R),0,3,2,4,11.25,9,4.5,0,3.0074,3.4486,
패트릭 머피,Patrick Murphy,19712,A-,2016,Blue Jays (A-),0,13,13,69.2,2.84211,6.20096,2.97129,0,3.51004,4.05525,
패트릭 머피,Patrick Murphy,19712,A,2016,Blue Jays (A),0,8,2,21,4.28571,8.57143,6,1.28571,5.57,4.2996,
패트릭 머피,Patrick Murphy,19712,R,2017,Blue Jays (R),0,3,2,9,0,15,1,0,0.424529,0.673368,
패트릭 머피,Patrick Murphy,19712,A,2017,Blue Jays (A),0,15,15,88.2,2.94361,5.78572,3.34962,0.507519,4.09498,4.19812,
패트릭 머피,Patrick Murphy,19712,A+,2017,Blue Jays (A+),0,2,2,9,7,5,3,0,3.19949,4.02992,
패트릭 머피,Patrick Murphy,19712,A+,2018,Blue Jays (A+),0,26,26,146.2,2.63864,8.28409,3.06818,0.306818,3.18572,3.35884,
패트릭 머피,Patrick Murphy,19712,AA,2018,Blue Jays (AA),0,1,1,6,3,9,4.5,0,2.82896,3.56903,
패트릭 머피,Patrick Murphy,19712,AA,2019,Blue Jays (AA),0,18,18,84,4.71429,9.21429,2.89286,0.75,3.34933,3.01579,
패트릭 머피,Patrick Murphy,19712,MLB,2020,Blue Jays,0,4,0,6,1.5,7.5,3,0,2.52475,3.48889,0.0799413
패트릭 머피,Patrick Murphy,19712,A,2021,Blue Jays (A),0,3,0,3.1,5.40001,13.5,2.7,0,1.70137,2.11307,
패트릭 머피,Patrick Murphy,19712,AAA,2021,Nationals (AAA),1,3,0,2,4.5,13.5,4.5,0,1.86254,2.7481,
패트릭 머피,Patrick Murphy,19712,AAA,2021,Blue Jays (AAA),1,10,0,14.2,0,10.4318,4.90909,0,2.68072,3.40527,
패트릭 머피,Patrick Murphy,19712,MLB,2021,- - -,0,25,0,28,5.14286,9.32143,3.21429,0.964286,3.99146,3.92188,0.187538
패트릭 머피,Patrick Murphy,19712,MLB,2021,Blue Jays,1,8,0,9.1,4.82145,5.78574,3.85716,0.964289,5.20576,5.32521,-0.102329
패트릭 머피,Patrick Murphy,19712,MLB,2021,Nationals,1,17,0,18.2,5.30356,11.0893,2.89285,0.964284,3.38432,3.22021,0.289867
패트릭 머피,Patrick Murphy,19712,AAA,2022,Nationals (AAA),0,40,7,63,5,10.4286,4.71429,0.857143,4.09494,4.08713,
패트릭 머피,Patrick Murphy,19712,MLB,2022,Nationals,0,6,0,5.2,6.3529,6.3529,12.7058,0,5.93594,7.50338,-0.0528367
패트릭 머피,Patrick Murphy,19712,AAA,2023,Twins (AAA),0,42,4,85.1,3.69141,10.2305,5.27344,0.738281,4.4046,4.68926,
미치 화이트,Mitch White,19225,R,2016,Dodgers (R),0,2,2,4,0,18,0,0,0.123269,0.269306,
미치 화이트,Mitch White,19225,A,2016,Dodgers (A),0,8,4,16,0,11.25,3.375,0,2.09976,2.37156,
미치 화이트,Mitch White,19225,A+,2016,Dodgers (A+),0,1,0,2,0,9,0,0,1.71455,2.98215,
미치 화이트,Mitch White,19225,R,2017,Dodgers (R),0,3,3,7,0,10.2857,2.57143,0,2.77498,3.20355,
미치 화이트,Mitch White,19225,A+,2017,Dodgers (A+),0,9,9,38.2,3.72414,11.4052,3.72414,0,2.85342,3.43551,
미치 화이트,Mitch White,19225,AA,2017,Dodgers (AA),0,7,7,28,2.57143,9.96429,4.17857,0.642857,3.6361,3.53065,
미치 화이트,Mitch White,19225,AA,2018,Dodgers (AA),0,22,22,105.1,4.52848,7.51899,2.90506,1.02532,4.34418,4.00254,
미치 화이트,Mitch White,19225,AA,2019,Dodgers (AA),0,7,7,30,2.1,11.1,2.1,0.9,3.084,3.05185,
미치 화이트,Mitch White,19225,AAA,2019,Dodgers (AAA),0,16,13,63.2,6.50262,9.61257,3.39267,1.8377,5.49301,5.16084,
미치 화이트,Mitch White,19225,MLB,2020,Dodgers,0,2,0,3,0,6,3,0,2.85809,6.71465,0.0418466
미치 화이트,Mitch White,19225,A,2021,Dodgers (A),0,2,2,11.2,1.54286,10.8,0.771428,0.771428,3.20154,2.82511,
미치 화이트,Mitch White,19225,AAA,2021,Dodgers (AAA),0,10,7,32,1.6875,10.9688,3.375,0.28125,3.02608,4.12759,
미치 화이트,Mitch White,19225,MLB,2021,Dodgers,0,21,4,46.2,3.66428,9.44999,3.27857,1.15714,3.83432,3.82643,0.549385
미치 화이트,Mitch White,19225,AAA,2022,Blue Jays (AAA),1,1,1,5,14.4,9,1.8,3.6,7.30764,2.43746,
미치 화이트,Mitch White,19225,AAA,2022,Dodgers (AAA),1,2,2,11.2,0,7.71428,1.54286,0,2.91244,4.12717,
미치 화이트,Mitch White,19225,MLB,2022,- - -,0,25,18,99,5.45455,7.09091,3.18182,0.818182,3.87001,4.42276,1.25117
미치 화이트,Mitch White,19225,MLB,2022,Dodgers,1,15,10,56,3.69643,7.55357,3.05357,0.964286,3.95172,4.22428,0.72568
미치 화이트,Mitch White,19225,MLB,2022,Blue Jays,1,10,8,43,7.74419,6.48837,3.34884,0.627907,3.76359,4.68126,0.525485
미치 화이트,Mitch White,19225,A,2023,Blue Jays (A),0,1,1,3.1,0,5.40001,0,0,2.60442,3.70336,
미치 화이트,Mitch White,19225,AAA,2023,Blue Jays (AAA),0,17,12,55.2,5.49701,10.8323,4.8503,1.45509,5.1534,4.84656,
미치 화이트,Mitch White,19225,MLB,2023,Blue Jays,0,10,0,12.2,7.10526,9.23684,4.97368,1.42105,4.91294,5.99296,-0.0391208
미치 화이트,Mitch White,19225,AAA,2024,Brewers (AAA),0,18,7,57.2,4.0578,10.6127,3.43353,0.312139,3.06616,3.92272,
미치 화이트,Mitch White,19225,MLB,2024,- - -,0,13,0,23.2,7.22535,4.94366,4.94366,1.52113,6.03972,5.69528,-0.357339
미치 화이트,Mitch White,19225,MLB,2024,Blue Jays,1,4,0,10,5.4,5.4,3.6,0.9,4.46648,4.98089,-0.020051
미치 화이트,Mitch White,19225,MLB,2024,Giants,1,3,0,5.1,11.8125,1.6875,8.4375,1.6875,8.04148,7.58852,-0.157027
미치 화이트,Mitch White,19225,MLB,2024,Brewers,1,6,0,8.1,6.48,6.48,4.32,2.16,6.64648,5.3409,-0.180261
라클란 웰스,Lachlan Robert Wells,sa877857,R,2015,Twins (R),0,10,9,47.1,2.09155,9.3169,2.09155,0.760563,3.22286,2.55225,
라클란 웰스,Lachlan Robert Wells,sa877857,A,2016,Twins (A),0,12,12,71.1,1.76636,7.9486,2.01869,0.504673,3.2785,3.43351,
라클란 웰스,Lachlan Robert Wells,sa877857,R,2017,Twins (R),0,1,1,4,2.25,13.5,0,0,0.424529,1.12439,
라클란 웰스,Lachlan Robert Wells,sa877857,A+,2017,Twins (A+),0,16,14,81.1,3.98361,7.52459,2.10246,1.21721,4.17125,3.53619,
라클란 웰스,Lachlan Robert Wells,sa877857,R,2019,Twins (R),0,1,1,5,5.4,16.2,0,0,1.10687,1.23724,
라클란 웰스,Lachlan Robert Wells,sa877857,A+,2019,Twins (A+),0,9,8,44,4.09091,6.13636,2.45455,0.204545,3.19424,4.05684,
라클란 웰스,Lachlan Robert Wells,sa877857,A,2024,Phillies (A),0,1,1,2,0,9,4.5,0,3.05587,4.15491,
라클란 웰스,Lachlan Robert Wells,sa877857,AA,2024,Phillies (AA),0,16,16,91.1,3.54745,7.58759,1.08394,1.57664,4.46186,3.87903,
C.C 메르세데스,Cristopher Crisostomo Mercedes,sa657880,R,2012,Rays (R),0,14,14,51.2,3.65806,5.92258,4.18064,0.348387,4.03291,3.91676,
C.C 메르세데스,Cristopher Crisostomo Mercedes,sa657880,R,2013,Rays (R),1,4,4,17.1,1.55769,7.26923,4.67308,0.519231,3.95675,3.57855,
C.C 메르세데스,Cristopher Crisostomo Mercedes,sa657880,R,2013,Rays (R),1,10,4,39,4.84615,5.76923,4.84615,0.923077,5.51137,4.5986,
C.C 메르세데스,Cristopher Crisostomo Mercedes,sa657880,R,2014,Rays (R),0,7,0,16.2,3.24,5.94,2.7,0,3.2674,3.71743,
C.C 메르세데스,Cristopher Crisostomo Mercedes,sa657880,A-,2015,Rays (A-),0,18,0,41,2.85366,5.26829,3.29268,0.219512,4.05253,4.12514,
재크 스튜어트,Zach Stewart,7397,A,2008,Reds (A),0,11,0,16.1,0.551021,7.16327,1.65306,0,2.42645,2.94584,
재크 스튜어트,Zach Stewart,7397,A+,2008,Reds (A+),0,13,0,16.2,1.62,12.42,5.94,0,2.6014,3.21579,
재크 스튜어트,Zach Stewart,7397,A+,2009,Reds (A+),0,7,7,42.1,2.12598,6.80315,1.70079,0.212598,2.61532,2.82309,
재크 스튜어트,Zach Stewart,7397,AA,2009,Reds (AA),0,7,7,37,1.45946,7.54054,2.43243,0.243243,2.65619,2.76803,
재크 스튜어트,Zach Stewart,7397,AAA,2009,Reds (AAA),1,9,0,12.1,0.72973,11.6757,5.83784,0,2.50087,3.07586,
재크 스튜어트,Zach Stewart,7397,AAA,2009,Blue Jays (AAA),1,11,0,13.1,3.375,9.45,4.05,0.675,3.69691,3.64778,
재크 스튜어트,Zach Stewart,7397,AA,2010,Blue Jays (AA),0,26,26,136.1,3.63081,6.99755,3.56479,0.858191,4.34738,4.18842,
재크 스튜어트,Zach Stewart,7397,AA,2011,Blue Jays (AA),0,16,16,94.1,4.19788,7.06007,2.57597,0.572438,3.55846,3.80719,
재크 스튜어트,Zach Stewart,7397,AAA,2011,White Sox (AAA),0,1,1,6.1,4.26316,7.10527,0,0,1.65784,3.12997,
재크 스튜어트,Zach Stewart,7397,MLB,2011,- - -,0,13,11,67.1,5.88118,6.01485,2.40594,1.4703,4.7036,3.79257,0.243246
재크 스튜어트,Zach Stewart,7397,MLB,2011,Blue Jays,1,3,3,16.2,4.85999,5.39999,2.69999,1.08,4.46538,4.18677,0.0669825
재크 스튜어트,Zach Stewart,7397,MLB,2011,White Sox,1,10,8,50.2,6.2171,6.2171,2.30921,1.59868,4.78196,3.66289,0.176263
재크 스튜어트,Zach Stewart,7397,AAA,2012,Red Sox (AAA),0,11,11,59.1,3.94382,6.37079,2.1236,0.910112,3.86924,4.07264,
재크 스튜어트,Zach Stewart,7397,MLB,2012,- - -,0,20,3,35.2,8.57943,4.79439,1.00934,3.53271,7.55239,4.34322,-0.892108
재크 스튜어트,Zach Stewart,7397,MLB,2012,White Sox,1,18,1,30,6,4.8,1.2,3,6.76112,4.28757,-0.526106
재크 스튜어트,Zach Stewart,7397,MLB,2012,Red Sox,1,2,2,5.2,22.2352,4.76468,0,6.3529,11.7415,4.63786,-0.366002
재크 스튜어트,Zach Stewart,7397,AAA,2013,White Sox (AAA),0,28,28,167.1,4.249,6.56175,1.99004,0.860558,3.67103,3.54901,
재크 스튜어트,Zach Stewart,7397,R,2014,Braves (R),0,2,2,4,4.5,4.5,4.5,2.25,7.2574,4.4486,
재크 스튜어트,Zach Stewart,7397,AAA,2014,Braves (AAA),0,20,14,106,4.58491,5.00943,2.88679,0.509434,4.08409,4.19725,
알렉산드로 마에스트리,Alessandro Maestri,sa328310,A-,2006,Cubs (A-),0,22,0,42.2,3.79687,7.38281,2.74219,0.84375,4.06226,,
알렉산드로 마에스트리,Alessandro Maestri,sa328310,A,2007,Cubs (A),0,48,4,83.2,2.25896,8.92829,1.61355,0.752988,3.11669,2.92533,
알렉산드로 마에스트리,Alessandro Maestri,sa328310,A+,2008,Cubs (A+),0,15,14,78,3.69231,7.61538,3.11538,0.576923,3.53474,3.5766,
알렉산드로 마에스트리,Alessandro Maestri,sa328310,AA,2008,Cubs (AA),0,2,2,11,6.54545,8.18182,2.45455,1.63636,4.90115,3.66272,
알렉산드로 마에스트리,Alessandro Maestri,sa328310,AA,2009,Cubs (AA),0,54,0,85.1,3.69141,7.69922,5.48438,0.84375,4.74097,4.34565,
알렉산드로 마에스트리,Alessandro Maestri,sa328310,A+,2010,Cubs (A+),0,22,0,35.2,3.78505,9.58878,3.78505,1.00935,4.35142,3.66083,
알렉산드로 마에스트리,Alessandro Maestri,sa328310,AA,2010,Cubs (AA),0,28,0,40.1,6.24793,7.1405,4.68595,0.669422,4.45297,4.3585,
제이콥 터너,Jacob Turner,10185,A,2010,Tigers (A),0,11,10,54,3.66667,8.5,1.5,0.666667,3.26926,3.37242,
제이콥 터너,Jacob Turner,10185,A+,2010,Tigers (A+),0,13,13,61.1,2.93478,7.4837,2.05435,0.440217,3.42619,3.60268,
제이콥 터너,Jacob Turner,10185,AA,2011,Tigers (AA),0,17,17,113.2,3.48387,7.1261,2.53372,0.71261,3.88513,3.9201,
제이콥 터너,Jacob Turner,10185,AAA,2011,Tigers (AAA),0,3,3,17.1,3.11539,10.3846,1.55769,0.519231,2.19832,2.8603,
제이콥 터너,Jacob Turner,10185,MLB,2011,Tigers,0,3,3,12.2,8.52629,5.6842,2.8421,2.13157,6.02538,4.73164,-0.116828
제이콥 터너,Jacob Turner,10185,A+,2012,Tigers (A+),0,4,4,21.2,1.66154,7.06154,2.90769,0.415385,3.52815,3.54204,
제이콥 터너,Jacob Turner,10185,AAA,2012,Tigers (AAA),1,10,10,62.2,3.15957,5.74468,3.44681,0.287234,3.54436,4.08764,
제이콥 터너,Jacob Turner,10185,AAA,2012,Marlins (AAA),1,5,5,27.1,1.97561,5.26829,3.95122,0.658537,4.76536,5.29532,
제이콥 터너,Jacob Turner,10185,MLB,2012,- - -,0,10,10,55,4.41818,5.89091,2.61818,1.47273,4.78536,4.3399,0.216975
제이콥 터너,Jacob Turner,10185,MLB,2012,Tigers,1,3,3,12.1,8.02705,5.10812,5.10812,2.91893,7.87825,5.56678,-0.315645
제이콥 터너,Jacob Turner,10185,MLB,2012,Marlins,1,7,7,42.2,3.375,6.11718,1.89844,1.05469,3.89133,3.98526,0.532619
제이콥 터너,Jacob Turner,10185,AAA,2013,Marlins (AAA),0,10,10,56.1,4.47337,5.59172,2.23669,1.11834,4.84787,4.29916,
제이콥 터너,Jacob Turner,10185,MLB,2013,Marlins,0,20,20,118,3.73729,5.87288,4.11864,0.838983,4.42921,4.71085,0.284147
제이콥 터너,Jacob Turner,10185,A+,2014,Marlins (A+),0,2,2,11,2.45455,8.18182,0.818182,0.818182,3.02739,2.2913,
제이콥 터너,Jacob Turner,10185,MLB,2014,- - -,0,28,18,113,6.13274,5.65487,2.62832,0.955752,4.1588,4.04704,0.464246
제이콥 터너,Jacob Turner,10185,MLB,2014,Marlins,1,20,12,78.1,5.97447,6.20426,2.64255,0.919149,4.00034,3.90338,0.405999
제이콥 터너,Jacob Turner,10185,MLB,2014,Cubs,1,8,6,34.2,6.49038,4.41346,2.59615,1.03846,4.51687,4.37167,0.058247
제이콥 터너,Jacob Turner,10185,AA,2015,Cubs (AA),0,2,2,9,2,7,2,1,3.85915,3.23912,
제이콥 터너,Jacob Turner,10185,AAA,2016,White Sox (AAA),0,18,18,107,4.71028,7.14953,2.43925,0.841121,3.6926,3.46566,
제이콥 터너,Jacob Turner,10185,MLB,2016,White Sox,0,18,2,24.2,6.56756,6.56756,5.83783,1.82432,6.51142,5.15925,-0.467963
제이콥 터너,Jacob Turner,10185,AAA,2017,Nationals (AAA),0,14,14,65.2,5.20812,7.26396,4.52284,0.685279,4.40353,4.61806,
제이콥 터너,Jacob Turner,10185,MLB,2017,Nationals,0,18,2,39,5.07692,5.30769,3.46154,1.84615,5.87559,5.44383,-0.406461
제이콥 터너,Jacob Turner,10185,AAA,2018,Tigers (AAA),1,15,15,82.1,3.49798,6.34008,3.17004,0.65587,4.07396,4.03152,
제이콥 터너,Jacob Turner,10185,AAA,2018,Marlins (AAA),1,11,0,21.2,5.81538,7.06154,3.32308,1.66154,6.09918,5.26433,
제이콥 터너,Jacob Turner,10185,MLB,2018,- - -,0,5,1,6.2,20.2499,4.04998,8.09996,2.69999,8.8604,8.67654,-0.28867
제이콥 터너,Jacob Turner,10185,MLB,2018,Marlins,1,4,0,5.2,15.8823,3.17645,7.94113,1.58823,7.3957,8.89057,-0.170638
제이콥 터너,Jacob Turner,10185,MLB,2018,Tigers,1,1,1,1,45,9,9,9,17.1604,7.46366,-0.118031
채드 벨,Chad Bell,10297,A-,2010,Rangers (A-),0,8,8,44.1,3.24812,9.54135,2.43609,0.609023,3.1744,2.80956,
채드 벨,Chad Bell,10297,A,2010,Rangers (A),0,26,4,60.1,2.98343,7.45856,2.68508,0.745856,3.83169,3.59574,
채드 벨,Chad Bell,10297,A+,2011,Rangers (A+),0,32,9,81.2,2.97551,7.60408,2.53469,0.220408,2.77755,3.43817,
채드 벨,Chad Bell,10297,A+,2012,Rangers (A+),0,4,0,11.1,1.58824,9.52941,3.17647,0,2.32664,2.88522,
채드 벨,Chad Bell,10297,AA,2012,Rangers (AA),0,13,7,50.2,2.8421,7.10526,2.30921,0.532895,3.29984,3.5555,
채드 벨,Chad Bell,10297,AAA,2012,Rangers (AAA),0,14,14,80.1,4.14523,6.49793,4.14523,0.560166,4.52672,5.12574,
채드 벨,Chad Bell,10297,A,2014,Rangers (A),0,6,6,26.1,4.10127,4.78481,2.39241,1.70886,5.78886,4.56766,
채드 벨,Chad Bell,10297,A+,2014,Rangers (A+),0,13,13,61.1,3.52174,5.28261,2.93478,0.586957,4.26754,4.53636,
채드 벨,Chad Bell,10297,AAA,2014,Rangers (AAA),0,1,0,0.1,135.001,0,27.0003,0,12.7005,16.6473,
채드 벨,Chad Bell,10297,AA,2015,Rangers (AA),0,27,23,141.1,4.58491,7.51415,2.67453,0.700472,3.63633,3.55598,
채드 벨,Chad Bell,10297,AAA,2016,Rangers (AAA),1,5,2,18,1.5,9.5,2.5,0,2.4431,3.11169,
채드 벨,Chad Bell,10297,AAA,2016,Tigers (AAA),1,28,10,80.1,3.6971,7.73029,4.25726,0.448133,3.55512,3.71057,
채드 벨,Chad Bell,10297,AAA,2017,Tigers (AAA),0,7,7,34.1,3.40777,8.12621,2.62136,0.786408,3.6288,3.6978,
채드 벨,Chad Bell,10297,MLB,2017,Tigers,0,28,4,62.1,6.93048,8.22995,4.47594,1.73262,5.4678,4.93418,-0.291764
채드 벨,Chad Bell,10297,AAA,2018,Braves (AAA),1,28,1,46.1,6.21583,9.32374,2.71942,0.971223,3.63523,3.61773,
채드 벨,Chad Bell,10297,AAA,2018,Tigers (AAA),1,4,3,10.1,4.35484,6.09678,3.48387,2.6129,6.91372,5.24712,
채드 벨,Chad Bell,10297,MLB,2018,Tigers,0,3,0,7.1,8.59095,8.59095,2.45456,1.22728,3.84225,3.64607,0.0354674
마이크 라이트,Mike Wright Jr.,12586,R,2011,Orioles (R),0,1,0,1,0,9,0,0,1.4196,2.05944,
마이크 라이트,Mike Wright Jr.,12586,A-,2011,Orioles (A-),0,7,7,31,3.77419,8.41935,1.74194,0.870968,3.42907,2.62794,
마이크 라이트,Mike Wright Jr.,12586,A,2011,Orioles (A),0,4,1,13.2,10.5366,7.90244,2.63415,1.97561,5.94221,4.27918,
마이크 라이트,Mike Wright Jr.,12586,A+,2012,Orioles (A+),0,8,8,46.1,2.91367,6.79856,0.971223,0.582734,3.10488,3.43428,
마이크 라이트,Mike Wright Jr.,12586,AA,2012,Orioles (AA),0,12,12,62.1,4.90909,6.49733,2.45455,1.0107,4.17951,3.71704,
마이크 라이트,Mike Wright Jr.,12586,AA,2013,Orioles (AA),0,26,26,143.2,3.25754,8.51972,2.44316,0.563805,3.26921,3.62482,
마이크 라이트,Mike Wright Jr.,12586,AAA,2013,Orioles (AAA),0,1,1,6.2,0,2.7,0,0,2.6049,4.36348,
마이크 라이트,Mike Wright Jr.,12586,AAA,2014,Orioles (AAA),0,26,26,142.2,4.60514,6.49766,2.58645,0.630841,3.79226,4.16391,
마이크 라이트,Mike Wright Jr.,12586,AAA,2015,Orioles (AAA),0,15,14,81,2.22222,7,2.77778,0.444444,3.28048,3.56461,
마이크 라이트,Mike Wright Jr.,12586,MLB,2015,Orioles,0,12,9,44.2,6.04477,5.2388,3.62686,1.81343,6.13359,5.69466,-0.366119
마이크 라이트,Mike Wright Jr.,12586,AAA,2016,Orioles (AAA),0,13,13,76.1,3.0655,5.65939,1.65066,0.943232,3.86355,3.60907,
마이크 라이트,Mike Wright Jr.,12586,MLB,2016,Orioles,0,18,12,74.2,5.78571,6.02678,3.13393,1.44643,5.30281,5.28809,0.183105
마이크 라이트,Mike Wright Jr.,12586,R,2017,Orioles (R),0,3,1,4.1,8.3077,14.5385,0,0,0.886066,1.27368,
마이크 라이트,Mike Wright Jr.,12586,AAA,2017,Orioles (AAA),0,16,16,83,3.68675,7.6988,2.81928,0.650602,3.65079,4.10368,
마이크 라이트,Mike Wright Jr.,12586,MLB,2017,Orioles,0,13,0,25,5.76,10.08,2.52,1.8,4.71764,3.82529,0.0420431
마이크 라이트,Mike Wright Jr.,12586,MLB,2018,Orioles,0,48,2,84.1,5.54941,7.89724,3.8419,1.28063,4.78494,4.79565,0.069244
마이크 라이트,Mike Wright Jr.,12586,AAA,2019,Mariners (AAA),0,15,12,58,5.27586,8.68966,2.63793,0.62069,3.74495,5.25395,
마이크 라이트,Mike Wright Jr.,12586,MLB,2019,- - -,0,19,0,29.1,7.97728,9.20456,3.68182,1.84091,5.25947,5.04167,-0.133567
마이크 라이트,Mike Wright Jr.,12586,MLB,2019,Orioles,1,10,0,13.1,9.45002,9.45002,4.72501,3.37501,7.78902,6.04702,-0.277308
마이크 라이트,Mike Wright Jr.,12586,MLB,2019,Mariners,1,9,0,16,6.75,9,2.8125,0.5625,3.15151,4.20389,0.143741
조시 스미스,Josh A. Smith,10946,R,2010,Reds (R),0,12,0,21,2.14286,12,4.28571,0.428571,3.96515,3.9599,
조시 스미스,Josh A. Smith,10946,A,2010,Reds (A),0,7,0,12.2,2.13158,10.6579,4.26316,0.710526,3.95542,3.93169,
조시 스미스,Josh A. Smith,10946,A,2011,Reds (A),0,26,26,142.1,2.9719,10.4965,2.08665,0.632318,2.805,2.95363,
조시 스미스,Josh A. Smith,10946,A+,2012,Reds (A+),0,27,27,147,3.79592,8.57143,2.81633,0.918367,4.35839,4.51368,
조시 스미스,Josh A. Smith,10946,AA,2013,Reds (AA),0,28,28,160,3.2625,7.81875,2.8125,0.9,3.54388,3.49893,
조시 스미스,Josh A. Smith,10946,AAA,2014,Reds (AAA),0,28,24,159,4.69811,6.96226,3.73585,0.45283,3.84196,4.52974,
조시 스미스,Josh A. Smith,10946,A,2015,Reds (A),0,1,1,1,0,9,0,0,1.39507,1.39507,
조시 스미스,Josh A. Smith,10946,AA,2015,Reds (AA),0,9,9,56,3.05357,8.51786,1.44643,0.803571,3.16074,2.85388,
조시 스미스,Josh A. Smith,10946,AAA,2015,Reds (AAA),0,15,12,86.1,3.7529,7.19305,2.50193,0.208494,2.9022,3.55171,
조시 스미스,Josh A. Smith,10946,MLB,2015,Reds,0,9,7,32.2,6.88775,8.2653,5.78571,1.37755,5.67441,5.31086,-0.231818
조시 스미스,Josh A. Smith,10946,AAA,2016,Reds (AAA),0,9,8,45,3.8,7.6,2.6,1,3.85812,3.42387,
조시 스미스,Josh A. Smith,10946,MLB,2016,Reds,0,32,2,59.2,4.67598,7.24022,3.92179,1.65922,5.29181,4.98879,-0.2946
조시 스미스,Josh A. Smith,10946,AAA,2017,Athletics (AAA),0,19,2,41.1,3.70161,9.58065,2.39516,0.870968,3.86594,4.09035,
조시 스미스,Josh A. Smith,10946,MLB,2017,Athletics,0,26,0,35,4.88571,6.42857,3.85714,0.771429,4.12907,5.0477,0.0809344
조시 스미스,Josh A. Smith,10946,AAA,2018,Red Sox (AAA),1,18,10,74,4.13514,9.24324,1.94595,0.608108,2.88712,3.30988,
조시 스미스,Josh A. Smith,10946,AAA,2018,Mariners (AAA),1,4,1,10.1,6.09678,12.1936,2.6129,2.6129,5.97114,3.58538,
조시 스미스,Josh A. Smith,10946,AAA,2019,Red Sox (AAA),0,13,12,67.1,5.4802,9.35644,2.67327,1.20297,4.3079,4.65534,
조시 스미스,Josh A. Smith,10946,MLB,2019,Red Sox,0,18,2,31,5.80645,8.41935,2.32258,2.90323,6.60111,4.91011,-0.436232
조시 스미스,Josh A. Smith,10946,MLB,2020,Marlins,0,16,1,26.1,6.83545,6.15191,3.7595,1.02532,4.67243,5.3882,0.0170699
토마스 파노니,Thomas Pannone,17281,R,2013,Indians (R),0,14,0,16,9,11.25,5.625,0,3.75714,4.2622,
토마스 파노니,Thomas Pannone,17281,R,2014,Indians (R),0,11,7,45,3.2,12.4,4.8,0.2,3.3619,3.53985,
토마스 파노니,Thomas Pannone,17281,A,2015,Indians (A),0,27,20,116.1,4.02292,9.28367,2.86246,0.928367,3.7561,3.0506,
토마스 파노니,Thomas Pannone,17281,A,2016,Indians (A),0,17,17,89.1,3.02239,8.46269,2.51866,0.705224,3.5867,3.36316,
토마스 파노니,Thomas Pannone,17281,A+,2016,Indians (A+),0,8,7,43.2,1.64885,7.83206,3.29771,0.206107,3.3406,4.07867,
토마스 파노니,Thomas Pannone,17281,A+,2017,Indians (A+),0,5,5,27.2,0,12.6867,2.27711,0,1.3357,2.06404,
토마스 파노니,Thomas Pannone,17281,AA,2017,Indians (AA),1,14,14,82.1,2.62348,8.85425,2.29555,0.546559,2.92139,3.41423,
토마스 파노니,Thomas Pannone,17281,AA,2017,Blue Jays (AA),1,6,6,34.2,3.63461,7.52884,2.07692,2.33654,5.79234,4.26517,
토마스 파노니,Thomas Pannone,17281,A+,2018,Blue Jays (A+),0,1,1,4.2,13.5,1.92857,1.92857,1.92857,6.4789,5.57372,
토마스 파노니,Thomas Pannone,17281,AA,2018,Blue Jays (AA),0,2,2,9,3,12,5,1,3.7734,3.93245,
토마스 파노니,Thomas Pannone,17281,AAA,2018,Blue Jays (AAA),0,6,6,36.2,4.90909,9.81818,1.71818,1.96364,4.64216,3.58767,
토마스 파노니,Thomas Pannone,17281,MLB,2018,Blue Jays,0,12,6,43,4.18605,6.06977,3.13953,1.46512,5.11392,5.57109,0.190879
토마스 파노니,Thomas Pannone,17281,AAA,2019,Blue Jays (AAA),0,8,6,33.2,3.20792,10.9604,4.0099,1.06931,4.24849,4.81608,
토마스 파노니,Thomas Pannone,17281,MLB,2019,Blue Jays,0,37,7,73,6.16438,8.50685,3.82192,1.60274,5.15921,5.54184,-0.00989187
토마스 파노니,Thomas Pannone,17281,AAA,2021,Angels (AAA),0,24,21,118.1,7.07324,6.23662,3.04225,1.82535,6.24782,6.69366,
케니 로젠버그,Kenny Rosenberg,20009,R,2016,Rays (R),1,3,1,7.2,5.86956,7.04348,2.34783,1.17391,4.57405,3.77931,
케니 로젠버그,Kenny Rosenberg,20009,R,2016,Rays (R),1,9,0,20.2,1.30645,11.7581,1.74194,0.435484,1.92819,1.75627,
케니 로젠버그,Kenny Rosenberg,20009,A,2017,Rays (A),0,24,20,113.2,4.27566,10.5308,3.16716,1.18768,4.0339,3.3483,
케니 로젠버그,Kenny Rosenberg,20009,A+,2018,Rays (A+),0,25,17,113,4.85841,8.44248,3.90265,0.79646,4.23997,4.1302,
케니 로젠버그,Kenny Rosenberg,20009,AA,2019,Rays (AA),0,25,16,134,3.29104,7.25373,3.69403,0.671642,3.97738,4.14896,
케니 로젠버그,Kenny Rosenberg,20009,AAA,2019,Rays (AAA),0,1,1,5,7.2,10.8,7.2,1.8,6.22473,6.17735,
케니 로젠버그,Kenny Rosenberg,20009,AA,2021,Rays (AA),0,2,2,5,3.6,10.8,7.2,1.8,6.00154,5.33863,
케니 로젠버그,Kenny Rosenberg,20009,AAA,2021,Rays (AAA),0,14,0,30.2,2.34783,12.6196,3.22826,1.17391,3.42775,3.0027,
케니 로젠버그,Kenny Rosenberg,20009,AAA,2022,Angels (AAA),0,14,13,62.2,3.15957,8.90425,3.87766,1.29255,5.22763,5.26671,
케니 로젠버그,Kenny Rosenberg,20009,MLB,2022,Angels,0,3,1,10.2,4.21874,6.74998,5.06248,0.843747,4.51868,5.52048,0.00728228
케니 로젠버그,Kenny Rosenberg,20009,AAA,2023,Angels (AAA),0,20,20,100,4.95,10.8,4.14,1.26,4.86967,4.91492,
케니 로젠버그,Kenny Rosenberg,20009,MLB,2023,Angels,0,7,3,33,3.81818,7.90909,3.81818,0.818182,4.04292,4.86516,0.380412
케니 로젠버그,Kenny Rosenberg,20009,AAA,2024,Angels (AAA),0,21,21,115.1,4.21387,8.19364,2.96532,1.95087,5.92425,5.14301,
케니 로젠버그,Kenny Rosenberg,20009,MLB,2024,Angels,0,7,1,24,6,6.375,3,1.875,5.45815,4.89183,-0.200484
파커 마켈,Parker Markel,12106,R,2010,Rays (R),0,7,0,10.1,1.74194,11.3226,2.6129,0,1.80163,2.25245,
파커 마켈,Parker Markel,12106,A-,2011,Rays (A-),0,13,13,57.1,3.13954,6.90698,3.61047,0.47093,3.97502,3.83383,
파커 마켈,Parker Markel,12106,A,2012,Rays (A),0,24,24,120,3.525,7.2,2.55,0.45,3.40082,3.62562,
파커 마켈,Parker Markel,12106,A+,2013,Rays (A+),0,18,16,82,6.36585,7.79268,3.84146,0.768293,3.93608,3.52197,
파커 마켈,Parker Markel,12106,A+,2014,Rays (A+),0,29,0,48.2,5.17808,6.84246,3.14384,0.369863,3.76089,4.07579,
파커 마켈,Parker Markel,12106,AA,2014,Rays (AA),0,16,0,16.2,3.78,7.56,4.86,0,3.12694,3.72114,
파커 마켈,Parker Markel,12106,AA,2015,Rays (AA),0,42,0,53,3.22642,6.62264,4.41509,0.679245,4.39793,4.10122,
파커 마켈,Parker Markel,12106,AAA,2015,Rays (AAA),0,5,0,7.1,4.90909,8.59091,6.13637,1.22727,5.06612,3.65442,
파커 마켈,Parker Markel,12106,AA,2016,Rays (AA),0,9,0,10.2,4.21875,9.28125,1.6875,0,1.82003,2.97166,
파커 마켈,Parker Markel,12106,AAA,2016,Rays (AAA),0,34,1,60.2,2.52198,6.97253,3.56044,0.148352,3.36703,3.93692,
에니 로메로,Enny Romero,4001,R,2008,Rays (R),0,11,1,17.2,4.07547,10.1887,6.11321,0,3.57403,3.92944,
에니 로메로,Enny Romero,4001,R,2009,Rays (R),0,11,4,39.1,4.80509,7.55085,4.80509,0.457627,4.08094,3.99759,
에니 로메로,Enny Romero,4001,R,2010,Rays (R),0,13,13,69.1,1.94712,9.34615,1.81731,0.259615,2.71707,3.04493,
에니 로메로,Enny Romero,4001,A-,2010,Rays (A-),0,1,1,5,1.8,7.2,9,0,5.4725,5.73972,
에니 로메로,Enny Romero,4001,A,2011,Rays (A),0,26,26,114,4.26316,11.0526,5.36842,0.710526,3.82495,3.49456,
에니 로메로,Enny Romero,4001,A+,2012,Rays (A+),0,25,23,126,3.92857,7.64286,5.42857,0.357143,4.18334,4.48265,
에니 로메로,Enny Romero,4001,AA,2013,Rays (AA),0,27,27,140.1,2.75772,7.05463,4.68171,0.577197,3.78198,4.03549,
에니 로메로,Enny Romero,4001,AAA,2013,Rays (AAA),0,1,1,8,0,2.25,2.25,0,3.4549,4.65393,
에니 로메로,Enny Romero,4001,MLB,2013,Rays,0,1,1,4.2,0,0,7.71423,0,5.61926,6.79025,-0.023905
에니 로메로,Enny Romero,4001,AAA,2014,Rays (AAA),0,25,25,126,4.5,8.35714,3.71429,0.928571,4.12752,3.90978,
에니 로메로,Enny Romero,4001,A+,2015,Rays (A+),0,2,2,6.2,6.75,6.75,5.4,0,3.46533,3.83537,
에니 로메로,Enny Romero,4001,AAA,2015,Rays (AAA),0,17,3,46.1,4.85612,8.74101,3.30216,0.971223,3.78293,3.27527,
에니 로메로,Enny Romero,4001,MLB,2015,Rays,0,23,0,30,5.1,9.3,3.9,0.3,2.80026,3.8426,0.404184
에니 로메로,Enny Romero,4001,A+,2016,Rays (A+),0,1,1,1,0,18,0,0,-0.747223,0.0436311,
에니 로메로,Enny Romero,4001,MLB,2016,Rays,0,52,0,45.2,5.9124,9.85401,5.51824,1.37956,4.7889,4.65632,-0.186944
에니 로메로,Enny Romero,4001,AAA,2017,Nationals (AAA),0,7,0,6.1,4.26316,11.3684,1.42105,0,1.2849,2.62972,
에니 로메로,Enny Romero,4001,MLB,2017,Nationals,0,53,0,55.2,3.55688,10.509,3.71856,1.13174,3.85824,4.30056,0.458525
에니 로메로,Enny Romero,4001,A+,2018,Pirates (A+),0,1,1,0.2,13.4999,13.4999,0,13.4999,19.9788,1.79529,
에니 로메로,Enny Romero,4001,AA,2018,Pirates (AA),0,2,0,2,0,4.5,4.5,0,3.82896,3.82896,
에니 로메로,Enny Romero,4001,AAA,2018,Pirates (AAA),0,5,0,4.1,6.23077,10.3846,10.3846,2.07692,7.48692,5.28047,
에니 로메로,Enny Romero,4001,MLB,2018,- - -,0,8,0,10,12.6,9,5.4,3.6,8.46043,6.23334,-0.371188
에니 로메로,Enny Romero,4001,MLB,2018,Nationals,1,2,0,2,13.5,9,4.5,4.5,10.6604,5.81205,-0.0765438
에니 로메로,Enny Romero,4001,MLB,2018,Pirates,1,2,0,4,4.5,11.25,6.75,0,2.91043,6.62657,0.0536879
에니 로메로,Enny Romero,4001,MLB,2018,Royals,1,4,0,4,20.25,6.75,4.5,6.75,12.9104,6.05076,-0.348332
