선수명,english_name,mlb_person_id,level,season,league,team,is_split_row,G,GS,IP,ERA,SO,BB,HR,HBP
크리스 볼스테드,Christopher Kenneth Volstad,458690,MLB,2008,National League,Florida Marlins,1,15,14,84.1,2.88,52,36,3,5
크리스 볼스테드,Christopher Kenneth Volstad,458690,MLB,2008,National League,Florida Marlins,0,15,14,84.1,2.88,52,36,3,5
크리스 볼스테드,Christopher Kenneth Volstad,458690,MLB,2009,National League,Florida Marlins,1,29,29,159.0,5.21,107,59,29,3
크리스 볼스테드,Christopher Kenneth Volstad,458690,MLB,2009,National League,Florida Marlins,0,29,29,159.0,5.21,107,59,29,3
크리스 볼스테드,Christopher Kenneth Volstad,458690,MLB,2010,National League,Florida Marlins,1,30,30,175.0,4.58,102,60,17,8
크리스 볼스테드,Christopher Kenneth Volstad,458690,MLB,2010,National League,Florida Marlins,0,30,30,175.0,4.58,102,60,17,8
크리스 볼스테드,Christopher Kenneth Volstad,458690,MLB,2011,National League,Florida Marlins,1,29,29,165.2,4.89,117,49,23,1
크리스 볼스테드,Christopher Kenneth Volstad,458690,MLB,2011,National League,Florida Marlins,0,29,29,165.2,4.89,117,49,23,1
크리스 볼스테드,Christopher Kenneth Volstad,458690,MLB,2012,National League,Chicago Cubs,1,21,21,111.1,6.31,61,43,16,3
크리스 볼스테드,Christopher Kenneth Volstad,458690,MLB,2012,National League,Chicago Cubs,0,21,21,111.1,6.31,61,43,16,3
크리스 볼스테드,Christopher Kenneth Volstad,458690,MLB,2013,National League,Colorado Rockies,1,6,0,8.1,10.80,3,1,1,2
크리스 볼스테드,Christopher Kenneth Volstad,458690,MLB,2013,National League,Colorado Rockies,0,6,0,8.1,10.80,3,1,1,2
크리스 볼스테드,Christopher Kenneth Volstad,458690,AAA,2009,Pacific Coast League,New Orleans Zephyrs,1,1,1,4.0,6.75,7,2,2,0
크리스 볼스테드,Christopher Kenneth Volstad,458690,AAA,2009,Pacific Coast League,New Orleans Zephyrs,0,1,1,4.0,6.75,7,2,2,0
크리스 볼스테드,Christopher Kenneth Volstad,458690,AAA,2010,Pacific Coast League,New Orleans Zephyrs,1,3,3,17.0,3.18,13,9,1,0
크리스 볼스테드,Christopher Kenneth Volstad,458690,AAA,2010,Pacific Coast League,New Orleans Zephyrs,0,3,3,17.0,3.18,13,9,1,0
크리스 볼스테드,Christopher Kenneth Volstad,458690,AAA,2011,Pacific Coast League,New Orleans Zephyrs,1,3,3,18.1,4.42,14,9,1,0
크리스 볼스테드,Christopher Kenneth Volstad,458690,AAA,2011,Pacific Coast League,New Orleans Zephyrs,0,3,3,18.1,4.42,14,9,1,0
크리스 볼스테드,Christopher Kenneth Volstad,458690,AAA,2012,Pacific Coast League,Iowa Cubs,1,12,12,71.1,5.17,52,19,7,4
크리스 볼스테드,Christopher Kenneth Volstad,458690,AAA,2012,Pacific Coast League,Iowa Cubs,0,12,12,71.1,5.17,52,19,7,4
크리스 볼스테드,Christopher Kenneth Volstad,458690,AAA,2013,Pacific Coast League,Colorado Springs Sky Sox,1,23,22,127.2,4.58,57,44,12,2
크리스 볼스테드,Christopher Kenneth Volstad,458690,AAA,2013,Pacific Coast League,Colorado Springs Sky Sox,0,23,22,127.2,4.58,57,44,12,2
유네스키 마야,Yunieski Maya,493337,MLB,2010,National League,Washington Nationals,1,5,5,26.0,5.88,12,11,3,2
유네스키 마야,Yunieski Maya,493337,MLB,2010,National League,Washington Nationals,0,5,5,26.0,5.88,12,11,3,2
유네스키 마야,Yunieski Maya,493337,MLB,2011,National League,Washington Nationals,1,10,5,32.2,5.23,15,10,3,2
유네스키 마야,Yunieski Maya,493337,MLB,2011,National League,Washington Nationals,0,10,5,32.2,5.23,15,10,3,2
유네스키 마야,Yunieski Maya,493337,MLB,2013,National League,Washington Nationals,1,1,0,0.1,54.00,0,0,1,0
유네스키 마야,Yunieski Maya,493337,MLB,2013,National League,Washington Nationals,0,1,0,0.1,54.00,0,0,1,0
유네스키 마야,Yunieski Maya,493337,AAA,2010,International League,Syracuse Chiefs,1,2,2,10.1,0.87,9,5,0,0
유네스키 마야,Yunieski Maya,493337,AAA,2010,International League,Syracuse Chiefs,0,2,2,10.1,0.87,9,5,0,0
유네스키 마야,Yunieski Maya,493337,AAA,2011,International League,Syracuse Chiefs,1,22,22,129.2,5.00,98,28,14,5
유네스키 마야,Yunieski Maya,493337,AAA,2011,International League,Syracuse Chiefs,0,22,22,129.2,5.00,98,28,14,5
유네스키 마야,Yunieski Maya,493337,AAA,2012,International League,Syracuse Chiefs,1,28,28,167.0,3.88,89,40,20,6
유네스키 마야,Yunieski Maya,493337,AAA,2012,International League,Syracuse Chiefs,0,28,28,167.0,3.88,89,40,20,6
유네스키 마야,Yunieski Maya,493337,AAA,2013,International League,Syracuse Chiefs,1,24,24,146.1,3.87,99,31,10,3
유네스키 마야,Yunieski Maya,493337,AAA,2013,International League,Syracuse Chiefs,0,24,24,146.1,3.87,99,31,10,3
J.D. 마틴,John Dale Martin,455605,MLB,2009,National League,Washington Nationals,1,15,15,77.0,4.44,37,24,14,6
J.D. 마틴,John Dale Martin,455605,MLB,2009,National League,Washington Nationals,0,15,15,77.0,4.44,37,24,14,6
J.D. 마틴,John Dale Martin,455605,MLB,2010,National League,Washington Nationals,1,9,9,48.0,4.13,31,11,9,1
J.D. 마틴,John Dale Martin,455605,MLB,2010,National League,Washington Nationals,0,9,9,48.0,4.13,31,11,9,1
J.D. 마틴,John Dale Martin,455605,AAA,2004,International League,Buffalo Bisons,1,1,1,5.0,10.80,2,2,1,0
J.D. 마틴,John Dale Martin,455605,AAA,2004,International League,Buffalo Bisons,0,1,1,5.0,10.80,2,2,1,0
J.D. 마틴,John Dale Martin,455605,AAA,2008,International League,Buffalo Bisons,1,4,1,10.0,1.80,8,2,2,0
J.D. 마틴,John Dale Martin,455605,AAA,2008,International League,Buffalo Bisons,0,4,1,10.0,1.80,8,2,2,0
J.D. 마틴,John Dale Martin,455605,AAA,2009,International League,Syracuse Chiefs,1,16,15,88.0,2.66,63,10,4,2
J.D. 마틴,John Dale Martin,455605,AAA,2009,International League,Syracuse Chiefs,0,16,15,88.0,2.66,63,10,4,2
J.D. 마틴,John Dale Martin,455605,AAA,2010,International League,Syracuse Chiefs,1,7,7,41.0,3.51,25,8,3,1
J.D. 마틴,John Dale Martin,455605,AAA,2010,International League,Syracuse Chiefs,0,7,7,41.0,3.51,25,8,3,1
J.D. 마틴,John Dale Martin,455605,AAA,2011,International League,Syracuse Chiefs,1,30,14,107.2,3.93,72,17,17,7
J.D. 마틴,John Dale Martin,455605,AAA,2011,International League,Syracuse Chiefs,0,30,14,107.2,3.93,72,17,17,7
J.D. 마틴,John Dale Martin,455605,AAA,2012,Pacific Coast League,New Orleans Zephyrs,1,29,21,130.0,5.95,89,17,18,8
J.D. 마틴,John Dale Martin,455605,AAA,2012,Pacific Coast League,New Orleans Zephyrs,0,29,21,130.0,5.95,89,17,18,8
J.D. 마틴,John Dale Martin,455605,AAA,2013,International League,Durham Bulls,1,27,27,160.1,2.75,116,26,15,9
J.D. 마틴,John Dale Martin,455605,AAA,2013,International League,Durham Bulls,0,27,27,160.1,2.75,116,26,15,9
코리 리오단,Cory S. Riordan,476225,AAA,2011,Pacific Coast League,Colorado Springs Sky Sox,1,1,1,7.0,3.86,4,0,0,0
코리 리오단,Cory S. Riordan,476225,AAA,2011,Pacific Coast League,Colorado Springs Sky Sox,0,1,1,7.0,3.86,4,0,0,0
코리 리오단,Cory S. Riordan,476225,AAA,2012,Pacific Coast League,Colorado Springs Sky Sox,1,13,9,55.1,4.88,37,9,3,0
코리 리오단,Cory S. Riordan,476225,AAA,2012,Pacific Coast League,Colorado Springs Sky Sox,0,13,9,55.1,4.88,37,9,3,0
코리 리오단,Cory S. Riordan,476225,AAA,2013,Pacific Coast League,Colorado Springs Sky Sox,1,25,13,74.2,6.75,56,25,12,3
코리 리오단,Cory S. Riordan,476225,AAA,2013,Pacific Coast League,Colorado Springs Sky Sox,0,25,13,74.2,6.75,56,25,12,3
에버렛 티포드,Everett James Teaford,501870,MLB,2011,American League,Kansas City Royals,1,26,3,44.0,3.27,28,14,8,1
에버렛 티포드,Everett James Teaford,501870,MLB,2011,American League,Kansas City Royals,0,26,3,44.0,3.27,28,14,8,1
에버렛 티포드,Everett James Teaford,501870,MLB,2012,American League,Kansas City Royals,1,18,5,61.1,4.99,35,21,11,2
에버렛 티포드,Everett James Teaford,501870,MLB,2012,American League,Kansas City Royals,0,18,5,61.1,4.99,35,21,11,2
에버렛 티포드,Everett James Teaford,501870,MLB,2013,American League,Kansas City Royals,1,1,0,0.2,0.00,0,0,0,0
에버렛 티포드,Everett James Teaford,501870,MLB,2013,American League,Kansas City Royals,0,1,0,0.2,0.00,0,0,0,0
에버렛 티포드,Everett James Teaford,501870,AAA,2010,Pacific Coast League,Omaha Royals,1,1,1,4.2,13.50,4,1,2,0
에버렛 티포드,Everett James Teaford,501870,AAA,2010,Pacific Coast League,Omaha Royals,0,1,1,4.2,13.50,4,1,2,0
에버렛 티포드,Everett James Teaford,501870,AAA,2011,Pacific Coast League,Omaha Storm Chasers,1,16,3,35.0,3.34,33,11,5,1
에버렛 티포드,Everett James Teaford,501870,AAA,2011,Pacific Coast League,Omaha Storm Chasers,0,16,3,35.0,3.34,33,11,5,1
에버렛 티포드,Everett James Teaford,501870,AAA,2012,Pacific Coast League,Omaha Storm Chasers,1,7,6,33.0,1.09,25,8,2,1
에버렛 티포드,Everett James Teaford,501870,AAA,2012,Pacific Coast League,Omaha Storm Chasers,0,7,6,33.0,1.09,25,8,2,1
에버렛 티포드,Everett James Teaford,501870,AAA,2013,Pacific Coast League,Omaha Storm Chasers,1,31,14,95.1,3.49,99,39,7,5
에버렛 티포드,Everett James Teaford,501870,AAA,2013,Pacific Coast League,Omaha Storm Chasers,0,31,14,95.1,3.49,99,39,7,5
하이로 어센시오,Jairo Manuel Asencio,446003,MLB,2009,National League,Atlanta Braves,1,3,0,2.2,3.38,0,2,0,0
하이로 어센시오,Jairo Manuel Asencio,446003,MLB,2009,National League,Atlanta Braves,0,3,0,2.2,3.38,0,2,0,0
하이로 어센시오,Jairo Manuel Asencio,446003,MLB,2011,National League,Atlanta Braves,1,6,0,10.1,6.97,8,5,1,0
하이로 어센시오,Jairo Manuel Asencio,446003,MLB,2011,National League,Atlanta Braves,0,6,0,10.1,6.97,8,5,1,0
하이로 어센시오,Jairo Manuel Asencio,446003,MLB,2012,American League,Cleveland Indians,1,18,0,25.2,5.96,21,8,4,1
하이로 어센시오,Jairo Manuel Asencio,446003,MLB,2012,National League,Chicago Cubs,1,12,0,14.2,3.07,8,11,1,0
하이로 어센시오,Jairo Manuel Asencio,446003,MLB,2012,American League / National League,Cleveland Indians / Chicago Cubs,0,30,0,40.1,4.91,29,19,5,1
하이로 어센시오,Jairo Manuel Asencio,446003,MLB,2013,American League,Baltimore Orioles,1,4,0,2.1,7.71,4,2,1,0
하이로 어센시오,Jairo Manuel Asencio,446003,MLB,2013,American League,Baltimore Orioles,0,4,0,2.1,7.71,4,2,1,0
하이로 어센시오,Jairo Manuel Asencio,446003,AAA,2009,International League,Gwinnett Braves,1,58,0,71.1,3.28,75,19,4,0
하이로 어센시오,Jairo Manuel Asencio,446003,AAA,2009,International League,Gwinnett Braves,0,58,0,71.1,3.28,75,19,4,0
하이로 어센시오,Jairo Manuel Asencio,446003,AAA,2011,International League,Gwinnett Braves,1,47,0,54.2,1.81,70,22,3,0
하이로 어센시오,Jairo Manuel Asencio,446003,AAA,2011,International League,Gwinnett Braves,0,47,0,54.2,1.81,70,22,3,0
하이로 어센시오,Jairo Manuel Asencio,446003,AAA,2012,Pacific Coast League,Iowa Cubs,1,13,0,13.1,1.35,13,4,1,0
하이로 어센시오,Jairo Manuel Asencio,446003,AAA,2012,Pacific Coast League,Iowa Cubs,0,13,0,13.1,1.35,13,4,1,0
하이로 어센시오,Jairo Manuel Asencio,446003,AAA,2013,International League,Norfolk Tides,1,47,0,50.2,2.66,56,14,5,1
하이로 어센시오,Jairo Manuel Asencio,446003,AAA,2013,International League,Norfolk Tides,0,47,0,50.2,2.66,56,14,5,1
저스틴 토마스,Justin Joseph Thomas,476206,MLB,2008,American League,Seattle Mariners,1,8,0,4.0,6.75,2,2,0,0
저스틴 토마스,Justin Joseph Thomas,476206,MLB,2008,American League,Seattle Mariners,0,8,0,4.0,6.75,2,2,0,0
저스틴 토마스,Justin Joseph Thomas,476206,MLB,2010,National League,Pittsburgh Pirates,1,12,0,13.0,6.23,5,5,3,0
저스틴 토마스,Justin Joseph Thomas,476206,MLB,2010,National League,Pittsburgh Pirates,0,12,0,13.0,6.23,5,5,3,0
저스틴 토마스,Justin Joseph Thomas,476206,MLB,2012,American League,Boston Red Sox,1,7,0,4.2,7.71,4,2,0,1
저스틴 토마스,Justin Joseph Thomas,476206,MLB,2012,American League,New York Yankees,1,4,0,3.0,9.00,3,1,1,0
저스틴 토마스,Justin Joseph Thomas,476206,MLB,2012,American League,Boston Red Sox / New York Yankees,0,11,0,7.2,8.22,7,3,1,1
저스틴 토마스,Justin Joseph Thomas,476206,AAA,2008,Pacific Coast League,Tacoma Rainiers,1,7,1,17.0,3.71,21,9,2,0
저스틴 토마스,Justin Joseph Thomas,476206,AAA,2008,Pacific Coast League,Tacoma Rainiers,0,7,1,17.0,3.71,21,9,2,0
저스틴 토마스,Justin Joseph Thomas,476206,AAA,2009,Pacific Coast League,Tacoma Rainiers,1,53,0,60.1,4.48,53,40,5,4
저스틴 토마스,Justin Joseph Thomas,476206,AAA,2009,Pacific Coast League,Tacoma Rainiers,0,53,0,60.1,4.48,53,40,5,4
저스틴 토마스,Justin Joseph Thomas,476206,AAA,2010,International League,Indianapolis Indians,1,40,0,54.1,2.48,51,10,4,9
저스틴 토마스,Justin Joseph Thomas,476206,AAA,2010,International League,Indianapolis Indians,0,40,0,54.1,2.48,51,10,4,9
저스틴 토마스,Justin Joseph Thomas,476206,AAA,2011,International League,Indianapolis Indians,1,63,0,69.1,3.89,59,24,4,8
저스틴 토마스,Justin Joseph Thomas,476206,AAA,2011,International League,Indianapolis Indians,0,63,0,69.1,3.89,59,24,4,8
저스틴 토마스,Justin Joseph Thomas,476206,AAA,2012,International League,Pawtucket Red Sox,1,4,0,5.1,3.38,5,0,0,0
저스틴 토마스,Justin Joseph Thomas,476206,AAA,2012,International League,Scranton/Wilkes-Barre Yankees,1,30,6,57.1,3.45,49,20,3,1
저스틴 토마스,Justin Joseph Thomas,476206,AAA,2012,International League,Pawtucket Red Sox / Scranton/Wilkes-Barre Yankees,0,34,6,62.2,3.45,54,20,3,1
저스틴 토마스,Justin Joseph Thomas,476206,AAA,2013,Pacific Coast League,Sacramento River Cats,1,16,16,84.1,4.48,68,34,8,2
저스틴 토마스,Justin Joseph Thomas,476206,AAA,2013,Pacific Coast League,Sacramento River Cats,0,16,16,84.1,4.48,68,34,8,2
케일럽 클레이,Caleb Russell Clay,502175,AAA,2013,International League,Syracuse Chiefs,1,14,13,83.0,2.49,51,14,5,3
케일럽 클레이,Caleb Russell Clay,502175,AAA,2013,International League,Syracuse Chiefs,0,14,13,83.0,2.49,51,14,5,3
앤드루 앨버스,Andrew ALBERS,452027,MLB,2013,American League,Minnesota Twins,1,10,10,60.0,4.05,25,7,6,2
앤드루 앨버스,Andrew ALBERS,452027,MLB,2013,American League,Minnesota Twins,0,10,10,60.0,4.05,25,7,6,2
앤드루 앨버스,Andrew ALBERS,452027,AAA,2013,International League,Rochester Red Wings,1,22,22,132.1,2.86,116,32,14,0
앤드루 앨버스,Andrew ALBERS,452027,AAA,2013,International League,Rochester Red Wings,0,22,22,132.1,2.86,116,32,14,0
테드 웨버,Thad G. Weber,519403,MLB,2012,American League,Detroit Tigers,1,2,0,4.0,9.00,1,2,0,0
테드 웨버,Thad G. Weber,519403,MLB,2012,American League,Detroit Tigers,0,2,0,4.0,9.00,1,2,0,0
테드 웨버,Thad G. Weber,519403,MLB,2013,National League,San Diego Padres,1,3,0,9.0,2.00,6,5,1,0
테드 웨버,Thad G. Weber,519403,MLB,2013,American League,Toronto Blue Jays,1,5,0,6.0,3.00,4,3,1,0
테드 웨버,Thad G. Weber,519403,MLB,2013,American League / National League,San Diego Padres / Toronto Blue Jays,0,8,0,15.0,2.40,10,8,2,0
테드 웨버,Thad G. Weber,519403,AAA,2010,International League,Toledo Mud Hens,1,3,3,22.0,1.64,17,3,2,0
테드 웨버,Thad G. Weber,519403,AAA,2010,International League,Toledo Mud Hens,0,3,3,22.0,1.64,17,3,2,0
테드 웨버,Thad G. Weber,519403,AAA,2011,International League,Toledo Mud Hens,1,27,27,151.1,5.65,111,49,28,5
테드 웨버,Thad G. Weber,519403,AAA,2011,International League,Toledo Mud Hens,0,27,27,151.1,5.65,111,49,28,5
테드 웨버,Thad G. Weber,519403,AAA,2012,International League,Toledo Mud Hens,1,22,21,128.2,4.20,97,31,16,6
테드 웨버,Thad G. Weber,519403,AAA,2012,Pacific Coast League,Tucson Padres,1,3,3,18.1,4.42,14,3,1,1
테드 웨버,Thad G. Weber,519403,AAA,2012,International League / Pacific Coast League,Toledo Mud Hens / Tucson Padres,0,25,24,147.0,4.22,111,34,17,7
테드 웨버,Thad G. Weber,519403,AAA,2013,Pacific Coast League,Tucson Padres,1,6,6,34.1,3.93,26,4,0,1
테드 웨버,Thad G. Weber,519403,AAA,2013,International League,Buffalo Bisons,1,18,15,100.0,2.61,88,21,5,0
테드 웨버,Thad G. Weber,519403,AAA,2013,International League / Pacific Coast League,Tucson Padres / Buffalo Bisons,0,24,21,134.1,2.95,114,25,5,1
트레비스 밴와트,Travis Banwart,518432,AAA,2009,Pacific Coast League,Sacramento River Cats,1,1,1,6.0,10.50,5,1,0,0
트레비스 밴와트,Travis Banwart,518432,AAA,2009,Pacific Coast League,Sacramento River Cats,0,1,1,6.0,10.50,5,1,0,0
트레비스 밴와트,Travis Banwart,518432,AAA,2010,Pacific Coast League,Sacramento River Cats,1,15,11,73.0,4.81,71,29,9,1
트레비스 밴와트,Travis Banwart,518432,AAA,2010,Pacific Coast League,Sacramento River Cats,0,15,11,73.0,4.81,71,29,9,1
트레비스 밴와트,Travis Banwart,518432,AAA,2011,Pacific Coast League,Sacramento River Cats,1,27,25,149.2,4.63,120,46,22,3
트레비스 밴와트,Travis Banwart,518432,AAA,2011,Pacific Coast League,Sacramento River Cats,0,27,25,149.2,4.63,120,46,22,3
트레비스 밴와트,Travis Banwart,518432,AAA,2012,Pacific Coast League,Sacramento River Cats,1,32,18,128.2,3.85,99,37,15,3
트레비스 밴와트,Travis Banwart,518432,AAA,2012,Pacific Coast League,Sacramento River Cats,0,32,18,128.2,3.85,99,37,15,3
트레비스 밴와트,Travis Banwart,518432,AAA,2013,Pacific Coast League,Sacramento River Cats,1,29,23,131.0,4.60,125,54,20,4
트레비스 밴와트,Travis Banwart,518432,AAA,2013,Pacific Coast League,Sacramento River Cats,0,29,23,131.0,4.60,125,54,20,4
로스 울프,Ross Wolf,448693,MLB,2007,National League,Florida Marlins,1,14,0,12.1,11.68,6,3,4,1
로스 울프,Ross Wolf,448693,MLB,2007,National League,Florida Marlins,0,14,0,12.1,11.68,6,3,4,1
로스 울프,Ross Wolf,448693,MLB,2010,American League,Oakland Athletics,1,11,0,12.2,4.26,9,6,1,1
로스 울프,Ross Wolf,448693,MLB,2010,American League,Oakland Athletics,0,11,0,12.2,4.26,9,6,1,1
로스 울프,Ross Wolf,448693,MLB,2013,American League,Texas Rangers,1,22,3,47.2,4.15,21,15,5,1
로스 울프,Ross Wolf,448693,MLB,2013,American League,Texas Rangers,0,22,3,47.2,4.15,21,15,5,1
로스 울프,Ross Wolf,448693,AAA,2006,Pacific Coast League,Albuquerque Isotopes,1,48,0,48.2,5.18,29,15,1,3
로스 울프,Ross Wolf,448693,AAA,2006,Pacific Coast League,Albuquerque Isotopes,0,48,0,48.2,5.18,29,15,1,3
로스 울프,Ross Wolf,448693,AAA,2007,Pacific Coast League,Albuquerque Isotopes,1,46,0,47.1,3.42,23,17,5,0
로스 울프,Ross Wolf,448693,AAA,2007,Pacific Coast League,Albuquerque Isotopes,0,46,0,47.1,3.42,23,17,5,0
로스 울프,Ross Wolf,448693,AAA,2008,Pacific Coast League,Albuquerque Isotopes,1,38,0,39.0,3.92,20,15,4,2
로스 울프,Ross Wolf,448693,AAA,2008,Pacific Coast League,Albuquerque Isotopes,0,38,0,39.0,3.92,20,15,4,2
로스 울프,Ross Wolf,448693,AAA,2009,International League,Norfolk Tides,1,47,0,82.0,3.95,73,33,5,3
로스 울프,Ross Wolf,448693,AAA,2009,International League,Norfolk Tides,0,47,0,82.0,3.95,73,33,5,3
로스 울프,Ross Wolf,448693,AAA,2010,International League,Norfolk Tides,1,25,0,38.1,1.88,26,15,1,0
로스 울프,Ross Wolf,448693,AAA,2010,Pacific Coast League,Sacramento River Cats,1,10,0,9.2,5.59,11,3,1,1
로스 울프,Ross Wolf,448693,AAA,2010,International League / Pacific Coast League,Norfolk Tides / Sacramento River Cats,0,35,0,48.0,2.63,37,18,2,1
로스 울프,Ross Wolf,448693,AAA,2011,Pacific Coast League,Oklahoma City RedHawks,1,56,0,73.2,4.76,55,27,4,2
로스 울프,Ross Wolf,448693,AAA,2011,Pacific Coast League,Oklahoma City RedHawks,0,56,0,73.2,4.76,55,27,4,2
로스 울프,Ross Wolf,448693,AAA,2012,Pacific Coast League,Round Rock Express,1,7,0,11.1,4.76,7,5,2,0
로스 울프,Ross Wolf,448693,AAA,2012,Pacific Coast League,Round Rock Express,0,7,0,11.1,4.76,7,5,2,0
로스 울프,Ross Wolf,448693,AAA,2013,Pacific Coast League,Round Rock Express,1,7,6,35.2,1.77,26,10,1,1
로스 울프,Ross Wolf,448693,AAA,2013,Pacific Coast League,Round Rock Express,0,7,6,35.2,1.77,26,10,1,1
앤서니 스와잭,Anthony Swarzak,461872,MLB,2009,American League,Minnesota Twins,1,12,12,59.0,6.25,34,20,12,2
앤서니 스와잭,Anthony Swarzak,461872,MLB,2009,American League,Minnesota Twins,0,12,12,59.0,6.25,34,20,12,2
앤서니 스와잭,Anthony Swarzak,461872,MLB,2011,American League,Minnesota Twins,1,27,11,102.0,4.32,55,26,9,6
앤서니 스와잭,Anthony Swarzak,461872,MLB,2011,American League,Minnesota Twins,0,27,11,102.0,4.32,55,26,9,6
앤서니 스와잭,Anthony Swarzak,461872,MLB,2012,American League,Minnesota Twins,1,44,5,96.2,5.03,62,31,15,0
앤서니 스와잭,Anthony Swarzak,461872,MLB,2012,American League,Minnesota Twins,0,44,5,96.2,5.03,62,31,15,0
앤서니 스와잭,Anthony Swarzak,461872,MLB,2013,American League,Minnesota Twins,1,48,0,96.0,2.91,69,22,7,1
앤서니 스와잭,Anthony Swarzak,461872,MLB,2013,American League,Minnesota Twins,0,48,0,96.0,2.91,69,22,7,1
앤서니 스와잭,Anthony Swarzak,461872,MLB,2014,American League,Minnesota Twins,1,50,4,86.0,4.60,47,28,5,0
앤서니 스와잭,Anthony Swarzak,461872,MLB,2014,American League,Minnesota Twins,0,50,4,86.0,4.60,47,28,5,0
앤서니 스와잭,Anthony Swarzak,461872,AAA,2008,International League,Rochester Red Wings,1,7,7,45.0,1.80,26,14,4,4
앤서니 스와잭,Anthony Swarzak,461872,AAA,2008,International League,Rochester Red Wings,0,7,7,45.0,1.80,26,14,4,4
앤서니 스와잭,Anthony Swarzak,461872,AAA,2009,International League,Rochester Red Wings,1,13,13,79.2,3.28,45,21,4,3
앤서니 스와잭,Anthony Swarzak,461872,AAA,2009,International League,Rochester Red Wings,0,13,13,79.2,3.28,45,21,4,3
앤서니 스와잭,Anthony Swarzak,461872,AAA,2010,International League,Rochester Red Wings,1,22,22,111.2,6.21,69,38,14,5
앤서니 스와잭,Anthony Swarzak,461872,AAA,2010,International League,Rochester Red Wings,0,22,22,111.2,6.21,69,38,14,5
앤서니 스와잭,Anthony Swarzak,461872,AAA,2011,International League,Rochester Red Wings,1,6,6,32.1,3.90,25,7,3,0
앤서니 스와잭,Anthony Swarzak,461872,AAA,2011,International League,Rochester Red Wings,0,6,6,32.1,3.90,25,7,3,0
타일러 클로이드,Tyler Cloyd,543031,MLB,2012,National League,Philadelphia Phillies,1,6,6,33.0,4.91,30,7,8,2
타일러 클로이드,Tyler Cloyd,543031,MLB,2012,National League,Philadelphia Phillies,0,6,6,33.0,4.91,30,7,8,2
타일러 클로이드,Tyler Cloyd,543031,MLB,2013,National League,Philadelphia Phillies,1,13,11,60.1,6.56,41,25,7,1
타일러 클로이드,Tyler Cloyd,543031,MLB,2013,National League,Philadelphia Phillies,0,13,11,60.1,6.56,41,25,7,1
타일러 클로이드,Tyler Cloyd,543031,AAA,2012,International League,Lehigh Valley IronPigs,1,22,22,142.0,2.35,93,38,14,4
타일러 클로이드,Tyler Cloyd,543031,AAA,2012,International League,Lehigh Valley IronPigs,0,22,22,142.0,2.35,93,38,14,4
타일러 클로이드,Tyler Cloyd,543031,AAA,2013,International League,Lehigh Valley IronPigs,1,19,19,112.2,4.71,93,26,21,1
타일러 클로이드,Tyler Cloyd,543031,AAA,2013,International League,Lehigh Valley IronPigs,0,19,19,112.2,4.71,93,26,21,1
타일러 클로이드,Tyler Cloyd,543031,AAA,2014,International League,Columbus Clippers,1,27,26,166.2,3.89,118,31,26,5
타일러 클로이드,Tyler Cloyd,543031,AAA,2014,International League,Columbus Clippers,0,27,26,166.2,3.89,118,31,26,5
알프레도 피가로,Alfredo Figaro,451628,MLB,2009,American League,Detroit Tigers,1,5,3,17.0,6.35,16,10,3,1
알프레도 피가로,Alfredo Figaro,451628,MLB,2009,American League,Detroit Tigers,0,5,3,17.0,6.35,16,10,3,1
알프레도 피가로,Alfredo Figaro,451628,MLB,2010,American League,Detroit Tigers,1,8,1,14.2,6.75,5,8,1,0
알프레도 피가로,Alfredo Figaro,451628,MLB,2010,American League,Detroit Tigers,0,8,1,14.2,6.75,5,8,1,0
알프레도 피가로,Alfredo Figaro,451628,MLB,2013,National League,Milwaukee Brewers,1,33,5,74.0,4.14,54,15,15,1
알프레도 피가로,Alfredo Figaro,451628,MLB,2013,National League,Milwaukee Brewers,0,33,5,74.0,4.14,54,15,15,1
알프레도 피가로,Alfredo Figaro,451628,MLB,2014,National League,Milwaukee Brewers,1,6,0,8.2,7.27,8,1,2,0
알프레도 피가로,Alfredo Figaro,451628,MLB,2014,National League,Milwaukee Brewers,0,6,0,8.2,7.27,8,1,2,0
알프레도 피가로,Alfredo Figaro,451628,AAA,2010,International League,Toledo Mud Hens,1,23,23,124.0,4.14,112,39,11,5
알프레도 피가로,Alfredo Figaro,451628,AAA,2010,International League,Toledo Mud Hens,0,23,23,124.0,4.14,112,39,11,5
알프레도 피가로,Alfredo Figaro,451628,AAA,2013,Pacific Coast League,Nashville Sounds,1,3,3,13.0,2.77,8,9,0,0
알프레도 피가로,Alfredo Figaro,451628,AAA,2013,Pacific Coast League,Nashville Sounds,0,3,3,13.0,2.77,8,9,0,0
알프레도 피가로,Alfredo Figaro,451628,AAA,2014,Pacific Coast League,Nashville Sounds,1,42,2,70.1,3.71,55,22,5,1
알프레도 피가로,Alfredo Figaro,451628,AAA,2014,Pacific Coast League,Nashville Sounds,0,42,2,70.1,3.71,55,22,5,1
루카스 하렐,Lucas Harrell,449173,MLB,2010,American League,Chicago White Sox,1,8,3,24.0,4.88,15,17,2,0
루카스 하렐,Lucas Harrell,449173,MLB,2010,American League,Chicago White Sox,0,8,3,24.0,4.88,15,17,2,0
루카스 하렐,Lucas Harrell,449173,MLB,2011,American League,Chicago White Sox,1,3,0,5.0,7.20,5,1,0,0
루카스 하렐,Lucas Harrell,449173,MLB,2011,National League,Houston Astros,1,6,2,13.0,3.46,10,7,0,1
루카스 하렐,Lucas Harrell,449173,MLB,2011,American League / National League,Chicago White Sox / Houston Astros,0,9,2,18.0,4.50,15,8,0,1
루카스 하렐,Lucas Harrell,449173,MLB,2012,National League,Houston Astros,1,32,32,193.2,3.76,140,78,13,1
루카스 하렐,Lucas Harrell,449173,MLB,2012,National League,Houston Astros,0,32,32,193.2,3.76,140,78,13,1
루카스 하렐,Lucas Harrell,449173,MLB,2013,American League,Houston Astros,1,36,22,153.2,5.86,89,88,20,6
루카스 하렐,Lucas Harrell,449173,MLB,2013,American League,Houston Astros,0,36,22,153.2,5.86,89,88,20,6
루카스 하렐,Lucas Harrell,449173,MLB,2014,American League,Houston Astros,1,3,3,12.1,9.49,9,9,2,0
루카스 하렐,Lucas Harrell,449173,MLB,2014,American League,Houston Astros,0,3,3,12.1,9.49,9,9,2,0
루카스 하렐,Lucas Harrell,449173,AAA,2009,International League,Charlotte Knights,1,11,11,65.2,3.29,42,37,3,3
루카스 하렐,Lucas Harrell,449173,AAA,2009,International League,Charlotte Knights,0,11,11,65.2,3.29,42,37,3,3
루카스 하렐,Lucas Harrell,449173,AAA,2010,International League,Charlotte Knights,1,26,26,137.2,4.58,84,61,11,5
루카스 하렐,Lucas Harrell,449173,AAA,2010,International League,Charlotte Knights,0,26,26,137.2,4.58,84,61,11,5
루카스 하렐,Lucas Harrell,449173,AAA,2011,International League,Charlotte Knights,1,13,12,74.1,3.27,56,26,6,1
루카스 하렐,Lucas Harrell,449173,AAA,2011,Pacific Coast League,Oklahoma City RedHawks,1,9,9,52.1,1.72,38,24,0,2
루카스 하렐,Lucas Harrell,449173,AAA,2011,International League / Pacific Coast League,Charlotte Knights / Oklahoma City RedHawks,0,22,21,126.2,2.63,94,50,6,3
루카스 하렐,Lucas Harrell,449173,AAA,2014,Pacific Coast League,Reno Aces,1,22,20,106.2,5.15,67,77,12,5
루카스 하렐,Lucas Harrell,449173,AAA,2014,Pacific Coast League,Reno Aces,0,22,20,106.2,5.15,67,77,12,5
조쉬 스틴슨,Joshua Randall Stinson,502139,MLB,2011,National League,New York Mets,1,14,0,13.0,6.92,8,7,1,0
조쉬 스틴슨,Joshua Randall Stinson,502139,MLB,2011,National League,New York Mets,0,14,0,13.0,6.92,8,7,1,0
조쉬 스틴슨,Joshua Randall Stinson,502139,MLB,2012,National League,Milwaukee Brewers,1,6,1,9.1,0.96,3,5,1,0
조쉬 스틴슨,Joshua Randall Stinson,502139,MLB,2012,National League,Milwaukee Brewers,0,6,1,9.1,0.96,3,5,1,0
조쉬 스틴슨,Joshua Randall Stinson,502139,MLB,2013,American League,Baltimore Orioles,1,11,1,17.0,3.18,12,3,4,1
조쉬 스틴슨,Joshua Randall Stinson,502139,MLB,2013,American League,Baltimore Orioles,0,11,1,17.0,3.18,12,3,4,1
조쉬 스틴슨,Joshua Randall Stinson,502139,MLB,2014,American League,Baltimore Orioles,1,8,0,13.0,6.23,6,6,2,2
조쉬 스틴슨,Joshua Randall Stinson,502139,MLB,2014,American League,Baltimore Orioles,0,8,0,13.0,6.23,6,6,2,2
조쉬 스틴슨,Joshua Randall Stinson,502139,AAA,2010,International League,Buffalo Bisons,1,4,4,28.0,2.57,21,8,5,0
조쉬 스틴슨,Joshua Randall Stinson,502139,AAA,2010,International League,Buffalo Bisons,0,4,4,28.0,2.57,21,8,5,0
조쉬 스틴슨,Joshua Randall Stinson,502139,AAA,2011,International League,Buffalo Bisons,1,13,13,61.2,7.44,32,33,7,1
조쉬 스틴슨,Joshua Randall Stinson,502139,AAA,2011,International League,Buffalo Bisons,0,13,13,61.2,7.44,32,33,7,1
조쉬 스틴슨,Joshua Randall Stinson,502139,AAA,2013,International League,Norfolk Tides,1,23,23,131.0,3.78,87,54,11,4
조쉬 스틴슨,Joshua Randall Stinson,502139,AAA,2013,International League,Norfolk Tides,0,23,23,131.0,3.78,87,54,11,4
조쉬 스틴슨,Joshua Randall Stinson,502139,AAA,2014,International League,Norfolk Tides,1,22,13,85.1,5.48,80,38,14,6
조쉬 스틴슨,Joshua Randall Stinson,502139,AAA,2014,International League,Norfolk Tides,0,22,13,85.1,5.48,80,38,14,6
에반 믹,Evan David Meek,457425,MLB,2008,National League,Pittsburgh Pirates,1,9,0,13.0,6.92,7,12,3,1
에반 믹,Evan David Meek,457425,MLB,2008,National League,Pittsburgh Pirates,0,9,0,13.0,6.92,7,12,3,1
에반 믹,Evan David Meek,457425,MLB,2009,National League,Pittsburgh Pirates,1,41,0,47.0,3.45,42,29,2,0
에반 믹,Evan David Meek,457425,MLB,2009,National League,Pittsburgh Pirates,0,41,0,47.0,3.45,42,29,2,0
에반 믹,Evan David Meek,457425,MLB,2010,National League,Pittsburgh Pirates,1,70,0,80.0,2.14,70,31,5,4
에반 믹,Evan David Meek,457425,MLB,2010,National League,Pittsburgh Pirates,0,70,0,80.0,2.14,70,31,5,4
에반 믹,Evan David Meek,457425,MLB,2011,National League,Pittsburgh Pirates,1,24,0,20.2,3.48,17,12,1,0
에반 믹,Evan David Meek,457425,MLB,2011,National League,Pittsburgh Pirates,0,24,0,20.2,3.48,17,12,1,0
에반 믹,Evan David Meek,457425,MLB,2012,National League,Pittsburgh Pirates,1,12,0,12.0,6.75,8,6,1,1
에반 믹,Evan David Meek,457425,MLB,2012,National League,Pittsburgh Pirates,0,12,0,12.0,6.75,8,6,1,1
에반 믹,Evan David Meek,457425,MLB,2014,American League,Baltimore Orioles,1,23,0,23.1,5.79,16,11,3,2
에반 믹,Evan David Meek,457425,MLB,2014,American League,Baltimore Orioles,0,23,0,23.1,5.79,16,11,3,2
에반 믹,Evan David Meek,457425,AAA,2008,International League,Indianapolis Indians,1,23,0,41.1,2.40,34,14,2,0
에반 믹,Evan David Meek,457425,AAA,2008,International League,Indianapolis Indians,0,23,0,41.1,2.40,34,14,2,0
에반 믹,Evan David Meek,457425,AAA,2009,International League,Indianapolis Indians,1,6,0,8.2,1.04,7,7,0,0
에반 믹,Evan David Meek,457425,AAA,2009,International League,Indianapolis Indians,0,6,0,8.2,1.04,7,7,0,0
에반 믹,Evan David Meek,457425,AAA,2011,International League,Indianapolis Indians,1,8,0,8.0,2.25,8,1,0,0
에반 믹,Evan David Meek,457425,AAA,2011,International League,Indianapolis Indians,0,8,0,8.0,2.25,8,1,0,0
에반 믹,Evan David Meek,457425,AAA,2012,International League,Indianapolis Indians,1,36,0,46.0,2.74,41,26,3,4
에반 믹,Evan David Meek,457425,AAA,2012,International League,Indianapolis Indians,0,36,0,46.0,2.74,41,26,3,4
에반 믹,Evan David Meek,457425,AAA,2013,Pacific Coast League,Round Rock Express,1,33,15,108.0,4.50,80,46,9,11
에반 믹,Evan David Meek,457425,AAA,2013,Pacific Coast League,Round Rock Express,0,33,15,108.0,4.50,80,46,9,11
에반 믹,Evan David Meek,457425,AAA,2014,International League,Norfolk Tides,1,39,0,41.2,1.94,37,4,2,0
에반 믹,Evan David Meek,457425,AAA,2014,International League,Norfolk Tides,0,39,0,41.2,1.94,37,4,2,0
브룩스 레일리,Brooks Raley,548384,MLB,2012,National League,Chicago Cubs,1,5,5,24.1,8.14,16,11,7,0
브룩스 레일리,Brooks Raley,548384,MLB,2012,National League,Chicago Cubs,0,5,5,24.1,8.14,16,11,7,0
브룩스 레일리,Brooks Raley,548384,MLB,2013,National League,Chicago Cubs,1,9,0,14.0,5.14,14,8,2,2
브룩스 레일리,Brooks Raley,548384,MLB,2013,National League,Chicago Cubs,0,9,0,14.0,5.14,14,8,2,2
브룩스 레일리,Brooks Raley,548384,AAA,2012,Pacific Coast League,Iowa Cubs,1,14,14,82.0,3.62,69,28,7,3
브룩스 레일리,Brooks Raley,548384,AAA,2012,Pacific Coast League,Iowa Cubs,0,14,14,82.0,3.62,69,28,7,3
브룩스 레일리,Brooks Raley,548384,AAA,2013,Pacific Coast League,Iowa Cubs,1,27,25,141.1,4.46,95,45,13,6
브룩스 레일리,Brooks Raley,548384,AAA,2013,Pacific Coast League,Iowa Cubs,0,27,25,141.1,4.46,95,45,13,6
브룩스 레일리,Brooks Raley,548384,AAA,2014,International League,Rochester Red Wings,1,8,1,14.2,3.68,19,11,1,1
브룩스 레일리,Brooks Raley,548384,AAA,2014,Pacific Coast League,Salt Lake Bees,1,6,5,23.0,10.57,15,12,1,4
브룩스 레일리,Brooks Raley,548384,AAA,2014,International League / Pacific Coast League,Rochester Red Wings / Salt Lake Bees,0,14,6,37.2,7.88,34,23,2,5
조쉬 린드블럼,Joshua William Josh Lindblom,458676,MLB,2011,National League,Los Angeles Dodgers,1,27,0,29.2,2.73,28,10,0,2
조쉬 린드블럼,Joshua William Josh Lindblom,458676,MLB,2011,National League,Los Angeles Dodgers,0,27,0,29.2,2.73,28,10,0,2
조쉬 린드블럼,Joshua William Josh Lindblom,458676,MLB,2012,National League,Los Angeles Dodgers,1,48,0,47.2,3.02,43,18,9,3
조쉬 린드블럼,Joshua William Josh Lindblom,458676,MLB,2012,National League,Philadelphia Phillies,1,26,0,23.1,4.63,27,17,4,1
조쉬 린드블럼,Joshua William Josh Lindblom,458676,MLB,2012,National League,Los Angeles Dodgers / Philadelphia Phillies,0,74,0,71.0,3.55,70,35,13,4
조쉬 린드블럼,Joshua William Josh Lindblom,458676,MLB,2013,American League,Texas Rangers,1,8,5,31.1,5.46,21,11,4,0
조쉬 린드블럼,Joshua William Josh Lindblom,458676,MLB,2013,American League,Texas Rangers,0,8,5,31.1,5.46,21,11,4,0
조쉬 린드블럼,Joshua William Josh Lindblom,458676,MLB,2014,American League,Oakland Athletics,1,1,1,4.2,3.86,2,2,1,1
조쉬 린드블럼,Joshua William Josh Lindblom,458676,MLB,2014,American League,Oakland Athletics,0,1,1,4.2,3.86,2,2,1,1
조쉬 린드블럼,Joshua William Josh Lindblom,458676,AAA,2009,Pacific Coast League,Albuquerque Isotopes,1,20,3,39.0,2.54,36,12,3,3
조쉬 린드블럼,Joshua William Josh Lindblom,458676,AAA,2009,Pacific Coast League,Albuquerque Isotopes,0,20,3,39.0,2.54,36,12,3,3
조쉬 린드블럼,Joshua William Josh Lindblom,458676,AAA,2010,Pacific Coast League,Albuquerque Isotopes,1,40,10,95.0,6.54,84,32,12,7
조쉬 린드블럼,Joshua William Josh Lindblom,458676,AAA,2010,Pacific Coast League,Albuquerque Isotopes,0,40,10,95.0,6.54,84,32,12,7
조쉬 린드블럼,Joshua William Josh Lindblom,458676,AAA,2013,Pacific Coast League,Round Rock Express,1,20,18,108.0,3.08,79,31,12,7
조쉬 린드블럼,Joshua William Josh Lindblom,458676,AAA,2013,Pacific Coast League,Round Rock Express,0,20,18,108.0,3.08,79,31,12,7
조쉬 린드블럼,Joshua William Josh Lindblom,458676,AAA,2014,Pacific Coast League,Sacramento River Cats,1,17,16,84.0,5.79,60,26,10,3
조쉬 린드블럼,Joshua William Josh Lindblom,458676,AAA,2014,Pacific Coast League,Sacramento River Cats,0,17,16,84.0,5.79,60,26,10,3
에스밀 로저스,Esmil Rogers,469134,MLB,2009,National League,Colorado Rockies,1,1,1,4.0,4.50,3,2,0,0
에스밀 로저스,Esmil Rogers,469134,MLB,2009,National League,Colorado Rockies,0,1,1,4.0,4.50,3,2,0,0
에스밀 로저스,Esmil Rogers,469134,MLB,2010,National League,Colorado Rockies,1,28,8,72.0,6.13,66,26,5,5
에스밀 로저스,Esmil Rogers,469134,MLB,2010,National League,Colorado Rockies,0,28,8,72.0,6.13,66,26,5,5
에스밀 로저스,Esmil Rogers,469134,MLB,2011,National League,Colorado Rockies,1,18,13,83.0,7.05,63,47,14,6
에스밀 로저스,Esmil Rogers,469134,MLB,2011,National League,Colorado Rockies,0,18,13,83.0,7.05,63,47,14,6
에스밀 로저스,Esmil Rogers,469134,MLB,2012,National League,Colorado Rockies,1,23,0,25.2,8.06,29,18,2,2
에스밀 로저스,Esmil Rogers,469134,MLB,2012,American League,Cleveland Indians,1,44,0,53.0,3.06,54,12,5,3
에스밀 로저스,Esmil Rogers,469134,MLB,2012,American League / National League,Colorado Rockies / Cleveland Indians,0,67,0,78.2,4.69,83,30,7,5
에스밀 로저스,Esmil Rogers,469134,MLB,2013,American League,Toronto Blue Jays,1,44,20,137.2,4.77,96,44,21,6
에스밀 로저스,Esmil Rogers,469134,MLB,2013,American League,Toronto Blue Jays,0,44,20,137.2,4.77,96,44,21,6
에스밀 로저스,Esmil Rogers,469134,MLB,2014,American League,Toronto Blue Jays,1,16,0,20.2,6.97,21,7,5,1
에스밀 로저스,Esmil Rogers,469134,MLB,2014,American League,New York Yankees,1,18,1,25.0,4.68,23,10,3,1
에스밀 로저스,Esmil Rogers,469134,MLB,2014,American League,Toronto Blue Jays / New York Yankees,0,34,1,45.2,5.72,44,17,8,2
에스밀 로저스,Esmil Rogers,469134,AAA,2009,Pacific Coast League,Colorado Springs Sky Sox,1,12,11,60.2,7.42,46,35,9,3
에스밀 로저스,Esmil Rogers,469134,AAA,2009,Pacific Coast League,Colorado Springs Sky Sox,0,12,11,60.2,7.42,46,35,9,3
에스밀 로저스,Esmil Rogers,469134,AAA,2010,Pacific Coast League,Colorado Springs Sky Sox,1,12,11,61.0,5.75,53,19,6,4
에스밀 로저스,Esmil Rogers,469134,AAA,2010,Pacific Coast League,Colorado Springs Sky Sox,0,12,11,61.0,5.75,53,19,6,4
에스밀 로저스,Esmil Rogers,469134,AAA,2011,Pacific Coast League,Colorado Springs Sky Sox,1,5,5,23.0,6.26,15,5,3,2
에스밀 로저스,Esmil Rogers,469134,AAA,2011,Pacific Coast League,Colorado Springs Sky Sox,0,5,5,23.0,6.26,15,5,3,2
에스밀 로저스,Esmil Rogers,469134,AAA,2014,International League,Buffalo Bisons,1,12,7,48.2,3.14,41,18,2,2
에스밀 로저스,Esmil Rogers,469134,AAA,2014,International League,Buffalo Bisons,0,12,7,48.2,3.14,41,18,2,2
재크 스튜어트,Zachary Robert Stewart,543819,MLB,2011,American League,Toronto Blue Jays,1,3,3,16.2,4.86,10,5,2,1
재크 스튜어트,Zachary Robert Stewart,543819,MLB,2011,American League,Chicago White Sox,1,10,8,50.2,6.22,35,13,9,1
재크 스튜어트,Zachary Robert Stewart,543819,MLB,2011,American League,Toronto Blue Jays / Chicago White Sox,0,13,11,67.1,5.88,45,18,11,2
재크 스튜어트,Zachary Robert Stewart,543819,MLB,2012,American League,Chicago White Sox,1,18,1,30.0,6.00,16,4,10,0
재크 스튜어트,Zachary Robert Stewart,543819,MLB,2012,American League,Boston Red Sox,1,2,2,5.2,22.24,3,0,4,1
재크 스튜어트,Zachary Robert Stewart,543819,MLB,2012,American League,Chicago White Sox / Boston Red Sox,0,20,3,35.2,8.58,19,4,14,1
재크 스튜어트,Zachary Robert Stewart,543819,AAA,2009,International League,Louisville Bats,1,9,0,12.1,0.73,16,8,0,0
재크 스튜어트,Zachary Robert Stewart,543819,AAA,2009,Pacific Coast League,Las Vegas 51s,1,11,0,13.1,3.38,14,6,1,0
재크 스튜어트,Zachary Robert Stewart,543819,AAA,2009,International League / Pacific Coast League,Louisville Bats / Las Vegas 51s,0,20,0,25.2,2.10,30,14,1,0
재크 스튜어트,Zachary Robert Stewart,543819,AAA,2011,International League,Charlotte Knights,1,1,1,6.1,4.26,5,0,0,0
재크 스튜어트,Zachary Robert Stewart,543819,AAA,2011,International League,Charlotte Knights,0,1,1,6.1,4.26,5,0,0,0
재크 스튜어트,Zachary Robert Stewart,543819,AAA,2012,International League,Pawtucket Red Sox,1,11,11,59.1,3.94,42,14,6,2
재크 스튜어트,Zachary Robert Stewart,543819,AAA,2012,International League,Pawtucket Red Sox,0,11,11,59.1,3.94,42,14,6,2
재크 스튜어트,Zachary Robert Stewart,543819,AAA,2013,International League,Charlotte Knights,1,28,28,167.1,4.25,122,37,16,1
재크 스튜어트,Zachary Robert Stewart,543819,AAA,2013,International League,Charlotte Knights,0,28,28,167.1,4.25,122,37,16,1
재크 스튜어트,Zachary Robert Stewart,543819,AAA,2014,International League,Gwinnett Braves,1,20,14,106.0,4.58,59,34,6,5
재크 스튜어트,Zachary Robert Stewart,543819,AAA,2014,International League,Gwinnett Braves,0,20,14,106.0,4.58,59,34,6,5
앤드루 시스코,Andrew Sisco,434878,MLB,2005,American League,Kansas City Royals,1,67,0,75.1,3.11,76,42,6,2
앤드루 시스코,Andrew Sisco,434878,MLB,2005,American League,Kansas City Royals,0,67,0,75.1,3.11,76,42,6,2
앤드루 시스코,Andrew Sisco,434878,MLB,2006,American League,Kansas City Royals,1,65,0,58.1,7.10,52,40,8,1
앤드루 시스코,Andrew Sisco,434878,MLB,2006,American League,Kansas City Royals,0,65,0,58.1,7.10,52,40,8,1
앤드루 시스코,Andrew Sisco,434878,MLB,2007,American League,Chicago White Sox,1,19,0,14.0,8.36,13,11,2,1
앤드루 시스코,Andrew Sisco,434878,MLB,2007,American League,Chicago White Sox,0,19,0,14.0,8.36,13,11,2,1
앤드루 시스코,Andrew Sisco,434878,AAA,2006,Pacific Coast League,Omaha Royals,1,3,0,4.2,1.93,6,1,1,0
앤드루 시스코,Andrew Sisco,434878,AAA,2006,Pacific Coast League,Omaha Royals,0,3,0,4.2,1.93,6,1,1,0
앤드루 시스코,Andrew Sisco,434878,AAA,2007,International League,Charlotte Knights,1,23,15,78.2,4.35,76,44,10,3
앤드루 시스코,Andrew Sisco,434878,AAA,2007,International League,Charlotte Knights,0,23,15,78.2,4.35,76,44,10,3
앤드루 시스코,Andrew Sisco,434878,AAA,2011,International League,Scranton/Wilkes-Barre Yankees,1,16,0,14.1,1.88,15,12,0,0
앤드루 시스코,Andrew Sisco,434878,AAA,2011,Mexican League,Piratas de Campeche,1,10,3,16.1,8.27,14,16,3,3
앤드루 시스코,Andrew Sisco,434878,AAA,2011,International League / Mexican League,Scranton/Wilkes-Barre Yankees / Piratas de Campeche,0,26,3,30.2,5.28,29,28,3,3
앤드루 시스코,Andrew Sisco,434878,AAA,2012,Mexican League,Piratas de Campeche,1,3,0,0.2,0.00,1,2,0,0
앤드루 시스코,Andrew Sisco,434878,AAA,2012,Mexican League,Rojos del Aguila de Veracruz,1,4,0,3.1,2.70,3,3,0,0
앤드루 시스코,Andrew Sisco,434878,AAA,2012,Mexican League,Piratas de Campeche / Rojos del Aguila de Veracruz,0,7,0,4.0,2.25,4,5,0,0
필 어윈,Phil Irwin,572947,MLB,2013,National League,Pittsburgh Pirates,1,1,1,4.2,7.71,4,4,0,0
필 어윈,Phil Irwin,572947,MLB,2013,National League,Pittsburgh Pirates,0,1,1,4.2,7.71,4,4,0,0
필 어윈,Phil Irwin,572947,MLB,2014,American League,Texas Rangers,1,1,1,4.0,6.75,2,2,1,1
필 어윈,Phil Irwin,572947,MLB,2014,American League,Texas Rangers,0,1,1,4.0,6.75,2,2,1,1
필 어윈,Phil Irwin,572947,AAA,2012,International League,Indianapolis Indians,1,4,4,21.0,2.57,28,7,1,1
필 어윈,Phil Irwin,572947,AAA,2012,International League,Indianapolis Indians,0,4,4,21.0,2.57,28,7,1,1
필 어윈,Phil Irwin,572947,AAA,2013,International League,Indianapolis Indians,1,2,2,10.0,0.90,8,3,0,2
필 어윈,Phil Irwin,572947,AAA,2013,International League,Indianapolis Indians,0,2,2,10.0,0.90,8,3,0,2
필 어윈,Phil Irwin,572947,AAA,2014,International League,Indianapolis Indians,1,10,2,21.2,8.72,18,10,4,5
필 어윈,Phil Irwin,572947,AAA,2014,Pacific Coast League,Round Rock Express,1,11,10,51.1,3.51,56,25,0,5
필 어윈,Phil Irwin,572947,AAA,2014,International League / Pacific Coast League,Indianapolis Indians / Round Rock Express,0,21,12,73.0,5.05,74,35,4,10
메릴 켈리,Merrill Kelly,518876,AAA,2013,International League,Durham Bulls,1,15,14,84.2,3.19,70,34,4,3
메릴 켈리,Merrill Kelly,518876,AAA,2013,International League,Durham Bulls,0,15,14,84.2,3.19,70,34,4,3
메릴 켈리,Merrill Kelly,518876,AAA,2014,International League,Durham Bulls,1,28,15,114.0,2.76,108,37,10,6
메릴 켈리,Merrill Kelly,518876,AAA,2014,International League,Durham Bulls,0,28,15,114.0,2.76,108,37,10,6
콜린 벨레스터,Collin Thomas Balester,444446,MLB,2008,National League,Washington Nationals,1,15,15,80.0,5.51,50,28,12,6
콜린 벨레스터,Collin Thomas Balester,444446,MLB,2008,National League,Washington Nationals,0,15,15,80.0,5.51,50,28,12,6
콜린 벨레스터,Collin Thomas Balester,444446,MLB,2009,National League,Washington Nationals,1,7,7,30.1,6.82,20,14,10,0
콜린 벨레스터,Collin Thomas Balester,444446,MLB,2009,National League,Washington Nationals,0,7,7,30.1,6.82,20,14,10,0
콜린 벨레스터,Collin Thomas Balester,444446,MLB,2010,National League,Washington Nationals,1,17,0,21.0,2.57,28,11,2,2
콜린 벨레스터,Collin Thomas Balester,444446,MLB,2010,National League,Washington Nationals,0,17,0,21.0,2.57,28,11,2,2
콜린 벨레스터,Collin Thomas Balester,444446,MLB,2011,National League,Washington Nationals,1,23,0,35.2,4.54,34,14,7,1
콜린 벨레스터,Collin Thomas Balester,444446,MLB,2011,National League,Washington Nationals,0,23,0,35.2,4.54,34,14,7,1
콜린 벨레스터,Collin Thomas Balester,444446,MLB,2012,American League,Detroit Tigers,1,11,0,18.0,6.50,12,11,5,3
콜린 벨레스터,Collin Thomas Balester,444446,MLB,2012,American League,Detroit Tigers,0,11,0,18.0,6.50,12,11,5,3
콜린 벨레스터,Collin Thomas Balester,444446,MLB,2015,National League,Cincinnati Reds,1,15,0,15.2,7.47,13,13,3,1
콜린 벨레스터,Collin Thomas Balester,444446,MLB,2015,National League,Cincinnati Reds,0,15,0,15.2,7.47,13,13,3,1
콜린 벨레스터,Collin Thomas Balester,444446,AAA,2007,International League,Columbus Clippers,1,10,10,51.2,4.18,40,23,3,3
콜린 벨레스터,Collin Thomas Balester,444446,AAA,2007,International League,Columbus Clippers,0,10,10,51.2,4.18,40,23,3,3
콜린 벨레스터,Collin Thomas Balester,444446,AAA,2008,International League,Columbus Clippers,1,15,15,78.2,4.00,64,23,14,4
콜린 벨레스터,Collin Thomas Balester,444446,AAA,2008,International League,Columbus Clippers,0,15,15,78.2,4.00,64,23,14,4
콜린 벨레스터,Collin Thomas Balester,444446,AAA,2009,International League,Syracuse Chiefs,1,20,20,107.1,4.44,71,37,5,6
콜린 벨레스터,Collin Thomas Balester,444446,AAA,2009,International League,Syracuse Chiefs,0,20,20,107.1,4.44,71,37,5,6
콜린 벨레스터,Collin Thomas Balester,444446,AAA,2010,International League,Syracuse Chiefs,1,35,5,69.0,5.87,52,32,8,3
콜린 벨레스터,Collin Thomas Balester,444446,AAA,2010,International League,Syracuse Chiefs,0,35,5,69.0,5.87,52,32,8,3
콜린 벨레스터,Collin Thomas Balester,444446,AAA,2011,International League,Syracuse Chiefs,1,28,0,39.1,4.35,46,15,2,1
콜린 벨레스터,Collin Thomas Balester,444446,AAA,2011,International League,Syracuse Chiefs,0,28,0,39.1,4.35,46,15,2,1
콜린 벨레스터,Collin Thomas Balester,444446,AAA,2012,International League,Toledo Mud Hens,1,31,0,47.0,3.64,45,12,7,3
콜린 벨레스터,Collin Thomas Balester,444446,AAA,2012,International League,Toledo Mud Hens,0,31,0,47.0,3.64,45,12,7,3
콜린 벨레스터,Collin Thomas Balester,444446,AAA,2013,Pacific Coast League,Round Rock Express,1,6,5,27.0,7.33,22,9,4,3
콜린 벨레스터,Collin Thomas Balester,444446,AAA,2013,Pacific Coast League,Round Rock Express,0,6,5,27.0,7.33,22,9,4,3
콜린 벨레스터,Collin Thomas Balester,444446,AAA,2015,International League,Indianapolis Indians,1,8,0,14.2,3.07,8,5,1,0
콜린 벨레스터,Collin Thomas Balester,444446,AAA,2015,International League,Louisville Bats,1,21,0,22.0,2.05,13,3,1,0
콜린 벨레스터,Collin Thomas Balester,444446,AAA,2015,International League,Indianapolis Indians / Louisville Bats,0,29,0,36.2,2.45,21,8,2,0
앨런 웹스터,Carl Allen Webster,543903,MLB,2013,American League,Boston Red Sox,1,8,7,30.1,8.60,23,18,7,2
앨런 웹스터,Carl Allen Webster,543903,MLB,2013,American League,Boston Red Sox,0,8,7,30.1,8.60,23,18,7,2
앨런 웹스터,Carl Allen Webster,543903,MLB,2014,American League,Boston Red Sox,1,11,11,59.0,5.03,36,28,3,7
앨런 웹스터,Carl Allen Webster,543903,MLB,2014,American League,Boston Red Sox,0,11,11,59.0,5.03,36,28,3,7
앨런 웹스터,Carl Allen Webster,543903,MLB,2015,National League,Arizona Diamondbacks,1,9,5,31.0,5.81,17,20,10,2
앨런 웹스터,Carl Allen Webster,543903,MLB,2015,National League,Arizona Diamondbacks,0,9,5,31.0,5.81,17,20,10,2
앨런 웹스터,Carl Allen Webster,543903,AAA,2013,International League,Pawtucket Red Sox,1,21,21,105.0,3.60,116,43,9,16
앨런 웹스터,Carl Allen Webster,543903,AAA,2013,International League,Pawtucket Red Sox,0,21,21,105.0,3.60,116,43,9,16
앨런 웹스터,Carl Allen Webster,543903,AAA,2014,International League,Pawtucket Red Sox,1,21,20,122.0,3.10,100,44,9,5
앨런 웹스터,Carl Allen Webster,543903,AAA,2014,International League,Pawtucket Red Sox,0,21,20,122.0,3.10,100,44,9,5
앨런 웹스터,Carl Allen Webster,543903,AAA,2015,Pacific Coast League,Reno Aces,1,15,15,77.0,8.18,62,26,8,3
앨런 웹스터,Carl Allen Webster,543903,AAA,2015,Pacific Coast League,Reno Aces,0,15,15,77.0,8.18,62,26,8,3
아놀드 레온,Arnold Leon,504186,MLB,2015,American League,Oakland Athletics,1,19,0,26.2,4.39,19,9,3,0
아놀드 레온,Arnold Leon,504186,MLB,2015,American League,Oakland Athletics,0,19,0,26.2,4.39,19,9,3,0
아놀드 레온,Arnold Leon,504186,AAA,2006,Mexican League,Saraperos de Saltillo,1,4,0,3.1,2.70,2,2,0,0
아놀드 레온,Arnold Leon,504186,AAA,2006,Mexican League,Saraperos de Saltillo,0,4,0,3.1,2.70,2,2,0,0
아놀드 레온,Arnold Leon,504186,AAA,2007,Mexican League,Saraperos de Saltillo,1,35,0,41.2,1.94,38,24,2,1
아놀드 레온,Arnold Leon,504186,AAA,2007,Mexican League,Saraperos de Saltillo,0,35,0,41.2,1.94,38,24,2,1
아놀드 레온,Arnold Leon,504186,AAA,2008,Mexican League,Saraperos de Saltillo,1,13,0,14.2,4.30,21,2,0,0
아놀드 레온,Arnold Leon,504186,AAA,2008,Mexican League,Saraperos de Saltillo,0,13,0,14.2,4.30,21,2,0,0
아놀드 레온,Arnold Leon,504186,AAA,2012,Pacific Coast League,Sacramento River Cats,1,22,0,35.2,1.77,31,15,4,2
아놀드 레온,Arnold Leon,504186,AAA,2012,Pacific Coast League,Sacramento River Cats,0,22,0,35.2,1.77,31,15,4,2
아놀드 레온,Arnold Leon,504186,AAA,2013,Pacific Coast League,Sacramento River Cats,1,12,11,71.1,4.42,49,13,4,3
아놀드 레온,Arnold Leon,504186,AAA,2013,Pacific Coast League,Sacramento River Cats,0,12,11,71.1,4.42,49,13,4,3
아놀드 레온,Arnold Leon,504186,AAA,2014,Pacific Coast League,Sacramento River Cats,1,27,27,145.0,4.97,128,51,12,6
아놀드 레온,Arnold Leon,504186,AAA,2014,Pacific Coast League,Sacramento River Cats,0,27,27,145.0,4.97,128,51,12,6
아놀드 레온,Arnold Leon,504186,AAA,2015,Pacific Coast League,Nashville Sounds,1,20,6,58.0,2.95,55,19,7,2
아놀드 레온,Arnold Leon,504186,AAA,2015,Pacific Coast League,Nashville Sounds,0,20,6,58.0,2.95,55,19,7,2
요한 플란데,Yohan Flande,456071,MLB,2014,National League,Colorado Rockies,1,16,10,59.0,5.19,34,16,5,2
요한 플란데,Yohan Flande,456071,MLB,2014,National League,Colorado Rockies,0,16,10,59.0,5.19,34,16,5,2
요한 플란데,Yohan Flande,456071,MLB,2015,National League,Colorado Rockies,1,19,10,68.1,4.74,43,25,14,1
요한 플란데,Yohan Flande,456071,MLB,2015,National League,Colorado Rockies,0,19,10,68.1,4.74,43,25,14,1
요한 플란데,Yohan Flande,456071,AAA,2011,International League,Gwinnett Braves,1,33,19,137.0,4.01,104,38,9,4
요한 플란데,Yohan Flande,456071,AAA,2011,International League,Gwinnett Braves,0,33,19,137.0,4.01,104,38,9,4
요한 플란데,Yohan Flande,456071,AAA,2012,International League,Gwinnett Braves,1,29,27,147.2,4.21,106,55,11,5
요한 플란데,Yohan Flande,456071,AAA,2012,International League,Gwinnett Braves,0,29,27,147.2,4.21,106,55,11,5
요한 플란데,Yohan Flande,456071,AAA,2013,International League,Gwinnett Braves,1,31,19,131.1,4.18,92,46,9,4
요한 플란데,Yohan Flande,456071,AAA,2013,International League,Gwinnett Braves,0,31,19,131.1,4.18,92,46,9,4
요한 플란데,Yohan Flande,456071,AAA,2014,Pacific Coast League,Colorado Springs Sky Sox,1,18,16,88.1,5.60,67,33,9,2
요한 플란데,Yohan Flande,456071,AAA,2014,Pacific Coast League,Colorado Springs Sky Sox,0,18,16,88.1,5.60,67,33,9,2
요한 플란데,Yohan Flande,456071,AAA,2015,Pacific Coast League,Albuquerque Isotopes,1,6,6,31.2,7.11,11,7,8,1
요한 플란데,Yohan Flande,456071,AAA,2015,Pacific Coast League,Albuquerque Isotopes,0,6,6,31.2,7.11,11,7,8,1
데이비드 허프,David Gregory Huff,453307,MLB,2009,American League,Cleveland Indians,1,23,23,128.1,5.61,65,41,16,1
데이비드 허프,David Gregory Huff,453307,MLB,2009,American League,Cleveland Indians,0,23,23,128.1,5.61,65,41,16,1
데이비드 허프,David Gregory Huff,453307,MLB,2010,American League,Cleveland Indians,1,15,15,79.2,6.21,37,34,14,3
데이비드 허프,David Gregory Huff,453307,MLB,2010,American League,Cleveland Indians,0,15,15,79.2,6.21,37,34,14,3
데이비드 허프,David Gregory Huff,453307,MLB,2011,American League,Cleveland Indians,1,11,10,50.2,4.09,36,17,6,0
데이비드 허프,David Gregory Huff,453307,MLB,2011,American League,Cleveland Indians,0,11,10,50.2,4.09,36,17,6,0
데이비드 허프,David Gregory Huff,453307,MLB,2012,American League,Cleveland Indians,1,6,4,26.2,3.38,19,5,5,1
데이비드 허프,David Gregory Huff,453307,MLB,2012,American League,Cleveland Indians,0,6,4,26.2,3.38,19,5,5,1
데이비드 허프,David Gregory Huff,453307,MLB,2013,American League,Cleveland Indians,1,3,0,3.0,15.00,5,1,0,0
데이비드 허프,David Gregory Huff,453307,MLB,2013,American League,New York Yankees,1,11,2,34.2,4.67,26,8,7,1
데이비드 허프,David Gregory Huff,453307,MLB,2013,American League,Cleveland Indians / New York Yankees,0,14,2,37.2,5.50,31,9,7,1
데이비드 허프,David Gregory Huff,453307,MLB,2014,National League,San Francisco Giants,1,16,0,20.0,6.30,11,6,2,1
데이비드 허프,David Gregory Huff,453307,MLB,2014,American League,New York Yankees,1,30,0,39.0,1.85,28,17,3,0
데이비드 허프,David Gregory Huff,453307,MLB,2014,American League / National League,San Francisco Giants / New York Yankees,0,46,0,59.0,3.36,39,23,5,1
데이비드 허프,David Gregory Huff,453307,MLB,2015,National League,Los Angeles Dodgers,1,3,1,6.0,9.00,4,1,2,1
데이비드 허프,David Gregory Huff,453307,MLB,2015,National League,Los Angeles Dodgers,0,3,1,6.0,9.00,4,1,2,1
데이비드 허프,David Gregory Huff,453307,AAA,2008,International League,Buffalo Bisons,1,16,16,80.2,3.01,81,15,8,3
데이비드 허프,David Gregory Huff,453307,AAA,2008,International League,Buffalo Bisons,0,16,16,80.2,3.01,81,15,8,3
데이비드 허프,David Gregory Huff,453307,AAA,2009,International League,Columbus Clippers,1,7,7,39.1,4.35,32,16,5,0
데이비드 허프,David Gregory Huff,453307,AAA,2009,International League,Columbus Clippers,0,7,7,39.1,4.35,32,16,5,0
데이비드 허프,David Gregory Huff,453307,AAA,2010,International League,Columbus Clippers,1,12,12,74.1,4.36,52,21,8,2
데이비드 허프,David Gregory Huff,453307,AAA,2010,International League,Columbus Clippers,0,12,12,74.1,4.36,52,21,8,2
데이비드 허프,David Gregory Huff,453307,AAA,2011,International League,Columbus Clippers,1,18,18,107.0,3.87,66,30,10,2
데이비드 허프,David Gregory Huff,453307,AAA,2011,International League,Columbus Clippers,0,18,18,107.0,3.87,66,30,10,2
데이비드 허프,David Gregory Huff,453307,AAA,2012,International League,Columbus Clippers,1,24,22,134.0,4.97,79,34,27,2
데이비드 허프,David Gregory Huff,453307,AAA,2012,International League,Columbus Clippers,0,24,22,134.0,4.97,79,34,27,2
데이비드 허프,David Gregory Huff,453307,AAA,2013,International League,Columbus Clippers,1,9,2,24.1,4.07,28,9,4,0
데이비드 허프,David Gregory Huff,453307,AAA,2013,International League,Scranton/Wilkes-Barre RailRiders,1,13,12,68.0,3.84,64,13,4,3
데이비드 허프,David Gregory Huff,453307,AAA,2013,International League,Columbus Clippers / Scranton/Wilkes-Barre RailRiders,0,22,14,92.1,3.90,92,22,8,3
데이비드 허프,David Gregory Huff,453307,AAA,2014,Pacific Coast League,Fresno Grizzlies,1,1,1,3.0,0.00,1,0,0,0
데이비드 허프,David Gregory Huff,453307,AAA,2014,Pacific Coast League,Fresno Grizzlies,0,1,1,3.0,0.00,1,0,0,0
데이비드 허프,David Gregory Huff,453307,AAA,2015,Pacific Coast League,Oklahoma City Dodgers,1,23,4,57.1,2.20,43,8,4,0
데이비드 허프,David Gregory Huff,453307,AAA,2015,Pacific Coast League,Oklahoma City Dodgers,0,23,4,57.1,2.20,43,8,4,0
헥터 노에시,Hector Noesi,456051,MLB,2011,American League,New York Yankees,1,30,2,56.1,4.47,45,22,6,2
헥터 노에시,Hector Noesi,456051,MLB,2011,American League,New York Yankees,0,30,2,56.1,4.47,45,22,6,2
헥터 노에시,Hector Noesi,456051,MLB,2012,American League,Seattle Mariners,1,22,18,106.2,5.82,68,39,21,2
헥터 노에시,Hector Noesi,456051,MLB,2012,American League,Seattle Mariners,0,22,18,106.2,5.82,68,39,21,2
헥터 노에시,Hector Noesi,456051,MLB,2013,American League,Seattle Mariners,1,12,1,27.1,6.59,21,12,3,1
헥터 노에시,Hector Noesi,456051,MLB,2013,American League,Seattle Mariners,0,12,1,27.1,6.59,21,12,3,1
헥터 노에시,Hector Noesi,456051,MLB,2014,American League,Seattle Mariners,1,2,0,1.0,27.00,2,0,1,0
헥터 노에시,Hector Noesi,456051,MLB,2014,American League,Texas Rangers,1,3,0,5.1,11.81,4,2,0,0
헥터 노에시,Hector Noesi,456051,MLB,2014,American League,Chicago White Sox,1,28,27,166.0,4.39,117,54,27,2
헥터 노에시,Hector Noesi,456051,MLB,2014,American League,Seattle Mariners / Texas Rangers / Chicago White Sox,0,33,27,172.1,4.75,123,56,28,2
헥터 노에시,Hector Noesi,456051,MLB,2015,American League,Chicago White Sox,1,10,5,32.2,6.89,22,17,7,1
헥터 노에시,Hector Noesi,456051,MLB,2015,American League,Chicago White Sox,0,10,5,32.2,6.89,22,17,7,1
헥터 노에시,Hector Noesi,456051,AAA,2010,International League,Scranton/Wilkes-Barre Yankees,1,3,3,18.2,4.82,14,4,1,1
헥터 노에시,Hector Noesi,456051,AAA,2010,International League,Scranton/Wilkes-Barre Yankees,0,3,3,18.2,4.82,14,4,1,1
헥터 노에시,Hector Noesi,456051,AAA,2011,International League,Scranton/Wilkes-Barre Yankees,1,6,5,24.2,3.28,17,9,0,2
헥터 노에시,Hector Noesi,456051,AAA,2011,International League,Scranton/Wilkes-Barre Yankees,0,6,5,24.2,3.28,17,9,0,2
헥터 노에시,Hector Noesi,456051,AAA,2012,Pacific Coast League,Tacoma Rainiers,1,11,11,64.1,5.74,55,22,7,2
헥터 노에시,Hector Noesi,456051,AAA,2012,Pacific Coast League,Tacoma Rainiers,0,11,11,64.1,5.74,55,22,7,2
헥터 노에시,Hector Noesi,456051,AAA,2013,Pacific Coast League,Tacoma Rainiers,1,15,11,66.1,5.83,49,14,12,1
헥터 노에시,Hector Noesi,456051,AAA,2013,Pacific Coast League,Tacoma Rainiers,0,15,11,66.1,5.83,49,14,12,1
헥터 노에시,Hector Noesi,456051,AAA,2015,International League,Charlotte Knights,1,11,10,65.0,3.32,56,16,7,0
헥터 노에시,Hector Noesi,456051,AAA,2015,International League,Charlotte Knights,0,11,10,65.0,3.32,56,16,7,0
지크 스프루일,Ezekiel Stephen Zeke Spruill,543809,MLB,2013,National League,Arizona Diamondbacks,1,6,2,11.1,5.56,9,5,3,1
지크 스프루일,Ezekiel Stephen Zeke Spruill,543809,MLB,2013,National League,Arizona Diamondbacks,0,6,2,11.1,5.56,9,5,3,1
지크 스프루일,Ezekiel Stephen Zeke Spruill,543809,MLB,2014,National League,Arizona Diamondbacks,1,6,1,22.2,3.57,14,4,0,1
지크 스프루일,Ezekiel Stephen Zeke Spruill,543809,MLB,2014,National League,Arizona Diamondbacks,0,6,1,22.2,3.57,14,4,0,1
지크 스프루일,Ezekiel Stephen Zeke Spruill,543809,AAA,2013,Pacific Coast League,Reno Aces,1,16,16,92.0,4.21,48,33,8,3
지크 스프루일,Ezekiel Stephen Zeke Spruill,543809,AAA,2013,Pacific Coast League,Reno Aces,0,16,16,92.0,4.21,48,33,8,3
지크 스프루일,Ezekiel Stephen Zeke Spruill,543809,AAA,2014,Pacific Coast League,Reno Aces,1,28,11,79.0,6.04,71,21,10,6
지크 스프루일,Ezekiel Stephen Zeke Spruill,543809,AAA,2014,Pacific Coast League,Reno Aces,0,28,11,79.0,6.04,71,21,10,6
지크 스프루일,Ezekiel Stephen Zeke Spruill,543809,AAA,2015,International League,Pawtucket Red Sox,1,35,14,114.1,3.94,67,34,8,6
지크 스프루일,Ezekiel Stephen Zeke Spruill,543809,AAA,2015,International League,Pawtucket Red Sox,0,35,14,114.1,3.94,67,34,8,6
파비오 카스티요,Fabio Castillo,503566,AAA,2012,Pacific Coast League,Round Rock Express,1,14,0,18.2,4.82,13,14,2,0
파비오 카스티요,Fabio Castillo,503566,AAA,2012,Pacific Coast League,Round Rock Express,0,14,0,18.2,4.82,13,14,2,0
파비오 카스티요,Fabio Castillo,503566,AAA,2013,Pacific Coast League,Fresno Grizzlies,1,23,5,57.0,6.47,51,26,6,2
파비오 카스티요,Fabio Castillo,503566,AAA,2013,Pacific Coast League,Fresno Grizzlies,0,23,5,57.0,6.47,51,26,6,2
파비오 카스티요,Fabio Castillo,503566,AAA,2014,International League,Louisville Bats,1,15,0,23.0,2.74,15,12,0,1
파비오 카스티요,Fabio Castillo,503566,AAA,2014,International League,Louisville Bats,0,15,0,23.0,2.74,15,12,0,1
파비오 카스티요,Fabio Castillo,503566,AAA,2015,Mexican League,Vaqueros de la Laguna,1,30,0,33.0,3.55,20,8,1,2
파비오 카스티요,Fabio Castillo,503566,AAA,2015,Mexican League,Vaqueros de la Laguna,0,30,0,33.0,3.55,20,8,1,2
에릭 서캠프,Eric M. Surkamp,474668,MLB,2011,National League,San Francisco Giants,1,6,6,26.2,5.74,13,17,1,2
에릭 서캠프,Eric M. Surkamp,474668,MLB,2011,National League,San Francisco Giants,0,6,6,26.2,5.74,13,17,1,2
에릭 서캠프,Eric M. Surkamp,474668,MLB,2013,National League,San Francisco Giants,1,1,1,2.2,23.63,0,0,2,2
에릭 서캠프,Eric M. Surkamp,474668,MLB,2013,National League,San Francisco Giants,0,1,1,2.2,23.63,0,0,2,2
에릭 서캠프,Eric M. Surkamp,474668,MLB,2014,American League,Chicago White Sox,1,35,0,24.1,4.81,20,13,3,1
에릭 서캠프,Eric M. Surkamp,474668,MLB,2014,American League,Chicago White Sox,0,35,0,24.1,4.81,20,13,3,1
에릭 서캠프,Eric M. Surkamp,474668,MLB,2015,National League,Los Angeles Dodgers,1,1,0,3.1,10.80,4,1,2,2
에릭 서캠프,Eric M. Surkamp,474668,MLB,2015,National League,Los Angeles Dodgers,0,1,0,3.1,10.80,4,1,2,2
에릭 서캠프,Eric M. Surkamp,474668,AAA,2013,Pacific Coast League,Fresno Grizzlies,1,11,11,71.1,2.78,54,20,4,2
에릭 서캠프,Eric M. Surkamp,474668,AAA,2013,Pacific Coast League,Fresno Grizzlies,0,11,11,71.1,2.78,54,20,4,2
에릭 서캠프,Eric M. Surkamp,474668,AAA,2014,International League,Charlotte Knights,1,18,11,78.2,4.69,86,20,8,7
에릭 서캠프,Eric M. Surkamp,474668,AAA,2014,International League,Charlotte Knights,0,18,11,78.2,4.69,86,20,8,7
에릭 서캠프,Eric M. Surkamp,474668,AAA,2015,International League,Charlotte Knights,1,11,1,25.2,2.81,30,9,3,0
에릭 서캠프,Eric M. Surkamp,474668,AAA,2015,Pacific Coast League,Oklahoma City Dodgers,1,16,15,88.1,3.57,70,23,8,4
에릭 서캠프,Eric M. Surkamp,474668,AAA,2015,International League / Pacific Coast League,Charlotte Knights / Oklahoma City Dodgers,0,27,16,114.0,3.39,100,32,11,4
슈가 마리몬,Sugar Ray Marimon,516970,MLB,2015,National League,Atlanta Braves,1,16,0,25.2,7.36,14,14,3,0
슈가 마리몬,Sugar Ray Marimon,516970,MLB,2015,National League,Atlanta Braves,0,16,0,25.2,7.36,14,14,3,0
슈가 마리몬,Sugar Ray Marimon,516970,AAA,2014,Pacific Coast League,Omaha Storm Chasers,1,15,15,83.1,3.56,67,26,10,5
슈가 마리몬,Sugar Ray Marimon,516970,AAA,2014,Pacific Coast League,Omaha Storm Chasers,0,15,15,83.1,3.56,67,26,10,5
슈가 마리몬,Sugar Ray Marimon,516970,AAA,2015,International League,Gwinnett Braves,1,17,14,81.2,3.31,48,26,4,3
슈가 마리몬,Sugar Ray Marimon,516970,AAA,2015,International League,Gwinnett Braves,0,17,14,81.2,3.31,48,26,4,3
요한 피노,Yohan Pino,464416,MLB,2014,American League,Minnesota Twins,1,11,11,60.1,5.07,50,14,8,1
요한 피노,Yohan Pino,464416,MLB,2014,American League,Minnesota Twins,0,11,11,60.1,5.07,50,14,8,1
요한 피노,Yohan Pino,464416,MLB,2015,American League,Kansas City Royals,1,7,1,19.1,3.26,13,3,2,0
요한 피노,Yohan Pino,464416,MLB,2015,American League,Kansas City Royals,0,7,1,19.1,3.26,13,3,2,0
요한 피노,Yohan Pino,464416,AAA,2009,International League,Rochester Red Wings,1,8,8,51.0,2.82,44,11,5,1
요한 피노,Yohan Pino,464416,AAA,2009,International League,Columbus Clippers,1,2,2,14.0,1.29,14,2,0,0
요한 피노,Yohan Pino,464416,AAA,2009,International League,Rochester Red Wings / Columbus Clippers,0,10,10,65.0,2.49,58,13,5,1
요한 피노,Yohan Pino,464416,AAA,2010,International League,Columbus Clippers,1,26,26,145.2,5.75,114,47,25,9
요한 피노,Yohan Pino,464416,AAA,2010,International League,Columbus Clippers,0,26,26,145.2,5.75,114,47,25,9
요한 피노,Yohan Pino,464416,AAA,2011,Pacific Coast League,Las Vegas 51s,1,1,0,1.2,10.80,0,2,0,0
요한 피노,Yohan Pino,464416,AAA,2011,Pacific Coast League,Las Vegas 51s,0,1,0,1.2,10.80,0,2,0,0
요한 피노,Yohan Pino,464416,AAA,2012,Pacific Coast League,Las Vegas 51s,1,3,3,9.1,22.18,8,3,1,0
요한 피노,Yohan Pino,464416,AAA,2012,Pacific Coast League,Las Vegas 51s,0,3,3,9.1,22.18,8,3,1,0
요한 피노,Yohan Pino,464416,AAA,2013,International League,Louisville Bats,1,31,16,121.1,3.26,107,30,7,1
요한 피노,Yohan Pino,464416,AAA,2013,International League,Louisville Bats,0,31,16,121.1,3.26,107,30,7,1
요한 피노,Yohan Pino,464416,AAA,2014,International League,Rochester Red Wings,1,16,9,73.0,2.47,72,24,9,3
요한 피노,Yohan Pino,464416,AAA,2014,International League,Rochester Red Wings,0,16,9,73.0,2.47,72,24,9,3
요한 피노,Yohan Pino,464416,AAA,2015,Pacific Coast League,Omaha Storm Chasers,1,16,14,78.2,4.69,69,20,12,1
요한 피노,Yohan Pino,464416,AAA,2015,Pacific Coast League,Omaha Storm Chasers,0,16,14,78.2,4.69,69,20,12,1
브라울리오 라라,Braulio Lara,542316,AAA,2013,International League,Durham Bulls,1,1,0,3.0,0.00,3,1,0,0
브라울리오 라라,Braulio Lara,542316,AAA,2013,International League,Durham Bulls,0,1,0,3.0,0.00,3,1,0,0
브라울리오 라라,Braulio Lara,542316,AAA,2014,International League,Durham Bulls,1,9,0,11.0,9.00,11,12,2,0
브라울리오 라라,Braulio Lara,542316,AAA,2014,International League,Durham Bulls,0,9,0,11.0,9.00,11,12,2,0
브라울리오 라라,Braulio Lara,542316,AAA,2015,Pacific Coast League,Sacramento River Cats,1,12,5,28.0,7.71,29,10,2,0
브라울리오 라라,Braulio Lara,542316,AAA,2015,Pacific Coast League,Sacramento River Cats,0,12,5,28.0,7.71,29,10,2,0
로버트 코엘로,Robert Coello,445193,MLB,2010,American League,Boston Red Sox,1,6,0,5.2,4.76,5,5,0,0
로버트 코엘로,Robert Coello,445193,MLB,2010,American League,Boston Red Sox,0,6,0,5.2,4.76,5,5,0,0
로버트 코엘로,Robert Coello,445193,MLB,2012,American League,Toronto Blue Jays,1,6,0,6.1,12.79,11,4,2,1
로버트 코엘로,Robert Coello,445193,MLB,2012,American League,Toronto Blue Jays,0,6,0,6.1,12.79,11,4,2,1
로버트 코엘로,Robert Coello,445193,MLB,2013,American League,Los Angeles Angels,1,16,0,17.0,3.71,23,8,1,0
로버트 코엘로,Robert Coello,445193,MLB,2013,American League,Los Angeles Angels,0,16,0,17.0,3.71,23,8,1,0
로버트 코엘로,Robert Coello,445193,AAA,2009,International League,Pawtucket Red Sox,1,1,0,1.1,0.00,1,0,0,0
로버트 코엘로,Robert Coello,445193,AAA,2009,International League,Pawtucket Red Sox,0,1,0,1.1,0.00,1,0,0,0
로버트 코엘로,Robert Coello,445193,AAA,2010,International League,Pawtucket Red Sox,1,18,9,64.0,4.22,79,30,10,6
로버트 코엘로,Robert Coello,445193,AAA,2010,International League,Pawtucket Red Sox,0,18,9,64.0,4.22,79,30,10,6
로버트 코엘로,Robert Coello,445193,AAA,2011,Pacific Coast League,Iowa Cubs,1,30,11,95.0,4.45,94,41,11,3
로버트 코엘로,Robert Coello,445193,AAA,2011,Pacific Coast League,Iowa Cubs,0,30,11,95.0,4.45,94,41,11,3
로버트 코엘로,Robert Coello,445193,AAA,2012,Pacific Coast League,Las Vegas 51s,1,19,3,42.0,3.00,43,18,4,0
로버트 코엘로,Robert Coello,445193,AAA,2012,Pacific Coast League,Las Vegas 51s,0,19,3,42.0,3.00,43,18,4,0
로버트 코엘로,Robert Coello,445193,AAA,2013,Pacific Coast League,Salt Lake Bees,1,15,0,18.2,4.82,29,11,1,1
로버트 코엘로,Robert Coello,445193,AAA,2013,Pacific Coast League,Salt Lake Bees,0,15,0,18.2,4.82,29,11,1,1
로버트 코엘로,Robert Coello,445193,AAA,2014,International League,Scranton/Wilkes-Barre RailRiders,1,26,0,32.0,1.69,44,21,1,1
로버트 코엘로,Robert Coello,445193,AAA,2014,International League,Norfolk Tides,1,20,0,23.2,1.90,25,15,2,2
로버트 코엘로,Robert Coello,445193,AAA,2014,International League,Scranton/Wilkes-Barre RailRiders / Norfolk Tides,0,46,0,55.2,1.78,69,36,3,3
로버트 코엘로,Robert Coello,445193,AAA,2015,Pacific Coast League,Sacramento River Cats,1,11,11,64.1,3.50,49,28,4,4
로버트 코엘로,Robert Coello,445193,AAA,2015,Pacific Coast League,Round Rock Express,1,6,5,30.1,5.64,13,13,4,1
로버트 코엘로,Robert Coello,445193,AAA,2015,Pacific Coast League,Sacramento River Cats / Round Rock Express,0,17,16,94.2,4.18,62,41,8,5
스콧 맥그레거,Scott McGregor,543520,AAA,2013,Pacific Coast League,Memphis Redbirds,1,18,17,100.2,4.83,67,29,10,4
스콧 맥그레거,Scott McGregor,543520,AAA,2013,Pacific Coast League,Memphis Redbirds,0,18,17,100.2,4.83,67,29,10,4
스콧 맥그레거,Scott McGregor,543520,AAA,2014,Pacific Coast League,Memphis Redbirds,1,13,13,61.0,6.34,33,33,10,12
스콧 맥그레거,Scott McGregor,543520,AAA,2014,International League,Syracuse Chiefs,1,4,4,23.0,3.91,13,6,2,0
스콧 맥그레거,Scott McGregor,543520,AAA,2014,International League / Pacific Coast League,Memphis Redbirds / Syracuse Chiefs,0,17,17,84.0,5.68,46,39,12,12
스콧 맥그레거,Scott McGregor,543520,AAA,2015,International League,Syracuse Chiefs,1,27,15,107.0,4.04,63,35,12,9
스콧 맥그레거,Scott McGregor,543520,AAA,2015,International League,Syracuse Chiefs,0,27,15,107.0,4.04,63,35,12,9
재크 페트릭,Zachary Bernard Petrick,623967,AAA,2014,Pacific Coast League,Memphis Redbirds,1,24,20,115.0,4.62,82,36,16,4
재크 페트릭,Zachary Bernard Petrick,623967,AAA,2014,Pacific Coast League,Memphis Redbirds,0,24,20,115.0,4.62,82,36,16,4
재크 페트릭,Zachary Bernard Petrick,623967,AAA,2015,Pacific Coast League,Memphis Redbirds,1,28,28,157.1,4.52,113,29,14,6
재크 페트릭,Zachary Bernard Petrick,623967,AAA,2015,Pacific Coast League,Memphis Redbirds,0,28,28,157.1,4.52,113,29,14,6
앤서니 레나도,Anthony Ranaudo,519168,MLB,2014,American League,Boston Red Sox,1,7,7,39.1,4.81,15,16,10,0
앤서니 레나도,Anthony Ranaudo,519168,MLB,2014,American League,Boston Red Sox,0,7,7,39.1,4.81,15,16,10,0
앤서니 레나도,Anthony Ranaudo,519168,MLB,2015,American League,Texas Rangers,1,4,2,15.1,7.63,11,8,2,1
앤서니 레나도,Anthony Ranaudo,519168,MLB,2015,American League,Texas Rangers,0,4,2,15.1,7.63,11,8,2,1
앤서니 레나도,Anthony Ranaudo,519168,MLB,2016,American League,Texas Rangers,1,2,0,3.2,17.18,2,8,1,0
앤서니 레나도,Anthony Ranaudo,519168,MLB,2016,American League,Chicago White Sox,1,7,5,27.2,8.46,16,12,9,0
앤서니 레나도,Anthony Ranaudo,519168,MLB,2016,American League,Texas Rangers / Chicago White Sox,0,9,5,31.1,9.48,18,20,10,0
앤서니 레나도,Anthony Ranaudo,519168,AAA,2013,International League,Pawtucket Red Sox,1,6,5,30.1,2.97,21,7,1,0
앤서니 레나도,Anthony Ranaudo,519168,AAA,2013,International League,Pawtucket Red Sox,0,6,5,30.1,2.97,21,7,1,0
앤서니 레나도,Anthony Ranaudo,519168,AAA,2014,International League,Pawtucket Red Sox,1,24,24,138.0,2.61,111,54,9,4
앤서니 레나도,Anthony Ranaudo,519168,AAA,2014,International League,Pawtucket Red Sox,0,24,24,138.0,2.61,111,54,9,4
앤서니 레나도,Anthony Ranaudo,519168,AAA,2015,Pacific Coast League,Round Rock Express,1,21,21,118.0,4.58,90,46,14,4
앤서니 레나도,Anthony Ranaudo,519168,AAA,2015,Pacific Coast League,Round Rock Express,0,21,21,118.0,4.58,90,46,14,4
앤서니 레나도,Anthony Ranaudo,519168,AAA,2016,Pacific Coast League,Round Rock Express,1,3,3,13.1,2.03,18,4,0,2
앤서니 레나도,Anthony Ranaudo,519168,AAA,2016,International League,Charlotte Knights,1,16,16,96.2,3.35,65,11,15,3
앤서니 레나도,Anthony Ranaudo,519168,AAA,2016,International League / Pacific Coast League,Round Rock Express / Charlotte Knights,0,19,19,110.0,3.19,83,15,15,5
팻 딘,Patrick Michael Dean,534737,MLB,2016,American League,Minnesota Twins,1,19,9,67.1,6.28,50,23,13,0
팻 딘,Patrick Michael Dean,534737,MLB,2016,American League,Minnesota Twins,0,19,9,67.1,6.28,50,23,13,0
팻 딘,Patrick Michael Dean,534737,AAA,2013,International League,Rochester Red Wings,1,6,6,40.0,2.03,22,5,0,1
팻 딘,Patrick Michael Dean,534737,AAA,2013,International League,Rochester Red Wings,0,6,6,40.0,2.03,22,5,0,1
팻 딘,Patrick Michael Dean,534737,AAA,2015,International League,Rochester Red Wings,1,27,27,179.0,2.82,98,36,10,3
팻 딘,Patrick Michael Dean,534737,AAA,2015,International League,Rochester Red Wings,0,27,27,179.0,2.82,98,36,10,3
팻 딘,Patrick Michael Dean,534737,AAA,2016,International League,Rochester Red Wings,1,16,16,87.1,5.56,49,19,10,2
팻 딘,Patrick Michael Dean,534737,AAA,2016,International League,Rochester Red Wings,0,16,16,87.1,5.56,49,19,10,2
닉 애디튼,Nick Additon,502836,AAA,2011,Pacific Coast League,Memphis Redbirds,1,18,16,96.2,4.56,80,40,14,1
닉 애디튼,Nick Additon,502836,AAA,2011,Pacific Coast League,Memphis Redbirds,0,18,16,96.2,4.56,80,40,14,1
닉 애디튼,Nick Additon,502836,AAA,2012,Pacific Coast League,Memphis Redbirds,1,16,16,87.0,4.55,81,41,10,4
닉 애디튼,Nick Additon,502836,AAA,2012,Pacific Coast League,Memphis Redbirds,0,16,16,87.0,4.55,81,41,10,4
닉 애디튼,Nick Additon,502836,AAA,2013,Pacific Coast League,Memphis Redbirds,1,24,21,131.2,4.10,117,38,15,3
닉 애디튼,Nick Additon,502836,AAA,2013,Pacific Coast League,Memphis Redbirds,0,24,21,131.2,4.10,117,38,15,3
닉 애디튼,Nick Additon,502836,AAA,2014,International League,Norfolk Tides,1,27,9,89.2,4.32,67,39,5,5
닉 애디튼,Nick Additon,502836,AAA,2014,International League,Norfolk Tides,0,27,9,89.2,4.32,67,39,5,5
닉 애디튼,Nick Additon,502836,AAA,2015,Pacific Coast League,Colorado Springs Sky Sox,1,21,11,74.1,5.33,52,27,4,5
닉 애디튼,Nick Additon,502836,AAA,2015,Pacific Coast League,Colorado Springs Sky Sox,0,21,11,74.1,5.33,52,27,4,5
닉 애디튼,Nick Additon,502836,AAA,2016,International League,Norfolk Tides,1,16,13,80.1,3.81,50,23,7,1
닉 애디튼,Nick Additon,502836,AAA,2016,International League,Norfolk Tides,0,16,13,80.1,3.81,50,23,7,1
제프 맨쉽,Jeff Manship,453249,MLB,2009,American League,Minnesota Twins,1,11,5,31.2,5.68,21,15,4,1
제프 맨쉽,Jeff Manship,453249,MLB,2009,American League,Minnesota Twins,0,11,5,31.2,5.68,21,15,4,1
제프 맨쉽,Jeff Manship,453249,MLB,2010,American League,Minnesota Twins,1,13,1,29.0,5.28,21,6,3,0
제프 맨쉽,Jeff Manship,453249,MLB,2010,American League,Minnesota Twins,0,13,1,29.0,5.28,21,6,3,0
제프 맨쉽,Jeff Manship,453249,MLB,2011,American League,Minnesota Twins,1,5,0,3.1,8.10,2,4,0,0
제프 맨쉽,Jeff Manship,453249,MLB,2011,American League,Minnesota Twins,0,5,0,3.1,8.10,2,4,0,0
제프 맨쉽,Jeff Manship,453249,MLB,2012,American League,Minnesota Twins,1,12,0,21.2,7.89,12,7,4,1
제프 맨쉽,Jeff Manship,453249,MLB,2012,American League,Minnesota Twins,0,12,0,21.2,7.89,12,7,4,1
제프 맨쉽,Jeff Manship,453249,MLB,2013,National League,Colorado Rockies,1,11,4,30.2,7.04,18,12,6,0
제프 맨쉽,Jeff Manship,453249,MLB,2013,National League,Colorado Rockies,0,11,4,30.2,7.04,18,12,6,0
제프 맨쉽,Jeff Manship,453249,MLB,2014,National League,Philadelphia Phillies,1,20,0,23.0,6.65,16,14,1,0
제프 맨쉽,Jeff Manship,453249,MLB,2014,National League,Philadelphia Phillies,0,20,0,23.0,6.65,16,14,1,0
제프 맨쉽,Jeff Manship,453249,MLB,2015,American League,Cleveland Indians,1,32,0,39.1,0.92,33,10,1,1
제프 맨쉽,Jeff Manship,453249,MLB,2015,American League,Cleveland Indians,0,32,0,39.1,0.92,33,10,1,1
제프 맨쉽,Jeff Manship,453249,MLB,2016,American League,Cleveland Indians,1,53,0,43.1,3.12,36,22,7,0
제프 맨쉽,Jeff Manship,453249,MLB,2016,American League,Cleveland Indians,0,53,0,43.1,3.12,36,22,7,0
제프 맨쉽,Jeff Manship,453249,AAA,2009,International League,Rochester Red Wings,1,8,8,50.1,3.22,30,17,1,1
제프 맨쉽,Jeff Manship,453249,AAA,2009,International League,Rochester Red Wings,0,8,8,50.1,3.22,30,17,1,1
제프 맨쉽,Jeff Manship,453249,AAA,2010,International League,Rochester Red Wings,1,19,18,98.1,5.13,83,22,13,2
제프 맨쉽,Jeff Manship,453249,AAA,2010,International League,Rochester Red Wings,0,19,18,98.1,5.13,83,22,13,2
제프 맨쉽,Jeff Manship,453249,AAA,2011,International League,Rochester Red Wings,1,11,3,25.0,4.32,21,4,4,0
제프 맨쉽,Jeff Manship,453249,AAA,2011,International League,Rochester Red Wings,0,11,3,25.0,4.32,21,4,4,0
제프 맨쉽,Jeff Manship,453249,AAA,2012,International League,Rochester Red Wings,1,22,11,80.1,2.91,52,35,5,1
제프 맨쉽,Jeff Manship,453249,AAA,2012,International League,Rochester Red Wings,0,22,11,80.1,2.91,52,35,5,1
제프 맨쉽,Jeff Manship,453249,AAA,2013,Pacific Coast League,Colorado Springs Sky Sox,1,24,17,104.0,4.85,71,32,8,1
제프 맨쉽,Jeff Manship,453249,AAA,2013,Pacific Coast League,Colorado Springs Sky Sox,0,24,17,104.0,4.85,71,32,8,1
제프 맨쉽,Jeff Manship,453249,AAA,2014,International League,Lehigh Valley IronPigs,1,8,5,25.1,4.62,21,18,1,0
제프 맨쉽,Jeff Manship,453249,AAA,2014,International League,Lehigh Valley IronPigs,0,8,5,25.1,4.62,21,18,1,0
제프 맨쉽,Jeff Manship,453249,AAA,2015,International League,Columbus Clippers,1,23,0,31.2,1.99,31,9,3,0
제프 맨쉽,Jeff Manship,453249,AAA,2015,International League,Columbus Clippers,0,23,0,31.2,1.99,31,9,3,0
돈 로치,Donn Roach,543698,MLB,2014,National League,San Diego Padres,1,16,1,30.1,4.75,17,15,2,4
돈 로치,Donn Roach,543698,MLB,2014,National League,San Diego Padres,0,16,1,30.1,4.75,17,15,2,4
돈 로치,Donn Roach,543698,MLB,2015,National League,Chicago Cubs,1,1,1,3.1,10.80,1,1,0,0
돈 로치,Donn Roach,543698,MLB,2015,National League,Chicago Cubs,0,1,1,3.1,10.80,1,1,0,0
돈 로치,Donn Roach,543698,MLB,2016,American League,Seattle Mariners,1,4,0,5.1,8.44,2,2,1,1
돈 로치,Donn Roach,543698,MLB,2016,American League,Seattle Mariners,0,4,0,5.1,8.44,2,2,1,1
돈 로치,Donn Roach,543698,AAA,2014,Pacific Coast League,El Paso Chihuahuas,1,19,13,77.1,5.24,44,40,2,7
돈 로치,Donn Roach,543698,AAA,2014,Pacific Coast League,El Paso Chihuahuas,0,19,13,77.1,5.24,44,40,2,7
돈 로치,Donn Roach,543698,AAA,2015,Pacific Coast League,Iowa Cubs,1,15,15,89.0,2.33,33,16,6,3
돈 로치,Donn Roach,543698,AAA,2015,International League,Louisville Bats,1,7,7,42.0,6.00,18,7,2,1
돈 로치,Donn Roach,543698,AAA,2015,International League,Buffalo Bisons,1,3,1,12.0,1.50,2,3,0,0
돈 로치,Donn Roach,543698,AAA,2015,International League / Pacific Coast League,Iowa Cubs / Louisville Bats / Buffalo Bisons,0,25,23,143.0,3.34,53,26,8,4
돈 로치,Donn Roach,543698,AAA,2016,Pacific Coast League,Tacoma Rainiers,1,22,17,108.0,4.08,62,19,7,4
돈 로치,Donn Roach,543698,AAA,2016,International League,Toledo Mud Hens,1,5,5,29.2,3.03,21,5,1,1
돈 로치,Donn Roach,543698,AAA,2016,International League / Pacific Coast League,Tacoma Rainiers / Toledo Mud Hens,0,27,22,137.2,3.86,83,24,8,5
스캇 다이아몬드,Scott Michael Diamond,539438,MLB,2011,American League,Minnesota Twins,1,7,7,39.0,5.08,19,17,3,0
스캇 다이아몬드,Scott Michael Diamond,539438,MLB,2011,American League,Minnesota Twins,0,7,7,39.0,5.08,19,17,3,0
스캇 다이아몬드,Scott Michael Diamond,539438,MLB,2012,American League,Minnesota Twins,1,27,27,173.0,3.54,90,31,17,4
스캇 다이아몬드,Scott Michael Diamond,539438,MLB,2012,American League,Minnesota Twins,0,27,27,173.0,3.54,90,31,17,4
스캇 다이아몬드,Scott Michael Diamond,539438,MLB,2013,American League,Minnesota Twins,1,24,24,131.0,5.43,52,36,21,1
스캇 다이아몬드,Scott Michael Diamond,539438,MLB,2013,American League,Minnesota Twins,0,24,24,131.0,5.43,52,36,21,1
스캇 다이아몬드,Scott Michael Diamond,539438,MLB,2016,American League,Toronto Blue Jays,1,1,0,1.0,27.00,0,2,0,0
스캇 다이아몬드,Scott Michael Diamond,539438,MLB,2016,American League,Toronto Blue Jays,0,1,0,1.0,27.00,0,2,0,0
스캇 다이아몬드,Scott Michael Diamond,539438,AAA,2010,International League,Gwinnett Braves,1,10,10,56.1,3.36,33,15,2,1
스캇 다이아몬드,Scott Michael Diamond,539438,AAA,2010,International League,Gwinnett Braves,0,10,10,56.1,3.36,33,15,2,1
스캇 다이아몬드,Scott Michael Diamond,539438,AAA,2011,International League,Rochester Red Wings,1,23,23,123.0,5.56,90,36,11,1
스캇 다이아몬드,Scott Michael Diamond,539438,AAA,2011,International League,Rochester Red Wings,0,23,23,123.0,5.56,90,36,11,1
스캇 다이아몬드,Scott Michael Diamond,539438,AAA,2012,International League,Rochester Red Wings,1,6,6,34.2,2.60,26,7,1,1
스캇 다이아몬드,Scott Michael Diamond,539438,AAA,2012,International League,Rochester Red Wings,0,6,6,34.2,2.60,26,7,1,1
스캇 다이아몬드,Scott Michael Diamond,539438,AAA,2013,International League,Rochester Red Wings,1,6,6,41.0,2.41,19,9,4,0
스캇 다이아몬드,Scott Michael Diamond,539438,AAA,2013,International League,Rochester Red Wings,0,6,6,41.0,2.41,19,9,4,0
스캇 다이아몬드,Scott Michael Diamond,539438,AAA,2014,International League,Rochester Red Wings,1,17,15,80.0,6.53,47,22,10,1
스캇 다이아몬드,Scott Michael Diamond,539438,AAA,2014,International League,Louisville Bats,1,9,7,43.1,6.65,19,10,5,0
스캇 다이아몬드,Scott Michael Diamond,539438,AAA,2014,International League,Rochester Red Wings / Louisville Bats,0,26,22,123.1,6.57,66,32,15,1
스캇 다이아몬드,Scott Michael Diamond,539438,AAA,2015,International League,Durham Bulls,1,28,25,150.1,3.71,91,26,13,3
스캇 다이아몬드,Scott Michael Diamond,539438,AAA,2015,International League,Durham Bulls,0,28,25,150.1,3.71,91,26,13,3
스캇 다이아몬드,Scott Michael Diamond,539438,AAA,2016,International League,Buffalo Bisons,1,28,28,166.0,4.50,100,32,11,5
스캇 다이아몬드,Scott Michael Diamond,539438,AAA,2016,International League,Buffalo Bisons,0,28,28,166.0,4.50,100,32,11,5
션 오설리반,Sean Daniel O'Sullivan,457711,MLB,2009,American League,Los Angeles Angels,1,12,10,51.2,5.92,29,16,12,1
션 오설리반,Sean Daniel O'Sullivan,457711,MLB,2009,American League,Los Angeles Angels,0,12,10,51.2,5.92,29,16,12,1
션 오설리반,Sean Daniel O'Sullivan,457711,MLB,2010,American League,Los Angeles Angels,1,5,1,13.0,2.08,6,4,1,0
션 오설리반,Sean Daniel O'Sullivan,457711,MLB,2010,American League,Kansas City Royals,1,14,13,70.2,6.11,37,27,14,1
션 오설리반,Sean Daniel O'Sullivan,457711,MLB,2010,American League,Los Angeles Angels / Kansas City Royals,0,19,14,83.2,5.49,43,31,15,1
션 오설리반,Sean Daniel O'Sullivan,457711,MLB,2011,American League,Kansas City Royals,1,12,10,58.1,7.25,19,26,10,2
션 오설리반,Sean Daniel O'Sullivan,457711,MLB,2011,American League,Kansas City Royals,0,12,10,58.1,7.25,19,26,10,2
션 오설리반,Sean Daniel O'Sullivan,457711,MLB,2013,National League,San Diego Padres,1,7,3,25.0,3.96,12,14,0,1
션 오설리반,Sean Daniel O'Sullivan,457711,MLB,2013,National League,San Diego Padres,0,7,3,25.0,3.96,12,14,0,1
션 오설리반,Sean Daniel O'Sullivan,457711,MLB,2014,National League,Philadelphia Phillies,1,3,2,12.2,6.39,7,2,3,0
션 오설리반,Sean Daniel O'Sullivan,457711,MLB,2014,National League,Philadelphia Phillies,0,3,2,12.2,6.39,7,2,3,0
션 오설리반,Sean Daniel O'Sullivan,457711,MLB,2015,National League,Philadelphia Phillies,1,13,13,71.0,6.08,35,20,16,6
션 오설리반,Sean Daniel O'Sullivan,457711,MLB,2015,National League,Philadelphia Phillies,0,13,13,71.0,6.08,35,20,16,6
션 오설리반,Sean Daniel O'Sullivan,457711,MLB,2016,American League,Boston Red Sox,1,5,4,21.1,6.75,13,6,3,2
션 오설리반,Sean Daniel O'Sullivan,457711,MLB,2016,American League,Boston Red Sox,0,5,4,21.1,6.75,13,6,3,2
션 오설리반,Sean Daniel O'Sullivan,457711,AAA,2009,Pacific Coast League,Salt Lake Bees,1,14,13,69.0,5.48,48,20,9,3
션 오설리반,Sean Daniel O'Sullivan,457711,AAA,2009,Pacific Coast League,Salt Lake Bees,0,14,13,69.0,5.48,48,20,9,3
션 오설리반,Sean Daniel O'Sullivan,457711,AAA,2010,Pacific Coast League,Salt Lake Bees,1,15,15,85.0,4.76,58,31,8,3
션 오설리반,Sean Daniel O'Sullivan,457711,AAA,2010,Pacific Coast League,Salt Lake Bees,0,15,15,85.0,4.76,58,31,8,3
션 오설리반,Sean Daniel O'Sullivan,457711,AAA,2011,Pacific Coast League,Omaha Storm Chasers,1,14,14,74.2,4.22,55,16,6,4
션 오설리반,Sean Daniel O'Sullivan,457711,AAA,2011,Pacific Coast League,Omaha Storm Chasers,0,14,14,74.2,4.22,55,16,6,4
션 오설리반,Sean Daniel O'Sullivan,457711,AAA,2012,Pacific Coast League,Omaha Storm Chasers,1,17,5,53.1,6.75,26,23,6,2
션 오설리반,Sean Daniel O'Sullivan,457711,AAA,2012,Pacific Coast League,Las Vegas 51s,1,14,14,89.1,2.72,44,23,5,5
션 오설리반,Sean Daniel O'Sullivan,457711,AAA,2012,Pacific Coast League,Omaha Storm Chasers / Las Vegas 51s,0,31,19,142.2,4.23,70,46,11,7
션 오설리반,Sean Daniel O'Sullivan,457711,AAA,2013,Pacific Coast League,Tucson Padres,1,20,20,115.0,3.83,99,31,7,5
션 오설리반,Sean Daniel O'Sullivan,457711,AAA,2013,Pacific Coast League,Tucson Padres,0,20,20,115.0,3.83,99,31,7,5
션 오설리반,Sean Daniel O'Sullivan,457711,AAA,2014,International League,Lehigh Valley IronPigs,1,25,25,148.2,4.30,94,50,17,3
션 오설리반,Sean Daniel O'Sullivan,457711,AAA,2014,International League,Lehigh Valley IronPigs,0,25,25,148.2,4.30,94,50,17,3
션 오설리반,Sean Daniel O'Sullivan,457711,AAA,2015,International League,Lehigh Valley IronPigs,1,9,9,56.1,3.20,41,19,3,1
션 오설리반,Sean Daniel O'Sullivan,457711,AAA,2015,International League,Lehigh Valley IronPigs,0,9,9,56.1,3.20,41,19,3,1
션 오설리반,Sean Daniel O'Sullivan,457711,AAA,2016,International League,Pawtucket Red Sox,1,19,19,105.1,4.02,85,27,7,8
션 오설리반,Sean Daniel O'Sullivan,457711,AAA,2016,International League,Pawtucket Red Sox,0,19,19,105.1,4.02,85,27,7,8
제이크 브리검,Jake Brigham,502010,MLB,2015,National League,Atlanta Braves,1,12,0,16.2,8.64,12,8,1,1
제이크 브리검,Jake Brigham,502010,MLB,2015,National League,Atlanta Braves,0,12,0,16.2,8.64,12,8,1,1
제이크 브리검,Jake Brigham,502010,AAA,2013,Pacific Coast League,Round Rock Express,1,26,18,113.2,4.51,78,46,7,8
제이크 브리검,Jake Brigham,502010,AAA,2013,Pacific Coast League,Round Rock Express,0,26,18,113.2,4.51,78,46,7,8
제이크 브리검,Jake Brigham,502010,AAA,2014,International League,Indianapolis Indians,1,18,14,92.1,4.29,70,28,12,9
제이크 브리검,Jake Brigham,502010,AAA,2014,International League,Indianapolis Indians,0,18,14,92.1,4.29,70,28,12,9
제이크 브리검,Jake Brigham,502010,AAA,2015,International League,Gwinnett Braves,1,8,3,26.0,4.50,20,7,1,1
제이크 브리검,Jake Brigham,502010,AAA,2015,International League,Gwinnett Braves,0,8,3,26.0,4.50,20,7,1,1
세스 프랭코프,Seth Frankoff,571676,MLB,2017,National League,Chicago Cubs,1,1,0,2.0,9.00,2,0,1,0
세스 프랭코프,Seth Frankoff,571676,MLB,2017,National League,Chicago Cubs,0,1,0,2.0,9.00,2,0,1,0
세스 프랭코프,Seth Frankoff,571676,AAA,2014,Pacific Coast League,Sacramento River Cats,1,22,0,30.2,4.40,22,10,3,1
세스 프랭코프,Seth Frankoff,571676,AAA,2014,Pacific Coast League,Sacramento River Cats,0,22,0,30.2,4.40,22,10,3,1
세스 프랭코프,Seth Frankoff,571676,AAA,2015,Pacific Coast League,Nashville Sounds,1,9,0,10.2,5.91,7,9,2,1
세스 프랭코프,Seth Frankoff,571676,AAA,2015,Pacific Coast League,Nashville Sounds,0,9,0,10.2,5.91,7,9,2,1
세스 프랭코프,Seth Frankoff,571676,AAA,2016,Pacific Coast League,Oklahoma City Dodgers,1,4,1,7.1,3.68,4,2,1,0
세스 프랭코프,Seth Frankoff,571676,AAA,2016,Pacific Coast League,Oklahoma City Dodgers,0,4,1,7.1,3.68,4,2,1,0
세스 프랭코프,Seth Frankoff,571676,AAA,2017,Pacific Coast League,Iowa Cubs,1,24,21,116.2,4.40,119,47,18,8
세스 프랭코프,Seth Frankoff,571676,AAA,2017,Pacific Coast League,Iowa Cubs,0,24,21,116.2,4.40,119,47,18,8
팀 아델만,Timothy Max Adleman,534947,MLB,2016,National League,Cincinnati Reds,1,13,13,69.2,4.00,47,20,13,5
팀 아델만,Timothy Max Adleman,534947,MLB,2016,National League,Cincinnati Reds,0,13,13,69.2,4.00,47,20,13,5
팀 아델만,Timothy Max Adleman,534947,MLB,2017,National League,Cincinnati Reds,1,30,20,122.1,5.52,108,51,29,6
팀 아델만,Timothy Max Adleman,534947,MLB,2017,National League,Cincinnati Reds,0,30,20,122.1,5.52,108,51,29,6
팀 아델만,Timothy Max Adleman,534947,AAA,2016,International League,Louisville Bats,1,10,10,56.2,2.38,38,10,4,2
팀 아델만,Timothy Max Adleman,534947,AAA,2016,International League,Louisville Bats,0,10,10,56.2,2.38,38,10,4,2
팀 아델만,Timothy Max Adleman,534947,AAA,2017,International League,Louisville Bats,1,1,1,7.0,2.57,6,1,1,0
팀 아델만,Timothy Max Adleman,534947,AAA,2017,International League,Louisville Bats,0,1,1,7.0,2.57,6,1,1,0
리살베르토 보니야,Lisalverto Bonilla,570810,MLB,2014,American League,Texas Rangers,1,5,3,20.2,3.05,17,12,2,1
리살베르토 보니야,Lisalverto Bonilla,570810,MLB,2014,American League,Texas Rangers,0,5,3,20.2,3.05,17,12,2,1
리살베르토 보니야,Lisalverto Bonilla,570810,MLB,2017,National League,Cincinnati Reds,1,10,4,36.2,8.10,28,22,8,2
리살베르토 보니야,Lisalverto Bonilla,570810,MLB,2017,National League,Cincinnati Reds,0,10,4,36.2,8.10,28,22,8,2
리살베르토 보니야,Lisalverto Bonilla,570810,AAA,2013,Pacific Coast League,Round Rock Express,1,26,2,43.0,7.95,56,24,8,1
리살베르토 보니야,Lisalverto Bonilla,570810,AAA,2013,Pacific Coast League,Round Rock Express,0,26,2,43.0,7.95,56,24,8,1
리살베르토 보니야,Lisalverto Bonilla,570810,AAA,2014,Pacific Coast League,Round Rock Express,1,39,6,74.2,4.10,92,25,9,1
리살베르토 보니야,Lisalverto Bonilla,570810,AAA,2014,Pacific Coast League,Round Rock Express,0,39,6,74.2,4.10,92,25,9,1
리살베르토 보니야,Lisalverto Bonilla,570810,AAA,2016,Pacific Coast League,Oklahoma City Dodgers,1,24,6,73.2,4.28,79,27,4,1
리살베르토 보니야,Lisalverto Bonilla,570810,AAA,2016,Pacific Coast League,Oklahoma City Dodgers,0,24,6,73.2,4.28,79,27,4,1
리살베르토 보니야,Lisalverto Bonilla,570810,AAA,2017,International League,Louisville Bats,1,18,8,62.2,3.59,59,23,6,0
리살베르토 보니야,Lisalverto Bonilla,570810,AAA,2017,International League,Louisville Bats,0,18,8,62.2,3.59,59,23,6,0
타일러 윌슨,Tylor Wilson,592869,MLB,2015,American League,Baltimore Orioles,1,9,5,36.0,3.50,13,11,1,1
타일러 윌슨,Tylor Wilson,592869,MLB,2015,American League,Baltimore Orioles,0,9,5,36.0,3.50,13,11,1,1
타일러 윌슨,Tylor Wilson,592869,MLB,2016,American League,Baltimore Orioles,1,24,13,94.0,5.27,55,24,15,4
타일러 윌슨,Tylor Wilson,592869,MLB,2016,American League,Baltimore Orioles,0,24,13,94.0,5.27,55,24,15,4
타일러 윌슨,Tylor Wilson,592869,MLB,2017,American League,Baltimore Orioles,1,9,1,15.1,7.04,9,4,3,1
타일러 윌슨,Tylor Wilson,592869,MLB,2017,American League,Baltimore Orioles,0,9,1,15.1,7.04,9,4,3,1
타일러 윌슨,Tylor Wilson,592869,AAA,2014,International League,Norfolk Tides,1,12,12,70.0,3.60,66,21,8,1
타일러 윌슨,Tylor Wilson,592869,AAA,2014,International League,Norfolk Tides,0,12,12,70.0,3.60,66,21,8,1
타일러 윌슨,Tylor Wilson,592869,AAA,2015,International League,Norfolk Tides,1,17,17,94.1,3.24,63,18,8,4
타일러 윌슨,Tylor Wilson,592869,AAA,2015,International League,Norfolk Tides,0,17,17,94.1,3.24,63,18,8,4
타일러 윌슨,Tylor Wilson,592869,AAA,2016,International League,Norfolk Tides,1,6,6,23.2,4.56,20,3,1,0
타일러 윌슨,Tylor Wilson,592869,AAA,2016,International League,Norfolk Tides,0,6,6,23.2,4.56,20,3,1,0
타일러 윌슨,Tylor Wilson,592869,AAA,2017,International League,Norfolk Tides,1,20,20,114.0,4.74,68,35,10,7
타일러 윌슨,Tylor Wilson,592869,AAA,2017,International League,Norfolk Tides,0,20,20,114.0,4.74,68,35,10,7
펠릭스 듀브론트,Felix Antonio Doubront,467094,MLB,2010,American League,Boston Red Sox,1,12,3,25.0,4.32,23,10,3,1
펠릭스 듀브론트,Felix Antonio Doubront,467094,MLB,2010,American League,Boston Red Sox,0,12,3,25.0,4.32,23,10,3,1
펠릭스 듀브론트,Felix Antonio Doubront,467094,MLB,2011,American League,Boston Red Sox,1,11,0,10.1,6.10,6,8,1,0
펠릭스 듀브론트,Felix Antonio Doubront,467094,MLB,2011,American League,Boston Red Sox,0,11,0,10.1,6.10,6,8,1,0
펠릭스 듀브론트,Felix Antonio Doubront,467094,MLB,2012,American League,Boston Red Sox,1,29,29,161.0,4.86,167,71,24,5
펠릭스 듀브론트,Felix Antonio Doubront,467094,MLB,2012,American League,Boston Red Sox,0,29,29,161.0,4.86,167,71,24,5
펠릭스 듀브론트,Felix Antonio Doubront,467094,MLB,2013,American League,Boston Red Sox,1,29,27,162.1,4.32,139,71,13,5
펠릭스 듀브론트,Felix Antonio Doubront,467094,MLB,2013,American League,Boston Red Sox,0,29,27,162.1,4.32,139,71,13,5
펠릭스 듀브론트,Felix Antonio Doubront,467094,MLB,2014,American League,Boston Red Sox,1,17,10,59.1,6.07,43,26,10,2
펠릭스 듀브론트,Felix Antonio Doubront,467094,MLB,2014,National League,Chicago Cubs,1,4,4,20.1,3.98,8,7,2,0
펠릭스 듀브론트,Felix Antonio Doubront,467094,MLB,2014,American League / National League,Boston Red Sox / Chicago Cubs,0,21,14,79.2,5.54,51,33,12,2
펠릭스 듀브론트,Felix Antonio Doubront,467094,MLB,2015,American League,Toronto Blue Jays,1,5,4,22.2,4.76,13,5,1,1
펠릭스 듀브론트,Felix Antonio Doubront,467094,MLB,2015,American League,Oakland Athletics,1,11,8,52.2,5.81,43,21,9,0
펠릭스 듀브론트,Felix Antonio Doubront,467094,MLB,2015,American League,Toronto Blue Jays / Oakland Athletics,0,16,12,75.1,5.50,56,26,10,1
펠릭스 듀브론트,Felix Antonio Doubront,467094,AAA,2010,International League,Pawtucket Red Sox,1,9,8,37.0,3.16,34,16,1,4
펠릭스 듀브론트,Felix Antonio Doubront,467094,AAA,2010,International League,Pawtucket Red Sox,0,9,8,37.0,3.16,34,16,1,4
펠릭스 듀브론트,Felix Antonio Doubront,467094,AAA,2011,International League,Pawtucket Red Sox,1,18,16,70.1,4.22,61,26,10,2
펠릭스 듀브론트,Felix Antonio Doubront,467094,AAA,2011,International League,Pawtucket Red Sox,0,18,16,70.1,4.22,61,26,10,2
펠릭스 듀브론트,Felix Antonio Doubront,467094,AAA,2014,International League,Pawtucket Red Sox,1,2,2,9.2,1.86,13,5,0,0
펠릭스 듀브론트,Felix Antonio Doubront,467094,AAA,2014,Pacific Coast League,Iowa Cubs,1,2,2,10.0,5.40,11,3,0,1
펠릭스 듀브론트,Felix Antonio Doubront,467094,AAA,2014,International League / Pacific Coast League,Pawtucket Red Sox / Iowa Cubs,0,4,4,19.2,3.66,24,8,0,1
펠릭스 듀브론트,Felix Antonio Doubront,467094,AAA,2015,International League,Buffalo Bisons,1,9,9,48.0,2.44,43,18,1,0
펠릭스 듀브론트,Felix Antonio Doubront,467094,AAA,2015,International League,Buffalo Bisons,0,9,9,48.0,2.44,43,18,1,0
펠릭스 듀브론트,Felix Antonio Doubront,467094,AAA,2017,Pacific Coast League,Nashville Sounds,1,29,2,42.0,3.86,50,19,5,2
펠릭스 듀브론트,Felix Antonio Doubront,467094,AAA,2017,Pacific Coast League,Nashville Sounds,0,29,2,42.0,3.86,50,19,5,2
키버스 샘슨,Keyvius Sampson,572102,MLB,2015,National League,Cincinnati Reds,1,13,12,52.1,6.54,42,26,7,0
키버스 샘슨,Keyvius Sampson,572102,MLB,2015,National League,Cincinnati Reds,0,13,12,52.1,6.54,42,26,7,0
키버스 샘슨,Keyvius Sampson,572102,MLB,2016,National League,Cincinnati Reds,1,18,2,39.1,4.35,42,27,9,2
키버스 샘슨,Keyvius Sampson,572102,MLB,2016,National League,Cincinnati Reds,0,18,2,39.1,4.35,42,27,9,2
키버스 샘슨,Keyvius Sampson,572102,AAA,2013,Pacific Coast League,Tucson Padres,1,9,9,38.0,7.11,25,29,5,1
키버스 샘슨,Keyvius Sampson,572102,AAA,2013,Pacific Coast League,Tucson Padres,0,9,9,38.0,7.11,25,29,5,1
키버스 샘슨,Keyvius Sampson,572102,AAA,2014,Pacific Coast League,El Paso Chihuahuas,1,38,14,91.2,6.68,94,68,19,3
키버스 샘슨,Keyvius Sampson,572102,AAA,2014,Pacific Coast League,El Paso Chihuahuas,0,38,14,91.2,6.68,94,68,19,3
키버스 샘슨,Keyvius Sampson,572102,AAA,2015,International League,Louisville Bats,1,8,7,39.0,5.08,33,22,1,2
키버스 샘슨,Keyvius Sampson,572102,AAA,2015,International League,Louisville Bats,0,8,7,39.0,5.08,33,22,1,2
키버스 샘슨,Keyvius Sampson,572102,AAA,2016,International League,Louisville Bats,1,18,9,62.1,1.88,62,21,3,1
키버스 샘슨,Keyvius Sampson,572102,AAA,2016,International League,Louisville Bats,0,18,9,62.1,1.88,62,21,3,1
키버스 샘슨,Keyvius Sampson,572102,AAA,2017,Pacific Coast League,Reno Aces,1,12,9,42.2,6.75,46,30,5,0
키버스 샘슨,Keyvius Sampson,572102,AAA,2017,Pacific Coast League,New Orleans Baby Cakes,1,14,6,36.1,4.95,38,30,4,3
키버스 샘슨,Keyvius Sampson,572102,AAA,2017,Pacific Coast League,Reno Aces / New Orleans Baby Cakes,0,26,15,79.0,5.92,84,60,9,3
제이슨 휠러,Jason Wheeler,605528,MLB,2017,American League,Minnesota Twins,1,2,0,3.0,9.00,0,4,1,0
제이슨 휠러,Jason Wheeler,605528,MLB,2017,American League,Minnesota Twins,0,2,0,3.0,9.00,0,4,1,0
제이슨 휠러,Jason Wheeler,605528,AAA,2014,International League,Rochester Red Wings,1,1,1,5.0,3.60,3,2,0,0
제이슨 휠러,Jason Wheeler,605528,AAA,2014,International League,Rochester Red Wings,0,1,1,5.0,3.60,3,2,0,0
제이슨 휠러,Jason Wheeler,605528,AAA,2015,International League,Rochester Red Wings,1,15,15,78.0,6.58,40,24,11,5
제이슨 휠러,Jason Wheeler,605528,AAA,2015,International League,Rochester Red Wings,0,15,15,78.0,6.58,40,24,11,5
제이슨 휠러,Jason Wheeler,605528,AAA,2016,International League,Rochester Red Wings,1,24,24,145.1,3.53,113,37,13,3
제이슨 휠러,Jason Wheeler,605528,AAA,2016,International League,Rochester Red Wings,0,24,24,145.1,3.53,113,37,13,3
제이슨 휠러,Jason Wheeler,605528,AAA,2017,International League,Rochester Red Wings,1,8,7,44.0,4.50,37,10,5,0
제이슨 휠러,Jason Wheeler,605528,AAA,2017,Pacific Coast League,Oklahoma City Dodgers,1,3,1,8.2,10.38,3,2,1,0
제이슨 휠러,Jason Wheeler,605528,AAA,2017,International League,Norfolk Tides,1,13,6,41.0,3.07,33,11,5,2
제이슨 휠러,Jason Wheeler,605528,AAA,2017,International League / Pacific Coast League,Rochester Red Wings / Oklahoma City Dodgers / Norfolk Tides,0,24,14,93.2,4.42,73,23,11,2
데이비드 헤일,David E. Hale,571735,MLB,2013,National League,Atlanta Braves,1,2,2,11.0,0.82,14,1,0,0
데이비드 헤일,David E. Hale,571735,MLB,2013,National League,Atlanta Braves,0,2,2,11.0,0.82,14,1,0,0
데이비드 헤일,David E. Hale,571735,MLB,2014,National League,Atlanta Braves,1,45,6,87.1,3.30,44,39,5,3
데이비드 헤일,David E. Hale,571735,MLB,2014,National League,Atlanta Braves,0,45,6,87.1,3.30,44,39,5,3
데이비드 헤일,David E. Hale,571735,MLB,2015,National League,Colorado Rockies,1,17,12,78.1,6.09,61,20,14,2
데이비드 헤일,David E. Hale,571735,MLB,2015,National League,Colorado Rockies,0,17,12,78.1,6.09,61,20,14,2
데이비드 헤일,David E. Hale,571735,MLB,2016,National League,Colorado Rockies,1,2,0,2.0,13.50,1,2,1,0
데이비드 헤일,David E. Hale,571735,MLB,2016,National League,Colorado Rockies,0,2,0,2.0,13.50,1,2,1,0
데이비드 헤일,David E. Hale,571735,AAA,2013,International League,Gwinnett Braves,1,22,20,114.2,3.22,77,36,8,7
데이비드 헤일,David E. Hale,571735,AAA,2013,International League,Gwinnett Braves,0,22,20,114.2,3.22,77,36,8,7
데이비드 헤일,David E. Hale,571735,AAA,2015,Pacific Coast League,Albuquerque Isotopes,1,11,11,50.0,6.66,37,21,4,2
데이비드 헤일,David E. Hale,571735,AAA,2015,Pacific Coast League,Albuquerque Isotopes,0,11,11,50.0,6.66,37,21,4,2
데이비드 헤일,David E. Hale,571735,AAA,2016,Pacific Coast League,Albuquerque Isotopes,1,2,2,6.0,1.50,7,2,0,0
데이비드 헤일,David E. Hale,571735,AAA,2016,International League,Norfolk Tides,1,20,20,94.0,5.84,56,23,10,2
데이비드 헤일,David E. Hale,571735,AAA,2016,International League / Pacific Coast League,Albuquerque Isotopes / Norfolk Tides,0,22,22,100.0,5.58,63,25,10,2
데이비드 헤일,David E. Hale,571735,AAA,2017,Pacific Coast League,Oklahoma City Dodgers,1,9,9,52.2,4.27,39,7,4,1
데이비드 헤일,David E. Hale,571735,AAA,2017,Pacific Coast League,Oklahoma City Dodgers,0,9,9,52.2,4.27,39,7,4,1
로건 베렛,Scott Logan Verrett,548337,MLB,2015,American League,Texas Rangers,1,4,0,9.0,6.00,3,4,1,0
로건 베렛,Scott Logan Verrett,548337,MLB,2015,National League,New York Mets,1,14,4,38.2,3.03,36,11,5,2
로건 베렛,Scott Logan Verrett,548337,MLB,2015,American League / National League,Texas Rangers / New York Mets,0,18,4,47.2,3.59,39,15,6,2
로건 베렛,Scott Logan Verrett,548337,MLB,2016,National League,New York Mets,1,35,12,91.2,5.20,66,43,16,4
로건 베렛,Scott Logan Verrett,548337,MLB,2016,National League,New York Mets,0,35,12,91.2,5.20,66,43,16,4
로건 베렛,Scott Logan Verrett,548337,MLB,2017,American League,Baltimore Orioles,1,4,0,10.2,4.22,9,3,3,2
로건 베렛,Scott Logan Verrett,548337,MLB,2017,American League,Baltimore Orioles,0,4,0,10.2,4.22,9,3,3,2
로건 베렛,Scott Logan Verrett,548337,AAA,2014,Pacific Coast League,Las Vegas 51s,1,28,28,162.0,4.33,119,34,17,7
로건 베렛,Scott Logan Verrett,548337,AAA,2014,Pacific Coast League,Las Vegas 51s,0,28,28,162.0,4.33,119,34,17,7
로건 베렛,Scott Logan Verrett,548337,AAA,2015,Pacific Coast League,Las Vegas 51s,1,18,11,64.2,4.59,53,19,6,1
로건 베렛,Scott Logan Verrett,548337,AAA,2015,Pacific Coast League,Las Vegas 51s,0,18,11,64.2,4.59,53,19,6,1
로건 베렛,Scott Logan Verrett,548337,AAA,2016,Pacific Coast League,Las Vegas 51s,1,2,2,12.0,1.50,5,8,1,0
로건 베렛,Scott Logan Verrett,548337,AAA,2016,Pacific Coast League,Las Vegas 51s,0,2,2,12.0,1.50,5,8,1,0
로건 베렛,Scott Logan Verrett,548337,AAA,2017,International League,Norfolk Tides,1,40,2,60.0,5.10,49,22,9,4
로건 베렛,Scott Logan Verrett,548337,AAA,2017,International League,Norfolk Tides,0,40,2,60.0,5.10,49,22,9,4
왕웨이중,Wei-Chung Wang,623913,MLB,2014,National League,Milwaukee Brewers,1,14,0,17.1,10.90,13,8,6,1
왕웨이중,Wei-Chung Wang,623913,MLB,2014,National League,Milwaukee Brewers,0,14,0,17.1,10.90,13,8,6,1
왕웨이중,Wei-Chung Wang,623913,MLB,2017,National League,Milwaukee Brewers,1,8,0,1.1,13.50,2,0,1,0
왕웨이중,Wei-Chung Wang,623913,MLB,2017,National League,Milwaukee Brewers,0,8,0,1.1,13.50,2,0,1,0
왕웨이중,Wei-Chung Wang,623913,AAA,2015,Pacific Coast League,Colorado Springs Sky Sox,1,1,1,6.0,0.00,5,0,0,0
왕웨이중,Wei-Chung Wang,623913,AAA,2015,Pacific Coast League,Colorado Springs Sky Sox,0,1,1,6.0,0.00,5,0,0,0
왕웨이중,Wei-Chung Wang,623913,AAA,2016,Pacific Coast League,Colorado Springs Sky Sox,1,5,5,26.0,4.85,23,2,2,0
왕웨이중,Wei-Chung Wang,623913,AAA,2016,Pacific Coast League,Colorado Springs Sky Sox,0,5,5,26.0,4.85,23,2,2,0
왕웨이중,Wei-Chung Wang,623913,AAA,2017,Pacific Coast League,Colorado Springs Sky Sox,1,47,0,57.0,2.05,48,12,6,0
왕웨이중,Wei-Chung Wang,623913,AAA,2017,Pacific Coast League,Colorado Springs Sky Sox,0,47,0,57.0,2.05,48,12,6,0
앙헬 산체스,Angel Luis Sanchez,605795,MLB,2017,National League,Pittsburgh Pirates,1,8,0,12.1,8.76,10,1,5,0
앙헬 산체스,Angel Luis Sanchez,605795,MLB,2017,National League,Pittsburgh Pirates,0,8,0,12.1,8.76,10,1,5,0
앙헬 산체스,Angel Luis Sanchez,605795,AAA,2015,International League,Indianapolis Indians,1,10,10,60.0,2.55,50,15,6,3
앙헬 산체스,Angel Luis Sanchez,605795,AAA,2015,International League,Indianapolis Indians,0,10,10,60.0,2.55,50,15,6,3
앙헬 산체스,Angel Luis Sanchez,605795,AAA,2017,International League,Indianapolis Indians,1,39,0,55.1,3.74,65,15,4,1
앙헬 산체스,Angel Luis Sanchez,605795,AAA,2017,International League,Indianapolis Indians,0,39,0,55.1,3.74,65,15,4,1
덱 맥과이어,William Deck McGuire,592547,MLB,2017,National League,Cincinnati Reds,1,6,2,13.2,2.63,11,2,1,1
덱 맥과이어,William Deck McGuire,592547,MLB,2017,National League,Cincinnati Reds,0,6,2,13.2,2.63,11,2,1,1
덱 맥과이어,William Deck McGuire,592547,MLB,2018,American League,Toronto Blue Jays,1,4,0,8.1,6.48,7,5,2,0
덱 맥과이어,William Deck McGuire,592547,MLB,2018,American League,Los Angeles Angels,1,17,4,29.2,6.07,26,21,7,5
덱 맥과이어,William Deck McGuire,592547,MLB,2018,American League,Toronto Blue Jays / Los Angeles Angels,0,21,4,38.0,6.16,33,26,9,5
덱 맥과이어,William Deck McGuire,592547,AAA,2014,International League,Buffalo Bisons,1,10,10,55.0,5.56,38,23,12,1
덱 맥과이어,William Deck McGuire,592547,AAA,2014,Pacific Coast League,Sacramento River Cats,1,7,6,34.2,8.05,16,16,5,0
덱 맥과이어,William Deck McGuire,592547,AAA,2014,International League / Pacific Coast League,Buffalo Bisons / Sacramento River Cats,0,17,16,89.2,6.52,54,39,17,1
덱 맥과이어,William Deck McGuire,592547,AAA,2015,Pacific Coast League,Oklahoma City Dodgers,1,12,9,65.2,3.84,53,17,6,3
덱 맥과이어,William Deck McGuire,592547,AAA,2015,Pacific Coast League,Oklahoma City Dodgers,0,12,9,65.2,3.84,53,17,6,3
덱 맥과이어,William Deck McGuire,592547,AAA,2016,Pacific Coast League,Memphis Redbirds,1,26,26,134.0,5.10,111,50,22,5
덱 맥과이어,William Deck McGuire,592547,AAA,2016,Pacific Coast League,Memphis Redbirds,0,26,26,134.0,5.10,111,50,22,5
덱 맥과이어,William Deck McGuire,592547,AAA,2018,International League,Buffalo Bisons,1,8,8,44.2,3.22,40,19,3,2
덱 맥과이어,William Deck McGuire,592547,AAA,2018,Pacific Coast League,Round Rock Express,1,1,0,1.2,27.00,0,4,1,0
덱 맥과이어,William Deck McGuire,592547,AAA,2018,Pacific Coast League,Salt Lake Bees,1,6,3,11.0,4.91,10,5,2,1
덱 맥과이어,William Deck McGuire,592547,AAA,2018,International League / Pacific Coast League,Buffalo Bisons / Round Rock Express / Salt Lake Bees,0,15,11,57.1,4.24,50,28,6,3
저스틴 헤일리,Justin Case Haley,595234,MLB,2017,American League,Minnesota Twins,1,10,0,18.0,6.00,14,6,3,1
저스틴 헤일리,Justin Case Haley,595234,MLB,2017,American League,Minnesota Twins,0,10,0,18.0,6.00,14,6,3,1
저스틴 헤일리,Justin Case Haley,595234,MLB,2018,American League,Boston Red Sox,1,4,0,7.2,4.70,0,3,2,0
저스틴 헤일리,Justin Case Haley,595234,MLB,2018,American League,Boston Red Sox,0,4,0,7.2,4.70,0,3,2,0
저스틴 헤일리,Justin Case Haley,595234,AAA,2016,International League,Pawtucket Red Sox,1,15,14,85.1,3.59,67,26,8,2
저스틴 헤일리,Justin Case Haley,595234,AAA,2016,International League,Pawtucket Red Sox,0,15,14,85.1,3.59,67,26,8,2
저스틴 헤일리,Justin Case Haley,595234,AAA,2017,International League,Rochester Red Wings,1,5,4,17.1,3.63,11,3,3,0
저스틴 헤일리,Justin Case Haley,595234,AAA,2017,International League,Pawtucket Red Sox,1,7,7,44.0,2.66,35,7,7,1
저스틴 헤일리,Justin Case Haley,595234,AAA,2017,International League,Rochester Red Wings / Pawtucket Red Sox,0,12,11,61.1,2.93,46,10,10,1
저스틴 헤일리,Justin Case Haley,595234,AAA,2018,International League,Pawtucket Red Sox,1,22,22,113.2,3.80,107,33,10,3
저스틴 헤일리,Justin Case Haley,595234,AAA,2018,International League,Pawtucket Red Sox,0,22,22,113.2,3.80,107,33,10,3
벤 라이블리,Bennett Lively,594902,MLB,2017,National League,Philadelphia Phillies,1,15,15,88.2,4.26,52,24,13,8
벤 라이블리,Bennett Lively,594902,MLB,2017,National League,Philadelphia Phillies,0,15,15,88.2,4.26,52,24,13,8
벤 라이블리,Bennett Lively,594902,MLB,2018,National League,Philadelphia Phillies,1,5,5,23.2,6.85,22,10,4,3
벤 라이블리,Bennett Lively,594902,MLB,2018,American League,Kansas City Royals,1,5,0,6.2,1.35,5,5,0,0
벤 라이블리,Bennett Lively,594902,MLB,2018,American League / National League,Philadelphia Phillies / Kansas City Royals,0,10,5,30.1,5.64,27,15,4,3
벤 라이블리,Bennett Lively,594902,AAA,2016,International League,Lehigh Valley IronPigs,1,19,19,117.2,3.06,90,27,10,3
벤 라이블리,Bennett Lively,594902,AAA,2016,International League,Lehigh Valley IronPigs,0,19,19,117.2,3.06,90,27,10,3
벤 라이블리,Bennett Lively,594902,AAA,2017,International League,Lehigh Valley IronPigs,1,16,16,97.0,3.15,82,22,3,4
벤 라이블리,Bennett Lively,594902,AAA,2017,International League,Lehigh Valley IronPigs,0,16,16,97.0,3.15,82,22,3,4
벤 라이블리,Bennett Lively,594902,AAA,2018,International League,Lehigh Valley IronPigs,1,11,8,52.0,2.42,47,15,3,1
벤 라이블리,Bennett Lively,594902,AAA,2018,International League,Lehigh Valley IronPigs,0,11,8,52.0,2.42,47,15,3,1
케이시 켈리,Casey Patrick Kelly,543391,MLB,2012,National League,San Diego Padres,1,6,6,29.0,6.21,26,10,5,2
케이시 켈리,Casey Patrick Kelly,543391,MLB,2012,National League,San Diego Padres,0,6,6,29.0,6.21,26,10,5,2
케이시 켈리,Casey Patrick Kelly,543391,MLB,2015,National League,San Diego Padres,1,3,2,11.1,7.94,7,3,1,1
케이시 켈리,Casey Patrick Kelly,543391,MLB,2015,National League,San Diego Padres,0,3,2,11.1,7.94,7,3,1,1
케이시 켈리,Casey Patrick Kelly,543391,MLB,2016,National League,Atlanta Braves,1,10,1,21.2,5.82,7,7,1,2
케이시 켈리,Casey Patrick Kelly,543391,MLB,2016,National League,Atlanta Braves,0,10,1,21.2,5.82,7,7,1,2
케이시 켈리,Casey Patrick Kelly,543391,MLB,2018,National League,San Francisco Giants,1,7,3,23.2,3.04,16,5,3,1
케이시 켈리,Casey Patrick Kelly,543391,MLB,2018,National League,San Francisco Giants,0,7,3,23.2,3.04,16,5,3,1
케이시 켈리,Casey Patrick Kelly,543391,AAA,2012,Pacific Coast League,Tucson Padres,1,2,2,12.0,2.25,14,0,0,1
케이시 켈리,Casey Patrick Kelly,543391,AAA,2012,Pacific Coast League,Tucson Padres,0,2,2,12.0,2.25,14,0,0,1
케이시 켈리,Casey Patrick Kelly,543391,AAA,2015,Pacific Coast League,El Paso Chihuahuas,1,4,3,15.2,6.32,14,5,0,2
케이시 켈리,Casey Patrick Kelly,543391,AAA,2015,Pacific Coast League,El Paso Chihuahuas,0,4,3,15.2,6.32,14,5,0,2
케이시 켈리,Casey Patrick Kelly,543391,AAA,2016,International League,Gwinnett Braves,1,15,12,74.0,3.53,47,28,6,3
케이시 켈리,Casey Patrick Kelly,543391,AAA,2016,International League,Gwinnett Braves,0,15,12,74.0,3.53,47,28,6,3
케이시 켈리,Casey Patrick Kelly,543391,AAA,2017,Pacific Coast League,Iowa Cubs,1,12,11,60.0,4.65,43,23,9,4
케이시 켈리,Casey Patrick Kelly,543391,AAA,2017,Pacific Coast League,Sacramento River Cats,1,7,7,41.0,4.17,39,15,7,1
케이시 켈리,Casey Patrick Kelly,543391,AAA,2017,Pacific Coast League,Iowa Cubs / Sacramento River Cats,0,19,18,101.0,4.46,82,38,16,5
케이시 켈리,Casey Patrick Kelly,543391,AAA,2018,Pacific Coast League,Sacramento River Cats,1,24,24,136.0,4.76,111,38,19,4
케이시 켈리,Casey Patrick Kelly,543391,AAA,2018,Pacific Coast League,Sacramento River Cats,0,24,24,136.0,4.76,111,38,19,4
조 윌랜드,Joseph Andrew Wieland,543921,MLB,2012,National League,San Diego Padres,1,5,5,27.2,4.55,24,9,5,1
조 윌랜드,Joseph Andrew Wieland,543921,MLB,2012,National League,San Diego Padres,0,5,5,27.2,4.55,24,9,5,1
조 윌랜드,Joseph Andrew Wieland,543921,MLB,2014,National League,San Diego Padres,1,4,2,11.1,7.15,8,5,3,0
조 윌랜드,Joseph Andrew Wieland,543921,MLB,2014,National League,San Diego Padres,0,4,2,11.1,7.15,8,5,3,0
조 윌랜드,Joseph Andrew Wieland,543921,MLB,2015,National League,Los Angeles Dodgers,1,2,2,8.2,8.31,4,5,2,0
조 윌랜드,Joseph Andrew Wieland,543921,MLB,2015,National League,Los Angeles Dodgers,0,2,2,8.2,8.31,4,5,2,0
조 윌랜드,Joseph Andrew Wieland,543921,MLB,2016,American League,Seattle Mariners,1,1,1,5.0,10.80,3,0,1,0
조 윌랜드,Joseph Andrew Wieland,543921,MLB,2016,American League,Seattle Mariners,0,1,1,5.0,10.80,3,0,1,0
조 윌랜드,Joseph Andrew Wieland,543921,AAA,2012,Pacific Coast League,Tucson Padres,1,2,2,7.2,3.52,11,2,0,0
조 윌랜드,Joseph Andrew Wieland,543921,AAA,2012,Pacific Coast League,Tucson Padres,0,2,2,7.2,3.52,11,2,0,0
조 윌랜드,Joseph Andrew Wieland,543921,AAA,2014,Pacific Coast League,El Paso Chihuahuas,1,4,4,23.2,3.42,20,4,1,0
조 윌랜드,Joseph Andrew Wieland,543921,AAA,2014,Pacific Coast League,El Paso Chihuahuas,0,4,4,23.2,3.42,20,4,1,0
조 윌랜드,Joseph Andrew Wieland,543921,AAA,2015,Pacific Coast League,Oklahoma City Dodgers,1,22,21,113.2,4.59,92,25,7,3
조 윌랜드,Joseph Andrew Wieland,543921,AAA,2015,Pacific Coast League,Oklahoma City Dodgers,0,22,21,113.2,4.59,92,25,7,3
조 윌랜드,Joseph Andrew Wieland,543921,AAA,2016,Pacific Coast League,Tacoma Rainiers,1,26,24,124.1,5.43,118,39,15,5
조 윌랜드,Joseph Andrew Wieland,543921,AAA,2016,Pacific Coast League,Tacoma Rainiers,0,26,24,124.1,5.43,118,39,15,5
제이크 톰슨,Jake Thompson,622097,MLB,2016,National League,Philadelphia Phillies,1,10,10,53.2,5.70,32,28,10,4
제이크 톰슨,Jake Thompson,622097,MLB,2016,National League,Philadelphia Phillies,0,10,10,53.2,5.70,32,28,10,4
제이크 톰슨,Jake Thompson,622097,MLB,2017,National League,Philadelphia Phillies,1,11,8,46.1,3.88,35,22,9,5
제이크 톰슨,Jake Thompson,622097,MLB,2017,National League,Philadelphia Phillies,0,11,8,46.1,3.88,35,22,9,5
제이크 톰슨,Jake Thompson,622097,MLB,2018,National League,Philadelphia Phillies,1,9,0,16.1,4.96,14,11,1,0
제이크 톰슨,Jake Thompson,622097,MLB,2018,National League,Philadelphia Phillies,0,9,0,16.1,4.96,14,11,1,0
제이크 톰슨,Jake Thompson,622097,AAA,2016,International League,Lehigh Valley IronPigs,1,21,21,129.2,2.50,87,37,10,6
제이크 톰슨,Jake Thompson,622097,AAA,2016,International League,Lehigh Valley IronPigs,0,21,21,129.2,2.50,87,37,10,6
제이크 톰슨,Jake Thompson,622097,AAA,2017,International League,Lehigh Valley IronPigs,1,22,22,118.1,5.25,90,47,12,3
제이크 톰슨,Jake Thompson,622097,AAA,2017,International League,Lehigh Valley IronPigs,0,22,22,118.1,5.25,90,47,12,3
제이크 톰슨,Jake Thompson,622097,AAA,2018,International League,Lehigh Valley IronPigs,1,28,4,47.0,4.60,49,26,5,2
제이크 톰슨,Jake Thompson,622097,AAA,2018,Pacific Coast League,Colorado Springs Sky Sox,1,5,0,5.1,1.69,6,3,0,1
제이크 톰슨,Jake Thompson,622097,AAA,2018,International League / Pacific Coast League,Lehigh Valley IronPigs / Colorado Springs Sky Sox,0,33,4,52.1,4.30,55,29,5,3
브록 다익손,Brock D. Dykxhoorn,621245,AAA,2018,Pacific Coast League,Fresno Grizzlies,1,14,12,74.1,4.60,79,16,8,2
브록 다익손,Brock D. Dykxhoorn,621245,AAA,2018,Pacific Coast League,Fresno Grizzlies,0,14,12,74.1,4.60,79,16,8,2
워릭 서폴드,Warwick Anthony Saupold,599683,MLB,2016,American League,Detroit Tigers,1,6,0,9.2,7.45,10,3,0,1
워릭 서폴드,Warwick Anthony Saupold,599683,MLB,2016,American League,Detroit Tigers,0,6,0,9.2,7.45,10,3,0,1
워릭 서폴드,Warwick Anthony Saupold,599683,MLB,2017,American League,Detroit Tigers,1,45,0,62.2,4.88,44,31,9,6
워릭 서폴드,Warwick Anthony Saupold,599683,MLB,2017,American League,Detroit Tigers,0,45,0,62.2,4.88,44,31,9,6
워릭 서폴드,Warwick Anthony Saupold,599683,MLB,2018,American League,Detroit Tigers,1,31,0,34.1,4.46,16,13,6,2
워릭 서폴드,Warwick Anthony Saupold,599683,MLB,2018,American League,Detroit Tigers,0,31,0,34.1,4.46,16,13,6,2
워릭 서폴드,Warwick Anthony Saupold,599683,AAA,2015,International League,Toledo Mud Hens,1,6,3,20.1,4.43,23,6,1,1
워릭 서폴드,Warwick Anthony Saupold,599683,AAA,2015,International League,Toledo Mud Hens,0,6,3,20.1,4.43,23,6,1,1
워릭 서폴드,Warwick Anthony Saupold,599683,AAA,2016,International League,Toledo Mud Hens,1,18,11,74.1,2.30,50,22,3,2
워릭 서폴드,Warwick Anthony Saupold,599683,AAA,2016,International League,Toledo Mud Hens,0,18,11,74.1,2.30,50,22,3,2
워릭 서폴드,Warwick Anthony Saupold,599683,AAA,2017,International League,Toledo Mud Hens,1,7,7,40.1,2.90,33,17,2,1
워릭 서폴드,Warwick Anthony Saupold,599683,AAA,2017,International League,Toledo Mud Hens,0,7,7,40.1,2.90,33,17,2,1
워릭 서폴드,Warwick Anthony Saupold,599683,AAA,2018,International League,Toledo Mud Hens,1,15,8,53.1,4.89,43,17,6,4
워릭 서폴드,Warwick Anthony Saupold,599683,AAA,2018,International League,Toledo Mud Hens,0,15,8,53.1,4.89,43,17,6,4
채드 벨,Chadwick Micah Bell,518445,MLB,2017,American League,Detroit Tigers,1,28,4,62.1,6.93,57,31,12,3
채드 벨,Chadwick Micah Bell,518445,MLB,2017,American League,Detroit Tigers,0,28,4,62.1,6.93,57,31,12,3
채드 벨,Chadwick Micah Bell,518445,MLB,2018,American League,Detroit Tigers,1,3,0,7.1,8.59,7,2,1,0
채드 벨,Chadwick Micah Bell,518445,MLB,2018,American League,Detroit Tigers,0,3,0,7.1,8.59,7,2,1,0
채드 벨,Chadwick Micah Bell,518445,AAA,2012,Pacific Coast League,Round Rock Express,1,14,14,80.1,4.15,58,37,5,3
채드 벨,Chadwick Micah Bell,518445,AAA,2012,Pacific Coast League,Round Rock Express,0,14,14,80.1,4.15,58,37,5,3
채드 벨,Chadwick Micah Bell,518445,AAA,2014,Pacific Coast League,Round Rock Express,1,1,0,0.1,135.00,0,1,0,0
채드 벨,Chadwick Micah Bell,518445,AAA,2014,Pacific Coast League,Round Rock Express,0,1,0,0.1,135.00,0,1,0,0
채드 벨,Chadwick Micah Bell,518445,AAA,2016,Pacific Coast League,Round Rock Express,1,5,2,18.0,1.50,19,5,0,0
채드 벨,Chadwick Micah Bell,518445,AAA,2016,International League,Toledo Mud Hens,1,28,10,80.1,3.70,69,38,4,1
채드 벨,Chadwick Micah Bell,518445,AAA,2016,International League / Pacific Coast League,Round Rock Express / Toledo Mud Hens,0,33,12,98.1,3.29,88,43,4,1
채드 벨,Chadwick Micah Bell,518445,AAA,2017,International League,Toledo Mud Hens,1,7,7,34.1,3.41,31,10,3,1
채드 벨,Chadwick Micah Bell,518445,AAA,2017,International League,Toledo Mud Hens,0,7,7,34.1,3.41,31,10,3,1
채드 벨,Chadwick Micah Bell,518445,AAA,2018,International League,Toledo Mud Hens,1,4,3,10.1,4.35,7,4,3,0
채드 벨,Chadwick Micah Bell,518445,AAA,2018,International League,Gwinnett Stripers,1,28,1,46.1,6.22,48,14,5,1
채드 벨,Chadwick Micah Bell,518445,AAA,2018,International League,Toledo Mud Hens / Gwinnett Stripers,0,32,4,56.2,5.88,55,18,8,1
드류 루친스키,Andrew James Rucinski,607968,MLB,2014,American League,Los Angeles Angels,1,3,0,7.1,4.91,8,2,0,1
드류 루친스키,Andrew James Rucinski,607968,MLB,2014,American League,Los Angeles Angels,0,3,0,7.1,4.91,8,2,0,1
드류 루친스키,Andrew James Rucinski,607968,MLB,2015,American League,Los Angeles Angels,1,4,1,7.0,7.71,4,6,1,1
드류 루친스키,Andrew James Rucinski,607968,MLB,2015,American League,Los Angeles Angels,0,4,1,7.0,7.71,4,6,1,1
드류 루친스키,Andrew James Rucinski,607968,MLB,2017,American League,Minnesota Twins,1,2,0,4.1,10.38,5,2,2,0
드류 루친스키,Andrew James Rucinski,607968,MLB,2017,American League,Minnesota Twins,0,2,0,4.1,10.38,5,2,2,0
드류 루친스키,Andrew James Rucinski,607968,MLB,2018,National League,Miami Marlins,1,32,0,35.1,4.33,27,13,2,4
드류 루친스키,Andrew James Rucinski,607968,MLB,2018,National League,Miami Marlins,0,32,0,35.1,4.33,27,13,2,4
드류 루친스키,Andrew James Rucinski,607968,AAA,2015,Pacific Coast League,Salt Lake Bees,1,22,22,112.1,5.69,87,44,21,5
드류 루친스키,Andrew James Rucinski,607968,AAA,2015,Pacific Coast League,Salt Lake Bees,0,22,22,112.1,5.69,87,44,21,5
드류 루친스키,Andrew James Rucinski,607968,AAA,2016,Pacific Coast League,Iowa Cubs,1,28,28,155.0,5.92,116,43,16,5
드류 루친스키,Andrew James Rucinski,607968,AAA,2016,Pacific Coast League,Iowa Cubs,0,28,28,155.0,5.92,116,43,16,5
드류 루친스키,Andrew James Rucinski,607968,AAA,2017,International League,Rochester Red Wings,1,37,2,63.0,2.57,57,10,3,1
드류 루친스키,Andrew James Rucinski,607968,AAA,2017,International League,Rochester Red Wings,0,37,2,63.0,2.57,57,10,3,1
드류 루친스키,Andrew James Rucinski,607968,AAA,2018,Pacific Coast League,New Orleans Baby Cakes,1,14,0,25.0,2.52,21,6,0,1
드류 루친스키,Andrew James Rucinski,607968,AAA,2018,Pacific Coast League,New Orleans Baby Cakes,0,14,0,25.0,2.52,21,6,0,1
에디 버틀러,Timothy Edward Butler,572750,MLB,2014,National League,Colorado Rockies,1,3,3,16.0,6.75,3,7,2,0
에디 버틀러,Timothy Edward Butler,572750,MLB,2014,National League,Colorado Rockies,0,3,3,16.0,6.75,3,7,2,0
에디 버틀러,Timothy Edward Butler,572750,MLB,2015,National League,Colorado Rockies,1,16,16,79.1,5.90,44,42,13,4
에디 버틀러,Timothy Edward Butler,572750,MLB,2015,National League,Colorado Rockies,0,16,16,79.1,5.90,44,42,13,4
에디 버틀러,Timothy Edward Butler,572750,MLB,2016,National League,Colorado Rockies,1,17,9,64.0,7.17,47,21,13,3
에디 버틀러,Timothy Edward Butler,572750,MLB,2016,National League,Colorado Rockies,0,17,9,64.0,7.17,47,21,13,3
에디 버틀러,Timothy Edward Butler,572750,MLB,2017,National League,Chicago Cubs,1,13,11,54.2,3.95,30,28,4,2
에디 버틀러,Timothy Edward Butler,572750,MLB,2017,National League,Chicago Cubs,0,13,11,54.2,3.95,30,28,4,2
에디 버틀러,Timothy Edward Butler,572750,MLB,2018,National League,Chicago Cubs,1,8,0,17.2,4.08,11,7,1,0
에디 버틀러,Timothy Edward Butler,572750,MLB,2018,American League,Texas Rangers,1,22,0,32.0,6.47,18,12,10,2
에디 버틀러,Timothy Edward Butler,572750,MLB,2018,American League / National League,Chicago Cubs / Texas Rangers,0,30,0,49.2,5.62,29,19,11,2
에디 버틀러,Timothy Edward Butler,572750,AAA,2014,Pacific Coast League,Colorado Springs Sky Sox,1,1,1,5.1,10.13,4,3,0,0
에디 버틀러,Timothy Edward Butler,572750,AAA,2014,Pacific Coast League,Colorado Springs Sky Sox,0,1,1,5.1,10.13,4,3,0,0
에디 버틀러,Timothy Edward Butler,572750,AAA,2015,Pacific Coast League,Albuquerque Isotopes,1,11,11,63.1,5.40,37,25,6,3
에디 버틀러,Timothy Edward Butler,572750,AAA,2015,Pacific Coast League,Albuquerque Isotopes,0,11,11,63.1,5.40,37,25,6,3
에디 버틀러,Timothy Edward Butler,572750,AAA,2016,Pacific Coast League,Albuquerque Isotopes,1,15,15,89.0,4.45,35,26,9,0
에디 버틀러,Timothy Edward Butler,572750,AAA,2016,Pacific Coast League,Albuquerque Isotopes,0,15,15,89.0,4.45,35,26,9,0
에디 버틀러,Timothy Edward Butler,572750,AAA,2017,Pacific Coast League,Iowa Cubs,1,8,8,45.2,2.17,30,12,1,2
에디 버틀러,Timothy Edward Butler,572750,AAA,2017,Pacific Coast League,Iowa Cubs,0,8,8,45.2,2.17,30,12,1,2
에디 버틀러,Timothy Edward Butler,572750,AAA,2018,Pacific Coast League,Iowa Cubs,1,5,5,13.1,8.10,9,5,4,2
에디 버틀러,Timothy Edward Butler,572750,AAA,2018,Pacific Coast League,Iowa Cubs,0,5,5,13.1,8.10,9,5,4,2
크리스천 프리드릭,Christian Louis Patrick Friedrich,543184,MLB,2012,National League,Colorado Rockies,1,16,16,84.2,6.17,74,30,14,2
크리스천 프리드릭,Christian Louis Patrick Friedrich,543184,MLB,2012,National League,Colorado Rockies,0,16,16,84.2,6.17,74,30,14,2
크리스천 프리드릭,Christian Louis Patrick Friedrich,543184,MLB,2014,National League,Colorado Rockies,1,16,3,24.1,5.92,27,10,3,2
크리스천 프리드릭,Christian Louis Patrick Friedrich,543184,MLB,2014,National League,Colorado Rockies,0,16,3,24.1,5.92,27,10,3,2
크리스천 프리드릭,Christian Louis Patrick Friedrich,543184,MLB,2015,National League,Colorado Rockies,1,68,0,58.1,5.25,45,25,5,1
크리스천 프리드릭,Christian Louis Patrick Friedrich,543184,MLB,2015,National League,Colorado Rockies,0,68,0,58.1,5.25,45,25,5,1
크리스천 프리드릭,Christian Louis Patrick Friedrich,543184,MLB,2016,National League,San Diego Padres,1,24,23,129.1,4.80,100,52,13,2
크리스천 프리드릭,Christian Louis Patrick Friedrich,543184,MLB,2016,National League,San Diego Padres,0,24,23,129.1,4.80,100,52,13,2
크리스천 프리드릭,Christian Louis Patrick Friedrich,543184,AAA,2012,Pacific Coast League,Colorado Springs Sky Sox,1,5,5,30.0,3.00,27,4,1,1
크리스천 프리드릭,Christian Louis Patrick Friedrich,543184,AAA,2012,Pacific Coast League,Colorado Springs Sky Sox,0,5,5,30.0,3.00,27,4,1,1
크리스천 프리드릭,Christian Louis Patrick Friedrich,543184,AAA,2013,Pacific Coast League,Colorado Springs Sky Sox,1,4,4,14.2,4.30,8,8,1,0
크리스천 프리드릭,Christian Louis Patrick Friedrich,543184,AAA,2013,Pacific Coast League,Colorado Springs Sky Sox,0,4,4,14.2,4.30,8,8,1,0
크리스천 프리드릭,Christian Louis Patrick Friedrich,543184,AAA,2014,Pacific Coast League,Colorado Springs Sky Sox,1,27,13,91.1,7.00,83,39,16,3
크리스천 프리드릭,Christian Louis Patrick Friedrich,543184,AAA,2014,Pacific Coast League,Colorado Springs Sky Sox,0,27,13,91.1,7.00,83,39,16,3
크리스천 프리드릭,Christian Louis Patrick Friedrich,543184,AAA,2016,Pacific Coast League,El Paso Chihuahuas,1,2,2,9.2,4.66,6,4,1,1
크리스천 프리드릭,Christian Louis Patrick Friedrich,543184,AAA,2016,Pacific Coast League,El Paso Chihuahuas,0,2,2,9.2,4.66,6,4,1,1
크리스천 프리드릭,Christian Louis Patrick Friedrich,543184,AAA,2017,Pacific Coast League,El Paso Chihuahuas,1,1,1,3.0,18.00,4,2,2,0
크리스천 프리드릭,Christian Louis Patrick Friedrich,543184,AAA,2017,Pacific Coast League,El Paso Chihuahuas,0,1,1,3.0,18.00,4,2,2,0
라울 알칸타라,Raul Alcántara,593417,MLB,2016,American League,Oakland Athletics,1,5,5,22.1,7.25,14,4,9,4
라울 알칸타라,Raul Alcántara,593417,MLB,2016,American League,Oakland Athletics,0,5,5,22.1,7.25,14,4,9,4
라울 알칸타라,Raul Alcántara,593417,MLB,2017,American League,Oakland Athletics,1,8,4,24.0,7.13,12,12,5,3
라울 알칸타라,Raul Alcántara,593417,MLB,2017,American League,Oakland Athletics,0,8,4,24.0,7.13,12,12,5,3
라울 알칸타라,Raul Alcántara,593417,AAA,2016,Pacific Coast League,Nashville Sounds,1,8,8,45.2,1.18,32,3,1,0
라울 알칸타라,Raul Alcántara,593417,AAA,2016,Pacific Coast League,Nashville Sounds,0,8,8,45.2,1.18,32,3,1,0
라울 알칸타라,Raul Alcántara,593417,AAA,2017,Pacific Coast League,Nashville Sounds,1,18,3,33.2,2.67,22,7,0,0
라울 알칸타라,Raul Alcántara,593417,AAA,2017,Pacific Coast League,Nashville Sounds,0,18,3,33.2,2.67,22,7,0,0
라울 알칸타라,Raul Alcántara,593417,AAA,2018,Pacific Coast League,Nashville Sounds,1,32,10,83.1,5.29,53,14,10,6
라울 알칸타라,Raul Alcántara,593417,AAA,2018,Pacific Coast League,Nashville Sounds,0,32,10,83.1,5.29,53,14,10,6
에릭 요키시,Eric Spenser Jokisch,518852,MLB,2014,National League,Chicago Cubs,1,4,1,14.1,1.88,10,4,3,0
에릭 요키시,Eric Spenser Jokisch,518852,MLB,2014,National League,Chicago Cubs,0,4,1,14.1,1.88,10,4,3,0
에릭 요키시,Eric Spenser Jokisch,518852,AAA,2014,Pacific Coast League,Iowa Cubs,1,26,26,158.1,3.58,143,31,12,4
에릭 요키시,Eric Spenser Jokisch,518852,AAA,2014,Pacific Coast League,Iowa Cubs,0,26,26,158.1,3.58,143,31,12,4
에릭 요키시,Eric Spenser Jokisch,518852,AAA,2015,Pacific Coast League,Iowa Cubs,1,14,14,70.0,4.37,39,23,6,1
에릭 요키시,Eric Spenser Jokisch,518852,AAA,2015,Pacific Coast League,Iowa Cubs,0,14,14,70.0,4.37,39,23,6,1
에릭 요키시,Eric Spenser Jokisch,518852,AAA,2016,Pacific Coast League,Iowa Cubs,1,1,1,4.1,16.62,3,2,2,1
에릭 요키시,Eric Spenser Jokisch,518852,AAA,2016,Pacific Coast League,New Orleans Zephyrs,1,18,0,30.2,2.64,19,14,1,1
에릭 요키시,Eric Spenser Jokisch,518852,AAA,2016,Pacific Coast League,Round Rock Express,1,7,4,24.0,4.13,15,8,2,0
에릭 요키시,Eric Spenser Jokisch,518852,AAA,2016,Pacific Coast League,Iowa Cubs / New Orleans Zephyrs / Round Rock Express,0,26,5,59.0,4.27,37,24,5,2
에릭 요키시,Eric Spenser Jokisch,518852,AAA,2017,Pacific Coast League,Reno Aces,1,28,21,134.2,4.21,91,42,12,1
에릭 요키시,Eric Spenser Jokisch,518852,AAA,2017,Pacific Coast League,Reno Aces,0,28,21,134.2,4.21,91,42,12,1
에릭 요키시,Eric Spenser Jokisch,518852,AAA,2018,Pacific Coast League,Nashville Sounds,1,26,23,148.2,4.06,121,46,12,3
에릭 요키시,Eric Spenser Jokisch,518852,AAA,2018,Pacific Coast League,Nashville Sounds,0,26,23,148.2,4.06,121,46,12,3
크리스 플렉센,Chris Flexen,623167,MLB,2017,National League,New York Mets,1,14,9,48.0,7.88,36,35,11,2
크리스 플렉센,Chris Flexen,623167,MLB,2017,National League,New York Mets,0,14,9,48.0,7.88,36,35,11,2
크리스 플렉센,Chris Flexen,623167,MLB,2018,National League,New York Mets,1,4,1,6.1,12.79,3,6,2,1
크리스 플렉센,Chris Flexen,623167,MLB,2018,National League,New York Mets,0,4,1,6.1,12.79,3,6,2,1
크리스 플렉센,Chris Flexen,623167,MLB,2019,National League,New York Mets,1,9,1,13.2,6.59,10,13,1,0
크리스 플렉센,Chris Flexen,623167,MLB,2019,National League,New York Mets,0,9,1,13.2,6.59,10,13,1,0
크리스 플렉센,Chris Flexen,623167,AAA,2018,Pacific Coast League,Las Vegas 51s,1,18,17,92.0,4.40,78,31,11,0
크리스 플렉센,Chris Flexen,623167,AAA,2018,Pacific Coast League,Las Vegas 51s,0,18,17,92.0,4.40,78,31,11,0
크리스 플렉센,Chris Flexen,623167,AAA,2019,International League,Syracuse Mets,1,26,14,78.2,4.46,92,21,11,2
크리스 플렉센,Chris Flexen,623167,AAA,2019,International League,Syracuse Mets,0,26,14,78.2,4.46,92,21,11,2
데이비드 뷰캐넌,David Andrew Buchanan,571527,MLB,2014,National League,Philadelphia Phillies,1,20,20,117.2,3.75,71,32,12,8
데이비드 뷰캐넌,David Andrew Buchanan,571527,MLB,2014,National League,Philadelphia Phillies,0,20,20,117.2,3.75,71,32,12,8
데이비드 뷰캐넌,David Andrew Buchanan,571527,MLB,2015,National League,Philadelphia Phillies,1,15,15,74.2,6.99,44,29,12,3
데이비드 뷰캐넌,David Andrew Buchanan,571527,MLB,2015,National League,Philadelphia Phillies,0,15,15,74.2,6.99,44,29,12,3
데이비드 뷰캐넌,David Andrew Buchanan,571527,AAA,2013,International League,Lehigh Valley IronPigs,1,6,6,39.0,3.00,22,12,2,3
데이비드 뷰캐넌,David Andrew Buchanan,571527,AAA,2013,International League,Lehigh Valley IronPigs,0,6,6,39.0,3.00,22,12,2,3
데이비드 뷰캐넌,David Andrew Buchanan,571527,AAA,2014,International League,Lehigh Valley IronPigs,1,12,12,57.0,3.95,46,21,3,3
데이비드 뷰캐넌,David Andrew Buchanan,571527,AAA,2014,International League,Lehigh Valley IronPigs,0,12,12,57.0,3.95,46,21,3,3
데이비드 뷰캐넌,David Andrew Buchanan,571527,AAA,2015,International League,Lehigh Valley IronPigs,1,10,10,54.2,2.80,30,20,2,4
데이비드 뷰캐넌,David Andrew Buchanan,571527,AAA,2015,International League,Lehigh Valley IronPigs,0,10,10,54.2,2.80,30,20,2,4
데이비드 뷰캐넌,David Andrew Buchanan,571527,AAA,2016,International League,Lehigh Valley IronPigs,1,27,26,167.1,3.98,95,40,15,2
데이비드 뷰캐넌,David Andrew Buchanan,571527,AAA,2016,International League,Lehigh Valley IronPigs,0,27,26,167.1,3.98,95,40,15,2
애런 브룩스,Aaron Lee Brooks,605156,MLB,2014,American League,Kansas City Royals,1,2,1,2.2,43.88,2,3,1,2
애런 브룩스,Aaron Lee Brooks,605156,MLB,2014,American League,Kansas City Royals,0,2,1,2.2,43.88,2,3,1,2
애런 브룩스,Aaron Lee Brooks,605156,MLB,2015,American League,Kansas City Royals,1,2,0,4.1,6.23,3,0,0,0
애런 브룩스,Aaron Lee Brooks,605156,MLB,2015,American League,Oakland Athletics,1,11,9,51.0,6.71,35,14,9,4
애런 브룩스,Aaron Lee Brooks,605156,MLB,2015,American League,Kansas City Royals / Oakland Athletics,0,13,9,55.1,6.67,38,14,9,4
애런 브룩스,Aaron Lee Brooks,605156,MLB,2018,American League,Oakland Athletics,1,3,0,2.2,0.00,1,2,0,0
애런 브룩스,Aaron Lee Brooks,605156,MLB,2018,American League,Oakland Athletics,0,3,0,2.2,0.00,1,2,0,0
애런 브룩스,Aaron Lee Brooks,605156,MLB,2019,American League,Oakland Athletics,1,15,6,50.1,5.01,43,14,12,4
애런 브룩스,Aaron Lee Brooks,605156,MLB,2019,American League,Baltimore Orioles,1,14,12,59.2,6.18,39,20,9,6
애런 브룩스,Aaron Lee Brooks,605156,MLB,2019,American League,Oakland Athletics / Baltimore Orioles,0,29,18,110.0,5.65,82,34,21,10
애런 브룩스,Aaron Lee Brooks,605156,AAA,2014,Pacific Coast League,Omaha Storm Chasers,1,25,23,139.0,3.88,97,25,14,1
애런 브룩스,Aaron Lee Brooks,605156,AAA,2014,Pacific Coast League,Omaha Storm Chasers,0,25,23,139.0,3.88,97,25,14,1
애런 브룩스,Aaron Lee Brooks,605156,AAA,2015,Pacific Coast League,Omaha Storm Chasers,1,18,17,106.2,3.71,92,21,9,1
애런 브룩스,Aaron Lee Brooks,605156,AAA,2015,Pacific Coast League,Nashville Sounds,1,2,2,12.0,2.25,11,0,1,0
애런 브룩스,Aaron Lee Brooks,605156,AAA,2015,Pacific Coast League,Omaha Storm Chasers / Nashville Sounds,0,20,19,118.2,3.56,103,21,10,1
애런 브룩스,Aaron Lee Brooks,605156,AAA,2016,Pacific Coast League,Iowa Cubs,1,5,4,16.1,7.71,12,4,5,0
애런 브룩스,Aaron Lee Brooks,605156,AAA,2016,Pacific Coast League,Iowa Cubs,0,5,4,16.1,7.71,12,4,5,0
애런 브룩스,Aaron Lee Brooks,605156,AAA,2017,Pacific Coast League,Iowa Cubs,1,24,24,138.0,6.20,105,28,27,2
애런 브룩스,Aaron Lee Brooks,605156,AAA,2017,Pacific Coast League,Colorado Springs Sky Sox,1,2,2,7.2,4.70,2,1,2,0
애런 브룩스,Aaron Lee Brooks,605156,AAA,2017,Pacific Coast League,Iowa Cubs / Colorado Springs Sky Sox,0,26,26,145.2,6.12,107,29,29,2
애런 브룩스,Aaron Lee Brooks,605156,AAA,2018,Pacific Coast League,Colorado Springs Sky Sox,1,26,15,99.1,3.35,74,28,8,0
애런 브룩스,Aaron Lee Brooks,605156,AAA,2018,Pacific Coast League,Colorado Springs Sky Sox,0,26,15,99.1,3.35,74,28,8,0
드류 가뇽,Andrew M. Drew Gagnon,543193,MLB,2018,National League,New York Mets,1,5,1,12.0,5.25,8,5,2,2
드류 가뇽,Andrew M. Drew Gagnon,543193,MLB,2018,National League,New York Mets,0,5,1,12.0,5.25,8,5,2,2
드류 가뇽,Andrew M. Drew Gagnon,543193,MLB,2019,National League,New York Mets,1,18,0,23.2,8.37,17,7,11,2
드류 가뇽,Andrew M. Drew Gagnon,543193,MLB,2019,National League,New York Mets,0,18,0,23.2,8.37,17,7,11,2
드류 가뇽,Andrew M. Drew Gagnon,543193,AAA,2015,Pacific Coast League,Colorado Springs Sky Sox,1,20,18,89.2,6.93,51,52,12,4
드류 가뇽,Andrew M. Drew Gagnon,543193,AAA,2015,Pacific Coast League,Colorado Springs Sky Sox,0,20,18,89.2,6.93,51,52,12,4
드류 가뇽,Andrew M. Drew Gagnon,543193,AAA,2016,Pacific Coast League,Colorado Springs Sky Sox,1,31,4,55.0,5.56,48,21,4,1
드류 가뇽,Andrew M. Drew Gagnon,543193,AAA,2016,Pacific Coast League,Colorado Springs Sky Sox,0,31,4,55.0,5.56,48,21,4,1
드류 가뇽,Andrew M. Drew Gagnon,543193,AAA,2017,Pacific Coast League,Salt Lake Bees,1,31,10,86.1,6.25,83,39,6,4
드류 가뇽,Andrew M. Drew Gagnon,543193,AAA,2017,Pacific Coast League,Salt Lake Bees,0,31,10,86.1,6.25,83,39,6,4
드류 가뇽,Andrew M. Drew Gagnon,543193,AAA,2018,Pacific Coast League,Las Vegas 51s,1,27,27,157.2,4.57,167,43,23,6
드류 가뇽,Andrew M. Drew Gagnon,543193,AAA,2018,Pacific Coast League,Las Vegas 51s,0,27,27,157.2,4.57,167,43,23,6
드류 가뇽,Andrew M. Drew Gagnon,543193,AAA,2019,International League,Syracuse Mets,1,15,15,88.2,2.33,72,17,12,5
드류 가뇽,Andrew M. Drew Gagnon,543193,AAA,2019,International League,Syracuse Mets,0,15,15,88.2,2.33,72,17,12,5
댄 스트레일리,Dan Straily,573185,MLB,2012,American League,Oakland Athletics,1,7,7,39.1,3.89,32,16,11,2
댄 스트레일리,Dan Straily,573185,MLB,2012,American League,Oakland Athletics,0,7,7,39.1,3.89,32,16,11,2
댄 스트레일리,Dan Straily,573185,MLB,2013,American League,Oakland Athletics,1,27,27,152.1,3.96,124,57,16,7
댄 스트레일리,Dan Straily,573185,MLB,2013,American League,Oakland Athletics,0,27,27,152.1,3.96,124,57,16,7
댄 스트레일리,Dan Straily,573185,MLB,2014,American League,Oakland Athletics,1,7,7,38.1,4.93,34,15,9,1
댄 스트레일리,Dan Straily,573185,MLB,2014,National League,Chicago Cubs,1,7,1,13.2,11.85,13,9,1,1
댄 스트레일리,Dan Straily,573185,MLB,2014,American League / National League,Oakland Athletics / Chicago Cubs,0,14,8,52.0,6.75,47,24,10,2
댄 스트레일리,Dan Straily,573185,MLB,2015,American League,Houston Astros,1,4,3,16.2,5.40,14,8,2,1
댄 스트레일리,Dan Straily,573185,MLB,2015,American League,Houston Astros,0,4,3,16.2,5.40,14,8,2,1
댄 스트레일리,Dan Straily,573185,MLB,2016,National League,Cincinnati Reds,1,34,31,191.1,3.76,162,73,31,11
댄 스트레일리,Dan Straily,573185,MLB,2016,National League,Cincinnati Reds,0,34,31,191.1,3.76,162,73,31,11
댄 스트레일리,Dan Straily,573185,MLB,2017,National League,Miami Marlins,1,33,33,181.2,4.26,170,60,31,5
댄 스트레일리,Dan Straily,573185,MLB,2017,National League,Miami Marlins,0,33,33,181.2,4.26,170,60,31,5
댄 스트레일리,Dan Straily,573185,MLB,2018,National League,Miami Marlins,1,23,23,122.1,4.12,99,52,20,7
댄 스트레일리,Dan Straily,573185,MLB,2018,National League,Miami Marlins,0,23,23,122.1,4.12,99,52,20,7
댄 스트레일리,Dan Straily,573185,MLB,2019,American League,Baltimore Orioles,1,14,8,47.2,9.82,33,22,22,2
댄 스트레일리,Dan Straily,573185,MLB,2019,American League,Baltimore Orioles,0,14,8,47.2,9.82,33,22,22,2
댄 스트레일리,Dan Straily,573185,AAA,2012,Pacific Coast League,Sacramento River Cats,1,11,11,66.2,2.03,82,19,3,1
댄 스트레일리,Dan Straily,573185,AAA,2012,Pacific Coast League,Sacramento River Cats,0,11,11,66.2,2.03,82,19,3,1
댄 스트레일리,Dan Straily,573185,AAA,2013,Pacific Coast League,Sacramento River Cats,1,5,5,31.2,1.14,33,9,1,0
댄 스트레일리,Dan Straily,573185,AAA,2013,Pacific Coast League,Sacramento River Cats,0,5,5,31.2,1.14,33,9,1,0
댄 스트레일리,Dan Straily,573185,AAA,2014,Pacific Coast League,Sacramento River Cats,1,10,10,63.0,4.71,67,26,9,2
댄 스트레일리,Dan Straily,573185,AAA,2014,Pacific Coast League,Iowa Cubs,1,10,10,55.0,4.09,56,20,7,3
댄 스트레일리,Dan Straily,573185,AAA,2014,Pacific Coast League,Sacramento River Cats / Iowa Cubs,0,20,20,118.0,4.42,123,46,16,5
댄 스트레일리,Dan Straily,573185,AAA,2015,Pacific Coast League,Fresno Grizzlies,1,22,22,122.2,4.77,124,25,13,4
댄 스트레일리,Dan Straily,573185,AAA,2015,Pacific Coast League,Fresno Grizzlies,0,22,22,122.2,4.77,124,25,13,4
댄 스트레일리,Dan Straily,573185,AAA,2019,International League,Norfolk Tides,1,6,6,34.0,2.38,38,8,4,3
댄 스트레일리,Dan Straily,573185,AAA,2019,International League,Lehigh Valley IronPigs,1,6,6,33.0,5.18,30,9,5,0
댄 스트레일리,Dan Straily,573185,AAA,2019,International League,Norfolk Tides / Lehigh Valley IronPigs,0,12,12,67.0,3.76,68,17,9,3
애드리안 샘슨,Adrian Sampson,592716,MLB,2016,American League,Seattle Mariners,1,1,1,4.2,7.71,2,1,2,0
애드리안 샘슨,Adrian Sampson,592716,MLB,2016,American League,Seattle Mariners,0,1,1,4.2,7.71,2,1,2,0
애드리안 샘슨,Adrian Sampson,592716,MLB,2018,American League,Texas Rangers,1,5,4,23.0,4.30,15,4,6,2
애드리안 샘슨,Adrian Sampson,592716,MLB,2018,American League,Texas Rangers,0,5,4,23.0,4.30,15,4,6,2
애드리안 샘슨,Adrian Sampson,592716,MLB,2019,American League,Texas Rangers,1,35,15,125.1,5.89,101,36,29,9
애드리안 샘슨,Adrian Sampson,592716,MLB,2019,American League,Texas Rangers,0,35,15,125.1,5.89,101,36,29,9
애드리안 샘슨,Adrian Sampson,592716,AAA,2014,International League,Indianapolis Indians,1,4,4,19.0,6.16,10,7,1,1
애드리안 샘슨,Adrian Sampson,592716,AAA,2014,International League,Indianapolis Indians,0,4,4,19.0,6.16,10,7,1,1
애드리안 샘슨,Adrian Sampson,592716,AAA,2015,International League,Indianapolis Indians,1,21,21,124.1,3.98,95,29,8,4
애드리안 샘슨,Adrian Sampson,592716,AAA,2015,Pacific Coast League,Tacoma Rainiers,1,7,7,38.1,7.28,28,8,5,0
애드리안 샘슨,Adrian Sampson,592716,AAA,2015,International League / Pacific Coast League,Indianapolis Indians / Tacoma Rainiers,0,28,28,162.2,4.76,123,37,13,4
애드리안 샘슨,Adrian Sampson,592716,AAA,2016,Pacific Coast League,Tacoma Rainiers,1,13,13,80.1,3.25,61,12,5,1
애드리안 샘슨,Adrian Sampson,592716,AAA,2016,Pacific Coast League,Tacoma Rainiers,0,13,13,80.1,3.25,61,12,5,1
애드리안 샘슨,Adrian Sampson,592716,AAA,2017,Pacific Coast League,Round Rock Express,1,2,2,10.0,0.90,7,1,0,0
애드리안 샘슨,Adrian Sampson,592716,AAA,2017,Pacific Coast League,Round Rock Express,0,2,2,10.0,0.90,7,1,0,0
애드리안 샘슨,Adrian Sampson,592716,AAA,2018,Pacific Coast League,Round Rock Express,1,33,19,126.2,3.77,85,24,12,6
애드리안 샘슨,Adrian Sampson,592716,AAA,2018,Pacific Coast League,Round Rock Express,0,33,19,126.2,3.77,85,24,12,6
오드리사머 데스파이네,Odrisamer Despaigne,628333,MLB,2014,National League,San Diego Padres,1,16,16,96.1,3.36,65,32,6,5
오드리사머 데스파이네,Odrisamer Despaigne,628333,MLB,2014,National League,San Diego Padres,0,16,16,96.1,3.36,65,32,6,5
오드리사머 데스파이네,Odrisamer Despaigne,628333,MLB,2015,National League,San Diego Padres,1,34,18,125.2,5.80,69,32,17,9
오드리사머 데스파이네,Odrisamer Despaigne,628333,MLB,2015,National League,San Diego Padres,0,34,18,125.2,5.80,69,32,17,9
오드리사머 데스파이네,Odrisamer Despaigne,628333,MLB,2016,American League,Baltimore Orioles,1,16,0,27.1,5.60,17,15,3,1
오드리사머 데스파이네,Odrisamer Despaigne,628333,MLB,2016,National League,Miami Marlins,1,3,0,3.0,9.00,0,1,0,0
오드리사머 데스파이네,Odrisamer Despaigne,628333,MLB,2016,American League / National League,Baltimore Orioles / Miami Marlins,0,19,0,30.1,5.93,17,16,3,1
오드리사머 데스파이네,Odrisamer Despaigne,628333,MLB,2017,National League,Miami Marlins,1,18,8,58.1,4.01,31,24,3,3
오드리사머 데스파이네,Odrisamer Despaigne,628333,MLB,2017,National League,Miami Marlins,0,18,8,58.1,4.01,31,24,3,3
오드리사머 데스파이네,Odrisamer Despaigne,628333,MLB,2018,National League,Miami Marlins,1,11,1,20.1,5.31,18,8,1,1
오드리사머 데스파이네,Odrisamer Despaigne,628333,MLB,2018,American League,Los Angeles Angels,1,8,4,18.2,8.20,17,11,3,1
오드리사머 데스파이네,Odrisamer Despaigne,628333,MLB,2018,American League / National League,Miami Marlins / Los Angeles Angels,0,19,5,39.0,6.69,35,19,4,2
오드리사머 데스파이네,Odrisamer Despaigne,628333,MLB,2019,American League,Chicago White Sox,1,3,3,13.1,9.45,7,7,3,1
오드리사머 데스파이네,Odrisamer Despaigne,628333,MLB,2019,American League,Chicago White Sox,0,3,3,13.1,9.45,7,7,3,1
오드리사머 데스파이네,Odrisamer Despaigne,628333,AAA,2014,Pacific Coast League,El Paso Chihuahuas,1,5,5,23.2,7.61,29,13,3,1
오드리사머 데스파이네,Odrisamer Despaigne,628333,AAA,2014,Pacific Coast League,El Paso Chihuahuas,0,5,5,23.2,7.61,29,13,3,1
오드리사머 데스파이네,Odrisamer Despaigne,628333,AAA,2016,International League,Norfolk Tides,1,18,17,88.1,3.87,70,27,5,6
오드리사머 데스파이네,Odrisamer Despaigne,628333,AAA,2016,International League,Norfolk Tides,0,18,17,88.1,3.87,70,27,5,6
오드리사머 데스파이네,Odrisamer Despaigne,628333,AAA,2017,Pacific Coast League,New Orleans Baby Cakes,1,20,10,70.0,3.09,49,24,6,2
오드리사머 데스파이네,Odrisamer Despaigne,628333,AAA,2017,Pacific Coast League,New Orleans Baby Cakes,0,20,10,70.0,3.09,49,24,6,2
오드리사머 데스파이네,Odrisamer Despaigne,628333,AAA,2018,Pacific Coast League,New Orleans Baby Cakes,1,13,4,43.1,4.36,40,12,0,2
오드리사머 데스파이네,Odrisamer Despaigne,628333,AAA,2018,Pacific Coast League,New Orleans Baby Cakes,0,13,4,43.1,4.36,40,12,0,2
오드리사머 데스파이네,Odrisamer Despaigne,628333,AAA,2019,International League,Louisville Bats,1,8,8,41.1,3.92,40,16,5,2
오드리사머 데스파이네,Odrisamer Despaigne,628333,AAA,2019,International League,Charlotte Knights,1,16,14,83.0,3.25,84,28,6,6
오드리사머 데스파이네,Odrisamer Despaigne,628333,AAA,2019,International League,Louisville Bats / Charlotte Knights,0,24,22,124.1,3.47,124,44,11,8
닉 킹엄,Nick Kingham,592468,MLB,2018,National League,Pittsburgh Pirates,1,18,15,76.0,5.21,69,26,18,5
닉 킹엄,Nick Kingham,592468,MLB,2018,National League,Pittsburgh Pirates,0,18,15,76.0,5.21,69,26,18,5
닉 킹엄,Nick Kingham,592468,MLB,2019,National League,Pittsburgh Pirates,1,14,4,34.2,9.87,32,17,7,0
닉 킹엄,Nick Kingham,592468,MLB,2019,American League,Toronto Blue Jays,1,11,0,21.0,3.00,14,8,4,0
닉 킹엄,Nick Kingham,592468,MLB,2019,American League / National League,Pittsburgh Pirates / Toronto Blue Jays,0,25,4,55.2,7.28,46,25,11,0
닉 킹엄,Nick Kingham,592468,AAA,2014,International League,Indianapolis Indians,1,14,14,88.0,3.58,65,27,6,1
닉 킹엄,Nick Kingham,592468,AAA,2014,International League,Indianapolis Indians,0,14,14,88.0,3.58,65,27,6,1
닉 킹엄,Nick Kingham,592468,AAA,2015,International League,Indianapolis Indians,1,6,6,31.1,4.31,32,7,3,2
닉 킹엄,Nick Kingham,592468,AAA,2015,International League,Indianapolis Indians,0,6,6,31.1,4.31,32,7,3,2
닉 킹엄,Nick Kingham,592468,AAA,2017,International League,Indianapolis Indians,1,20,19,113.1,4.13,93,29,8,8
닉 킹엄,Nick Kingham,592468,AAA,2017,International League,Indianapolis Indians,0,20,19,113.1,4.13,93,29,8,8
닉 킹엄,Nick Kingham,592468,AAA,2018,International League,Indianapolis Indians,1,12,12,62.1,3.61,58,16,5,6
닉 킹엄,Nick Kingham,592468,AAA,2018,International League,Indianapolis Indians,0,12,12,62.1,3.61,58,16,5,6
닉 킹엄,Nick Kingham,592468,AAA,2019,International League,Buffalo Bisons,1,1,1,2.0,22.50,1,2,2,0
닉 킹엄,Nick Kingham,592468,AAA,2019,International League,Buffalo Bisons,0,1,1,2.0,22.50,1,2,2,0
리카르도 핀토,Ricardo Pinto,620982,MLB,2017,National League,Philadelphia Phillies,1,25,0,29.2,7.89,25,17,7,1
리카르도 핀토,Ricardo Pinto,620982,MLB,2017,National League,Philadelphia Phillies,0,25,0,29.2,7.89,25,17,7,1
리카르도 핀토,Ricardo Pinto,620982,MLB,2019,American League,Tampa Bay Rays,1,2,0,2.1,15.43,0,2,1,0
리카르도 핀토,Ricardo Pinto,620982,MLB,2019,American League,Tampa Bay Rays,0,2,0,2.1,15.43,0,2,1,0
리카르도 핀토,Ricardo Pinto,620982,AAA,2017,International League,Lehigh Valley IronPigs,1,19,8,60.2,3.86,46,18,4,0
리카르도 핀토,Ricardo Pinto,620982,AAA,2017,International League,Lehigh Valley IronPigs,0,19,8,60.2,3.86,46,18,4,0
리카르도 핀토,Ricardo Pinto,620982,AAA,2018,International League,Charlotte Knights,1,27,3,54.1,5.80,38,22,7,3
리카르도 핀토,Ricardo Pinto,620982,AAA,2018,International League,Charlotte Knights,0,27,3,54.1,5.80,38,22,7,3
리카르도 핀토,Ricardo Pinto,620982,AAA,2019,International League,Durham Bulls,1,24,4,104.2,4.13,96,46,18,9
리카르도 핀토,Ricardo Pinto,620982,AAA,2019,International League,Durham Bulls,0,24,4,104.2,4.13,96,46,18,9
아리엘 미란다,Ariel Miranda,664641,MLB,2016,American League,Baltimore Orioles,1,1,0,2.0,13.50,4,0,0,0
아리엘 미란다,Ariel Miranda,664641,MLB,2016,American League,Seattle Mariners,1,11,10,56.0,3.54,40,18,12,0
아리엘 미란다,Ariel Miranda,664641,MLB,2016,American League,Baltimore Orioles / Seattle Mariners,0,12,10,58.0,3.88,44,18,12,0
아리엘 미란다,Ariel Miranda,664641,MLB,2017,American League,Seattle Mariners,1,31,29,160.0,5.12,137,63,37,5
아리엘 미란다,Ariel Miranda,664641,MLB,2017,American League,Seattle Mariners,0,31,29,160.0,5.12,137,63,37,5
아리엘 미란다,Ariel Miranda,664641,MLB,2018,American League,Seattle Mariners,1,1,1,5.0,1.80,5,4,0,0
아리엘 미란다,Ariel Miranda,664641,MLB,2018,American League,Seattle Mariners,0,1,1,5.0,1.80,5,4,0,0
아리엘 미란다,Ariel Miranda,664641,AAA,2016,International League,Norfolk Tides,1,19,19,100.2,3.93,87,31,11,2
아리엘 미란다,Ariel Miranda,664641,AAA,2016,International League,Norfolk Tides,0,19,19,100.2,3.93,87,31,11,2
아리엘 미란다,Ariel Miranda,664641,AAA,2018,Pacific Coast League,Tacoma Rainiers,1,10,9,45.1,3.97,40,24,3,1
아리엘 미란다,Ariel Miranda,664641,AAA,2018,Pacific Coast League,Tacoma Rainiers,0,10,9,45.1,3.97,40,24,3,1
워커 로켓,Andrew Walker Lockett,621141,MLB,2018,National League,San Diego Padres,1,4,3,15.0,9.60,12,10,4,0
워커 로켓,Andrew Walker Lockett,621141,MLB,2018,National League,San Diego Padres,0,4,3,15.0,9.60,12,10,4,0
워커 로켓,Andrew Walker Lockett,621141,MLB,2019,National League,New York Mets,1,9,4,22.2,8.34,16,6,6,1
워커 로켓,Andrew Walker Lockett,621141,MLB,2019,National League,New York Mets,0,9,4,22.2,8.34,16,6,6,1
워커 로켓,Andrew Walker Lockett,621141,MLB,2020,National League,New York Mets,1,2,1,8.0,5.63,8,3,1,2
워커 로켓,Andrew Walker Lockett,621141,MLB,2020,American League,Seattle Mariners,1,5,0,8.1,4.32,3,1,1,0
워커 로켓,Andrew Walker Lockett,621141,MLB,2020,American League / National League,New York Mets / Seattle Mariners,0,7,1,16.1,4.96,11,4,2,2
워커 로켓,Andrew Walker Lockett,621141,AAA,2016,Pacific Coast League,El Paso Chihuahuas,1,3,3,18.0,4.50,12,2,2,2
워커 로켓,Andrew Walker Lockett,621141,AAA,2016,Pacific Coast League,El Paso Chihuahuas,0,3,3,18.0,4.50,12,2,2,2
워커 로켓,Andrew Walker Lockett,621141,AAA,2017,Pacific Coast League,El Paso Chihuahuas,1,10,10,55.1,4.39,33,13,9,2
워커 로켓,Andrew Walker Lockett,621141,AAA,2017,Pacific Coast League,El Paso Chihuahuas,0,10,10,55.1,4.39,33,13,9,2
워커 로켓,Andrew Walker Lockett,621141,AAA,2018,Pacific Coast League,El Paso Chihuahuas,1,23,23,133.1,4.73,118,33,17,9
워커 로켓,Andrew Walker Lockett,621141,AAA,2018,Pacific Coast League,El Paso Chihuahuas,0,23,23,133.1,4.73,118,33,17,9
워커 로켓,Andrew Walker Lockett,621141,AAA,2019,International League,Syracuse Mets,1,11,10,59.0,3.66,39,11,5,2
워커 로켓,Andrew Walker Lockett,621141,AAA,2019,International League,Syracuse Mets,0,11,10,59.0,3.66,39,11,5,2
앤드류 수아레즈,Andrew Jose Suarez,605498,MLB,2018,National League,San Francisco Giants,1,29,29,160.1,4.49,130,45,23,3
앤드류 수아레즈,Andrew Jose Suarez,605498,MLB,2018,National League,San Francisco Giants,0,29,29,160.1,4.49,130,45,23,3
앤드류 수아레즈,Andrew Jose Suarez,605498,MLB,2019,National League,San Francisco Giants,1,21,2,32.2,5.79,25,14,7,1
앤드류 수아레즈,Andrew Jose Suarez,605498,MLB,2019,National League,San Francisco Giants,0,21,2,32.2,5.79,25,14,7,1
앤드류 수아레즈,Andrew Jose Suarez,605498,MLB,2020,National League,San Francisco Giants,1,6,0,9.2,3.72,5,6,1,0
앤드류 수아레즈,Andrew Jose Suarez,605498,MLB,2020,National League,San Francisco Giants,0,6,0,9.2,3.72,5,6,1,0
앤드류 수아레즈,Andrew Jose Suarez,605498,AAA,2017,Pacific Coast League,Sacramento River Cats,1,15,13,88.2,3.55,80,27,7,3
앤드류 수아레즈,Andrew Jose Suarez,605498,AAA,2017,Pacific Coast League,Sacramento River Cats,0,15,13,88.2,3.55,80,27,7,3
앤드류 수아레즈,Andrew Jose Suarez,605498,AAA,2018,Pacific Coast League,Sacramento River Cats,1,3,3,16.2,1.08,16,7,0,0
앤드류 수아레즈,Andrew Jose Suarez,605498,AAA,2018,Pacific Coast League,Sacramento River Cats,0,3,3,16.2,1.08,16,7,0,0
앤드류 수아레즈,Andrew Jose Suarez,605498,AAA,2019,Pacific Coast League,Sacramento River Cats,1,18,15,88.0,5.73,57,32,11,3
앤드류 수아레즈,Andrew Jose Suarez,605498,AAA,2019,Pacific Coast League,Sacramento River Cats,0,18,15,88.0,5.73,57,32,11,3
대니얼 멩덴,Daniel Joseph Mengden,596043,MLB,2016,American League,Oakland Athletics,1,14,14,72.0,6.50,71,33,9,4
대니얼 멩덴,Daniel Joseph Mengden,596043,MLB,2016,American League,Oakland Athletics,0,14,14,72.0,6.50,71,33,9,4
대니얼 멩덴,Daniel Joseph Mengden,596043,MLB,2017,American League,Oakland Athletics,1,7,7,43.0,3.14,29,9,6,0
대니얼 멩덴,Daniel Joseph Mengden,596043,MLB,2017,American League,Oakland Athletics,0,7,7,43.0,3.14,29,9,6,0
대니얼 멩덴,Daniel Joseph Mengden,596043,MLB,2018,American League,Oakland Athletics,1,22,17,115.2,4.05,72,26,18,3
대니얼 멩덴,Daniel Joseph Mengden,596043,MLB,2018,American League,Oakland Athletics,0,22,17,115.2,4.05,72,26,18,3
대니얼 멩덴,Daniel Joseph Mengden,596043,MLB,2019,American League,Oakland Athletics,1,13,9,59.2,4.83,42,27,7,0
대니얼 멩덴,Daniel Joseph Mengden,596043,MLB,2019,American League,Oakland Athletics,0,13,9,59.2,4.83,42,27,7,0
대니얼 멩덴,Daniel Joseph Mengden,596043,MLB,2020,American League,Oakland Athletics,1,4,1,12.1,3.65,10,7,2,1
대니얼 멩덴,Daniel Joseph Mengden,596043,MLB,2020,American League,Oakland Athletics,0,4,1,12.1,3.65,10,7,2,1
대니얼 멩덴,Daniel Joseph Mengden,596043,AAA,2016,Pacific Coast League,Nashville Sounds,1,13,13,75.1,1.67,67,17,4,3
대니얼 멩덴,Daniel Joseph Mengden,596043,AAA,2016,Pacific Coast League,Nashville Sounds,0,13,13,75.1,1.67,67,17,4,3
대니얼 멩덴,Daniel Joseph Mengden,596043,AAA,2017,Pacific Coast League,Nashville Sounds,1,9,9,41.0,4.17,40,18,5,3
대니얼 멩덴,Daniel Joseph Mengden,596043,AAA,2017,Pacific Coast League,Nashville Sounds,0,9,9,41.0,4.17,40,18,5,3
대니얼 멩덴,Daniel Joseph Mengden,596043,AAA,2018,Pacific Coast League,Nashville Sounds,1,9,8,45.1,2.98,34,7,2,3
대니얼 멩덴,Daniel Joseph Mengden,596043,AAA,2018,Pacific Coast League,Nashville Sounds,0,9,8,45.1,2.98,34,7,2,3
대니얼 멩덴,Daniel Joseph Mengden,596043,AAA,2019,Pacific Coast League,Las Vegas Aviators,1,13,10,64.0,4.22,61,20,8,2
대니얼 멩덴,Daniel Joseph Mengden,596043,AAA,2019,Pacific Coast League,Las Vegas Aviators,0,13,10,64.0,4.22,61,20,8,2
앤더슨 프랑코,Enderson Daniel Franco,575070,MLB,2019,National League,San Francisco Giants,1,5,0,5.1,3.38,4,1,1,0
앤더슨 프랑코,Enderson Daniel Franco,575070,MLB,2019,National League,San Francisco Giants,0,5,0,5.1,3.38,4,1,1,0
앤더슨 프랑코,Enderson Daniel Franco,575070,AAA,2017,International League,Gwinnett Braves,1,2,2,9.0,1.00,11,3,0,0
앤더슨 프랑코,Enderson Daniel Franco,575070,AAA,2017,International League,Gwinnett Braves,0,2,2,9.0,1.00,11,3,0,0
앤더슨 프랑코,Enderson Daniel Franco,575070,AAA,2018,International League,Gwinnett Stripers,1,1,1,5.2,1.59,1,3,1,0
앤더슨 프랑코,Enderson Daniel Franco,575070,AAA,2018,International League,Gwinnett Stripers,0,1,1,5.2,1.59,1,3,1,0
앤더슨 프랑코,Enderson Daniel Franco,575070,AAA,2019,Pacific Coast League,Sacramento River Cats,1,26,22,113.0,5.97,98,36,24,5
앤더슨 프랑코,Enderson Daniel Franco,575070,AAA,2019,Pacific Coast League,Sacramento River Cats,0,26,22,113.0,5.97,98,36,24,5
라이언 카펜터,Ryan Nicholas Carpenter,543001,MLB,2018,American League,Detroit Tigers,1,6,5,22.1,7.25,15,4,8,3
라이언 카펜터,Ryan Nicholas Carpenter,543001,MLB,2018,American League,Detroit Tigers,0,6,5,22.1,7.25,15,4,8,3
라이언 카펜터,Ryan Nicholas Carpenter,543001,MLB,2019,American League,Detroit Tigers,1,9,9,40.2,9.30,25,13,12,2
라이언 카펜터,Ryan Nicholas Carpenter,543001,MLB,2019,American League,Detroit Tigers,0,9,9,40.2,9.30,25,13,12,2
라이언 카펜터,Ryan Nicholas Carpenter,543001,AAA,2016,Pacific Coast League,Albuquerque Isotopes,1,26,8,68.2,7.47,68,25,16,2
라이언 카펜터,Ryan Nicholas Carpenter,543001,AAA,2016,Pacific Coast League,Albuquerque Isotopes,0,26,8,68.2,7.47,68,25,16,2
라이언 카펜터,Ryan Nicholas Carpenter,543001,AAA,2017,Pacific Coast League,Albuquerque Isotopes,1,27,25,156.0,4.15,161,39,19,12
라이언 카펜터,Ryan Nicholas Carpenter,543001,AAA,2017,Pacific Coast League,Albuquerque Isotopes,0,27,25,156.0,4.15,161,39,19,12
라이언 카펜터,Ryan Nicholas Carpenter,543001,AAA,2018,International League,Toledo Mud Hens,1,14,14,76.1,5.07,73,21,8,3
라이언 카펜터,Ryan Nicholas Carpenter,543001,AAA,2018,International League,Toledo Mud Hens,0,14,14,76.1,5.07,73,21,8,3
라이언 카펜터,Ryan Nicholas Carpenter,543001,AAA,2019,International League,Toledo Mud Hens,1,14,14,77.0,5.26,76,26,11,8
라이언 카펜터,Ryan Nicholas Carpenter,543001,AAA,2019,International League,Toledo Mud Hens,0,14,14,77.0,5.26,76,26,11,8
웨스 파슨스,Wes Parsons,641149,MLB,2018,National League,Atlanta Braves,1,1,0,5.0,7.20,3,3,1,0
웨스 파슨스,Wes Parsons,641149,MLB,2018,National League,Atlanta Braves,0,1,0,5.0,7.20,3,3,1,0
웨스 파슨스,Wes Parsons,641149,MLB,2019,National League,Atlanta Braves,1,17,0,15.1,3.52,12,13,2,1
웨스 파슨스,Wes Parsons,641149,MLB,2019,National League,Colorado Rockies,1,15,0,19.1,6.98,14,16,4,1
웨스 파슨스,Wes Parsons,641149,MLB,2019,National League,Atlanta Braves / Colorado Rockies,0,32,0,34.2,5.45,26,29,6,2
웨스 파슨스,Wes Parsons,641149,AAA,2017,International League,Gwinnett Braves,1,4,1,8.1,8.64,10,6,0,1
웨스 파슨스,Wes Parsons,641149,AAA,2017,International League,Gwinnett Braves,0,4,1,8.1,8.64,10,6,0,1
웨스 파슨스,Wes Parsons,641149,AAA,2018,International League,Gwinnett Stripers,1,16,14,88.0,3.27,76,25,7,3
웨스 파슨스,Wes Parsons,641149,AAA,2018,International League,Gwinnett Stripers,0,16,14,88.0,3.27,76,25,7,3
웨스 파슨스,Wes Parsons,641149,AAA,2019,International League,Gwinnett Stripers,1,27,0,56.2,2.86,54,21,1,4
웨스 파슨스,Wes Parsons,641149,AAA,2019,International League,Gwinnett Stripers,0,27,0,56.2,2.86,54,21,1,4
아티 르위키,Artie Michael Lewicki,592499,MLB,2017,American League,Detroit Tigers,1,4,1,10.1,6.10,6,4,1,0
아티 르위키,Artie Michael Lewicki,592499,MLB,2017,American League,Detroit Tigers,0,4,1,10.1,6.10,6,4,1,0
아티 르위키,Artie Michael Lewicki,592499,MLB,2018,American League,Detroit Tigers,1,13,3,38.2,4.89,30,14,4,1
아티 르위키,Artie Michael Lewicki,592499,MLB,2018,American League,Detroit Tigers,0,13,3,38.2,4.89,30,14,4,1
아티 르위키,Artie Michael Lewicki,592499,MLB,2020,National League,Arizona Diamondbacks,1,2,0,3.1,5.40,5,1,0,0
아티 르위키,Artie Michael Lewicki,592499,MLB,2020,National League,Arizona Diamondbacks,0,2,0,3.1,5.40,5,1,0,0
아티 르위키,Artie Michael Lewicki,592499,AAA,2017,International League,Toledo Mud Hens,1,5,5,31.0,2.03,33,7,2,1
아티 르위키,Artie Michael Lewicki,592499,AAA,2017,International League,Toledo Mud Hens,0,5,5,31.0,2.03,33,7,2,1
아티 르위키,Artie Michael Lewicki,592499,AAA,2018,International League,Toledo Mud Hens,1,12,12,61.2,4.67,55,16,5,1
아티 르위키,Artie Michael Lewicki,592499,AAA,2018,International League,Toledo Mud Hens,0,12,12,61.2,4.67,55,16,5,1
샘 가빌리오,Samuel Joseph Gaviglio,543208,MLB,2017,American League,Seattle Mariners,1,12,11,62.1,4.62,40,21,15,2
샘 가빌리오,Samuel Joseph Gaviglio,543208,MLB,2017,American League,Kansas City Royals,1,4,2,12.0,3.00,9,5,1,1
샘 가빌리오,Samuel Joseph Gaviglio,543208,MLB,2017,American League,Seattle Mariners / Kansas City Royals,0,16,13,74.1,4.36,49,26,16,3
샘 가빌리오,Samuel Joseph Gaviglio,543208,MLB,2018,American League,Toronto Blue Jays,1,26,24,123.2,5.31,105,38,21,4
샘 가빌리오,Samuel Joseph Gaviglio,543208,MLB,2018,American League,Toronto Blue Jays,0,26,24,123.2,5.31,105,38,21,4
샘 가빌리오,Samuel Joseph Gaviglio,543208,MLB,2019,American League,Toronto Blue Jays,1,52,0,95.2,4.61,88,22,18,4
샘 가빌리오,Samuel Joseph Gaviglio,543208,MLB,2019,American League,Toronto Blue Jays,0,52,0,95.2,4.61,88,22,18,4
샘 가빌리오,Samuel Joseph Gaviglio,543208,MLB,2020,American League,Toronto Blue Jays,1,4,0,3.0,9.00,1,5,0,0
샘 가빌리오,Samuel Joseph Gaviglio,543208,MLB,2020,American League,Toronto Blue Jays,0,4,0,3.0,9.00,1,5,0,0
샘 가빌리오,Samuel Joseph Gaviglio,543208,AAA,2015,Pacific Coast League,Tacoma Rainiers,1,21,17,101.2,5.13,79,36,16,4
샘 가빌리오,Samuel Joseph Gaviglio,543208,AAA,2015,Pacific Coast League,Tacoma Rainiers,0,21,17,101.2,5.13,79,36,16,4
샘 가빌리오,Samuel Joseph Gaviglio,543208,AAA,2016,Pacific Coast League,Tacoma Rainiers,1,10,9,63.0,3.71,50,14,7,1
샘 가빌리오,Samuel Joseph Gaviglio,543208,AAA,2016,Pacific Coast League,Tacoma Rainiers,0,10,9,63.0,3.71,50,14,7,1
샘 가빌리오,Samuel Joseph Gaviglio,543208,AAA,2017,Pacific Coast League,Tacoma Rainiers,1,13,13,72.0,3.88,57,12,5,5
샘 가빌리오,Samuel Joseph Gaviglio,543208,AAA,2017,Pacific Coast League,Tacoma Rainiers,0,13,13,72.0,3.88,57,12,5,5
샘 가빌리오,Samuel Joseph Gaviglio,543208,AAA,2018,International League,Buffalo Bisons,1,5,5,29.0,1.86,29,4,4,1
샘 가빌리오,Samuel Joseph Gaviglio,543208,AAA,2018,International League,Buffalo Bisons,0,5,5,29.0,1.86,29,4,4,1
로버트 스탁,Robert Anthony Stock,476594,MLB,2018,National League,San Diego Padres,1,32,0,39.2,2.50,38,13,1,2
로버트 스탁,Robert Anthony Stock,476594,MLB,2018,National League,San Diego Padres,0,32,0,39.2,2.50,38,13,1,2
로버트 스탁,Robert Anthony Stock,476594,MLB,2019,National League,San Diego Padres,1,10,0,10.2,10.13,15,8,2,1
로버트 스탁,Robert Anthony Stock,476594,MLB,2019,National League,San Diego Padres,0,10,0,10.2,10.13,15,8,2,1
로버트 스탁,Robert Anthony Stock,476594,MLB,2020,American League,Boston Red Sox,1,10,0,13.1,4.73,14,10,0,0
로버트 스탁,Robert Anthony Stock,476594,MLB,2020,American League,Boston Red Sox,0,10,0,13.1,4.73,14,10,0,0
로버트 스탁,Robert Anthony Stock,476594,MLB,2021,National League,Chicago Cubs,1,1,1,4.0,11.25,3,6,1,1
로버트 스탁,Robert Anthony Stock,476594,MLB,2021,National League,New York Mets,1,2,2,5.0,5.40,6,3,2,0
로버트 스탁,Robert Anthony Stock,476594,MLB,2021,National League,Chicago Cubs / New York Mets,0,3,3,9.0,8.00,9,9,3,1
로버트 스탁,Robert Anthony Stock,476594,AAA,2018,Pacific Coast League,El Paso Chihuahuas,1,24,0,28.1,1.59,27,11,2,1
로버트 스탁,Robert Anthony Stock,476594,AAA,2018,Pacific Coast League,El Paso Chihuahuas,0,24,0,28.1,1.59,27,11,2,1
로버트 스탁,Robert Anthony Stock,476594,AAA,2019,Pacific Coast League,El Paso Chihuahuas,1,25,3,28.1,4.13,40,19,6,3
로버트 스탁,Robert Anthony Stock,476594,AAA,2019,Pacific Coast League,El Paso Chihuahuas,0,25,3,28.1,4.13,40,19,6,3
로버트 스탁,Robert Anthony Stock,476594,AAA,2021,Triple-A East,Iowa Cubs,1,9,2,19.2,4.12,25,4,4,1
로버트 스탁,Robert Anthony Stock,476594,AAA,2021,Triple-A East,Syracuse Mets,1,4,4,15.2,2.87,14,8,1,0
로버트 스탁,Robert Anthony Stock,476594,AAA,2021,Triple-A East,Iowa Cubs / Syracuse Mets,0,13,6,35.1,3.57,39,12,5,1
브랜던 워델,Brandon David Waddell,663399,MLB,2020,National League,Pittsburgh Pirates,1,2,0,3.1,2.70,2,2,0,0
브랜던 워델,Brandon David Waddell,663399,MLB,2020,National League,Pittsburgh Pirates,0,2,0,3.1,2.70,2,2,0,0
브랜던 워델,Brandon David Waddell,663399,MLB,2021,American League,Minnesota Twins,1,4,0,4.0,11.25,1,3,2,0
브랜던 워델,Brandon David Waddell,663399,MLB,2021,American League,Baltimore Orioles,1,1,0,1.0,0.00,0,1,0,0
브랜던 워델,Brandon David Waddell,663399,MLB,2021,National League,St. Louis Cardinals,1,4,0,4.1,4.15,6,5,0,0
브랜던 워델,Brandon David Waddell,663399,MLB,2021,American League / National League,Minnesota Twins / Baltimore Orioles / St. Louis Cardinals,0,9,0,9.1,6.75,7,9,2,0
브랜던 워델,Brandon David Waddell,663399,AAA,2018,International League,Indianapolis Indians,1,19,15,81.2,4.19,60,36,3,2
브랜던 워델,Brandon David Waddell,663399,AAA,2018,International League,Indianapolis Indians,0,19,15,81.2,4.19,60,36,3,2
브랜던 워델,Brandon David Waddell,663399,AAA,2019,International League,Indianapolis Indians,1,29,7,61.0,8.70,69,40,11,0
브랜던 워델,Brandon David Waddell,663399,AAA,2019,International League,Indianapolis Indians,0,29,7,61.0,8.70,69,40,11,0
브랜던 워델,Brandon David Waddell,663399,AAA,2021,Triple-A East,Norfolk Tides,1,2,0,2.1,0.00,2,0,0,0
브랜던 워델,Brandon David Waddell,663399,AAA,2021,Triple-A East,Memphis Redbirds,1,9,0,11.0,2.45,10,3,1,0
브랜던 워델,Brandon David Waddell,663399,AAA,2021,Triple-A East,Norfolk Tides / Memphis Redbirds,0,11,0,13.1,2.03,12,3,1,0
앨버트 수아레즈,Albert Joe Suárez,544150,MLB,2016,National League,San Francisco Giants,1,22,12,84.0,4.29,54,26,11,4
앨버트 수아레즈,Albert Joe Suárez,544150,MLB,2016,National League,San Francisco Giants,0,22,12,84.0,4.29,54,26,11,4
앨버트 수아레즈,Albert Joe Suárez,544150,MLB,2017,National League,San Francisco Giants,1,18,0,31.2,5.12,34,11,4,1
앨버트 수아레즈,Albert Joe Suárez,544150,MLB,2017,National League,San Francisco Giants,0,18,0,31.2,5.12,34,11,4,1
앨버트 수아레즈,Albert Joe Suárez,544150,AAA,2016,Pacific Coast League,Sacramento River Cats,1,9,7,45.2,4.34,39,14,3,2
앨버트 수아레즈,Albert Joe Suárez,544150,AAA,2016,Pacific Coast League,Sacramento River Cats,0,9,7,45.2,4.34,39,14,3,2
앨버트 수아레즈,Albert Joe Suárez,544150,AAA,2017,Pacific Coast League,Sacramento River Cats,1,1,1,3.0,0.00,5,0,0,0
앨버트 수아레즈,Albert Joe Suárez,544150,AAA,2017,Pacific Coast League,Sacramento River Cats,0,1,1,3.0,0.00,5,0,0,0
앨버트 수아레즈,Albert Joe Suárez,544150,AAA,2018,Pacific Coast League,Reno Aces,1,31,4,63.1,4.97,51,33,8,1
앨버트 수아레즈,Albert Joe Suárez,544150,AAA,2018,Pacific Coast League,Reno Aces,0,31,4,63.1,4.97,51,33,8,1
션 놀린,Sean Patrick Nolin,543594,MLB,2013,American League,Toronto Blue Jays,1,1,1,1.1,40.50,0,1,1,0
션 놀린,Sean Patrick Nolin,543594,MLB,2013,American League,Toronto Blue Jays,0,1,1,1.1,40.50,0,1,1,0
션 놀린,Sean Patrick Nolin,543594,MLB,2014,American League,Toronto Blue Jays,1,1,0,1.0,9.00,0,0,1,0
션 놀린,Sean Patrick Nolin,543594,MLB,2014,American League,Toronto Blue Jays,0,1,0,1.0,9.00,0,0,1,0
션 놀린,Sean Patrick Nolin,543594,MLB,2015,American League,Oakland Athletics,1,6,6,29.0,5.28,15,12,4,0
션 놀린,Sean Patrick Nolin,543594,MLB,2015,American League,Oakland Athletics,0,6,6,29.0,5.28,15,12,4,0
션 놀린,Sean Patrick Nolin,543594,MLB,2021,National League,Washington Nationals,1,10,5,26.2,4.39,20,13,4,2
션 놀린,Sean Patrick Nolin,543594,MLB,2021,National League,Washington Nationals,0,10,5,26.2,4.39,20,13,4,2
션 놀린,Sean Patrick Nolin,543594,AAA,2013,International League,Buffalo Bisons,1,3,3,17.2,1.53,13,10,1,1
션 놀린,Sean Patrick Nolin,543594,AAA,2013,International League,Buffalo Bisons,0,3,3,17.2,1.53,13,10,1,1
션 놀린,Sean Patrick Nolin,543594,AAA,2014,International League,Buffalo Bisons,1,17,17,87.1,3.50,74,35,6,3
션 놀린,Sean Patrick Nolin,543594,AAA,2014,International League,Buffalo Bisons,0,17,17,87.1,3.50,74,35,6,3
션 놀린,Sean Patrick Nolin,543594,AAA,2015,Pacific Coast League,Nashville Sounds,1,14,12,47.1,2.66,38,19,5,4
션 놀린,Sean Patrick Nolin,543594,AAA,2015,Pacific Coast League,Nashville Sounds,0,14,12,47.1,2.66,38,19,5,4
션 놀린,Sean Patrick Nolin,543594,AAA,2019,Pacific Coast League,Tacoma Rainiers,1,15,14,79.1,4.76,74,26,13,3
션 놀린,Sean Patrick Nolin,543594,AAA,2019,Pacific Coast League,Tacoma Rainiers,0,15,14,79.1,4.76,74,26,13,3
션 놀린,Sean Patrick Nolin,543594,AAA,2021,Triple-A East,Rochester Red Wings,1,11,9,47.1,3.80,52,15,7,2
션 놀린,Sean Patrick Nolin,543594,AAA,2021,Triple-A East,Rochester Red Wings,0,11,9,47.1,3.80,52,15,7,2
찰리 반스,Charlie Barnes,656212,MLB,2021,American League,Minnesota Twins,1,9,8,38.0,5.92,20,16,4,4
찰리 반스,Charlie Barnes,656212,MLB,2021,American League,Minnesota Twins,0,9,8,38.0,5.92,20,16,4,4
찰리 반스,Charlie Barnes,656212,AAA,2019,International League,Rochester Red Wings,1,4,4,18.2,6.75,16,11,1,0
찰리 반스,Charlie Barnes,656212,AAA,2019,International League,Rochester Red Wings,0,4,4,18.2,6.75,16,11,1,0
찰리 반스,Charlie Barnes,656212,AAA,2021,Triple-A East,St. Paul Saints,1,16,16,76.0,3.79,62,24,7,6
찰리 반스,Charlie Barnes,656212,AAA,2021,Triple-A East,St. Paul Saints,0,16,16,76.0,3.79,62,24,7,6
글렌 스파크맨,Glenn Sparkman,642098,MLB,2017,American League,Toronto Blue Jays,1,2,0,1.0,63.00,1,1,0,0
글렌 스파크맨,Glenn Sparkman,642098,MLB,2017,American League,Toronto Blue Jays,0,2,0,1.0,63.00,1,1,0,0
글렌 스파크맨,Glenn Sparkman,642098,MLB,2018,American League,Kansas City Royals,1,15,3,38.1,4.46,27,15,3,1
글렌 스파크맨,Glenn Sparkman,642098,MLB,2018,American League,Kansas City Royals,0,15,3,38.1,4.46,27,15,3,1
글렌 스파크맨,Glenn Sparkman,642098,MLB,2019,American League,Kansas City Royals,1,31,23,136.0,6.02,81,41,30,6
글렌 스파크맨,Glenn Sparkman,642098,MLB,2019,American League,Kansas City Royals,0,31,23,136.0,6.02,81,41,30,6
글렌 스파크맨,Glenn Sparkman,642098,MLB,2020,American League,Kansas City Royals,1,4,0,5.0,5.40,2,1,0,0
글렌 스파크맨,Glenn Sparkman,642098,MLB,2020,American League,Kansas City Royals,0,4,0,5.0,5.40,2,1,0,0
글렌 스파크맨,Glenn Sparkman,642098,AAA,2017,International League,Buffalo Bisons,1,4,1,8.0,2.25,3,1,1,0
글렌 스파크맨,Glenn Sparkman,642098,AAA,2017,International League,Buffalo Bisons,0,4,1,8.0,2.25,3,1,1,0
글렌 스파크맨,Glenn Sparkman,642098,AAA,2018,Pacific Coast League,Omaha Storm Chasers,1,12,12,67.1,4.01,48,11,10,1
글렌 스파크맨,Glenn Sparkman,642098,AAA,2018,Pacific Coast League,Omaha Storm Chasers,0,12,12,67.1,4.01,48,11,10,1
글렌 스파크맨,Glenn Sparkman,642098,AAA,2019,Pacific Coast League,Omaha Storm Chasers,1,2,1,6.1,0.00,4,1,0,0
글렌 스파크맨,Glenn Sparkman,642098,AAA,2019,Pacific Coast League,Omaha Storm Chasers,0,2,1,6.1,0.00,4,1,0,0
글렌 스파크맨,Glenn Sparkman,642098,AAA,2021,Triple-A East,St. Paul Saints,1,2,0,3.0,3.00,6,0,1,0
글렌 스파크맨,Glenn Sparkman,642098,AAA,2021,Triple-A East,St. Paul Saints,0,2,0,3.0,3.00,6,0,1,0
펠릭스 페냐,Félix Ricardo Peña,570240,MLB,2016,National League,Chicago Cubs,1,11,0,9.0,4.00,13,3,1,0
펠릭스 페냐,Félix Ricardo Peña,570240,MLB,2016,National League,Chicago Cubs,0,11,0,9.0,4.00,13,3,1,0
펠릭스 페냐,Félix Ricardo Peña,570240,MLB,2017,National League,Chicago Cubs,1,25,0,34.1,5.24,37,18,8,2
펠릭스 페냐,Félix Ricardo Peña,570240,MLB,2017,National League,Chicago Cubs,0,25,0,34.1,5.24,37,18,8,2
펠릭스 페냐,Félix Ricardo Peña,570240,MLB,2018,American League,Los Angeles Angels,1,19,17,92.2,4.18,85,28,12,4
펠릭스 페냐,Félix Ricardo Peña,570240,MLB,2018,American League,Los Angeles Angels,0,19,17,92.2,4.18,85,28,12,4
펠릭스 페냐,Félix Ricardo Peña,570240,MLB,2019,American League,Los Angeles Angels,1,22,7,96.1,4.58,101,34,16,6
펠릭스 페냐,Félix Ricardo Peña,570240,MLB,2019,American League,Los Angeles Angels,0,22,7,96.1,4.58,101,34,16,6
펠릭스 페냐,Félix Ricardo Peña,570240,MLB,2020,American League,Los Angeles Angels,1,25,0,26.2,4.05,29,8,2,1
펠릭스 페냐,Félix Ricardo Peña,570240,MLB,2020,American League,Los Angeles Angels,0,25,0,26.2,4.05,29,8,2,1
펠릭스 페냐,Félix Ricardo Peña,570240,MLB,2021,American League,Los Angeles Angels,1,2,0,1.2,37.80,2,4,0,0
펠릭스 페냐,Félix Ricardo Peña,570240,MLB,2021,American League,Los Angeles Angels,0,2,0,1.2,37.80,2,4,0,0
펠릭스 페냐,Félix Ricardo Peña,570240,AAA,2016,Pacific Coast League,Iowa Cubs,1,36,0,63.1,3.41,81,23,4,2
펠릭스 페냐,Félix Ricardo Peña,570240,AAA,2016,Pacific Coast League,Iowa Cubs,0,36,0,63.1,3.41,81,23,4,2
펠릭스 페냐,Félix Ricardo Peña,570240,AAA,2017,Pacific Coast League,Iowa Cubs,1,24,0,39.0,5.54,46,14,6,4
펠릭스 페냐,Félix Ricardo Peña,570240,AAA,2017,Pacific Coast League,Iowa Cubs,0,24,0,39.0,5.54,46,14,6,4
펠릭스 페냐,Félix Ricardo Peña,570240,AAA,2018,Pacific Coast League,Salt Lake Bees,1,10,9,33.1,3.51,38,16,2,5
펠릭스 페냐,Félix Ricardo Peña,570240,AAA,2018,Pacific Coast League,Salt Lake Bees,0,10,9,33.1,3.51,38,16,2,5
펠릭스 페냐,Félix Ricardo Peña,570240,AAA,2021,Triple-A West,Salt Lake Bees,1,31,7,68.1,8.03,59,27,14,3
펠릭스 페냐,Félix Ricardo Peña,570240,AAA,2021,Triple-A West,Salt Lake Bees,0,31,7,68.1,8.03,59,27,14,3
맷 더모디,Matt Dermody,571616,MLB,2016,American League,Toronto Blue Jays,1,5,0,3.0,12.00,5,0,1,1
맷 더모디,Matt Dermody,571616,MLB,2016,American League,Toronto Blue Jays,0,5,0,3.0,12.00,5,0,1,1
맷 더모디,Matt Dermody,571616,MLB,2017,American League,Toronto Blue Jays,1,23,0,22.1,4.43,15,5,6,2
맷 더모디,Matt Dermody,571616,MLB,2017,American League,Toronto Blue Jays,0,23,0,22.1,4.43,15,5,6,2
맷 더모디,Matt Dermody,571616,MLB,2020,National League,Chicago Cubs,1,1,0,1.0,0.00,1,0,0,0
맷 더모디,Matt Dermody,571616,MLB,2020,National League,Chicago Cubs,0,1,0,1.0,0.00,1,0,0,0
맷 더모디,Matt Dermody,571616,AAA,2016,International League,Buffalo Bisons,1,15,0,16.1,2.76,6,5,0,0
맷 더모디,Matt Dermody,571616,AAA,2016,International League,Buffalo Bisons,0,15,0,16.1,2.76,6,5,0,0
맷 더모디,Matt Dermody,571616,AAA,2017,International League,Buffalo Bisons,1,33,1,43.0,3.56,39,11,6,1
맷 더모디,Matt Dermody,571616,AAA,2017,International League,Buffalo Bisons,0,33,1,43.0,3.56,39,11,6,1
맷 더모디,Matt Dermody,571616,AAA,2018,International League,Buffalo Bisons,1,5,0,5.0,7.20,6,4,0,0
맷 더모디,Matt Dermody,571616,AAA,2018,International League,Buffalo Bisons,0,5,0,5.0,7.20,6,4,0,0
맷 더모디,Matt Dermody,571616,AAA,2019,International League,Buffalo Bisons,1,15,0,23.0,5.48,23,3,4,1
맷 더모디,Matt Dermody,571616,AAA,2019,International League,Buffalo Bisons,0,15,0,23.0,5.48,23,3,4,1
웨스 벤자민,Wes Benjamin,605138,MLB,2020,American League,Texas Rangers,1,8,1,22.1,4.84,21,7,4,0
웨스 벤자민,Wes Benjamin,605138,MLB,2020,American League,Texas Rangers,0,8,1,22.1,4.84,21,7,4,0
웨스 벤자민,Wes Benjamin,605138,MLB,2021,American League,Texas Rangers,1,13,2,22.2,8.74,19,17,6,0
웨스 벤자민,Wes Benjamin,605138,MLB,2021,American League,Texas Rangers,0,13,2,22.2,8.74,19,17,6,0
웨스 벤자민,Wes Benjamin,605138,AAA,2019,Pacific Coast League,Nashville Sounds,1,27,25,135.1,5.52,114,53,24,2
웨스 벤자민,Wes Benjamin,605138,AAA,2019,Pacific Coast League,Nashville Sounds,0,27,25,135.1,5.52,114,53,24,2
웨스 벤자민,Wes Benjamin,605138,AAA,2021,Triple-A West,Round Rock Express,1,15,10,46.2,8.29,42,25,6,0
웨스 벤자민,Wes Benjamin,605138,AAA,2021,Triple-A West,Round Rock Express,0,15,10,46.2,8.29,42,25,6,0
이반 노바,Iván Nova,467100,MLB,2010,American League,New York Yankees,1,10,7,42.0,4.50,26,17,4,1
이반 노바,Iván Nova,467100,MLB,2010,American League,New York Yankees,0,10,7,42.0,4.50,26,17,4,1
이반 노바,Iván Nova,467100,MLB,2011,American League,New York Yankees,1,28,27,165.1,3.70,98,57,13,6
이반 노바,Iván Nova,467100,MLB,2011,American League,New York Yankees,0,28,27,165.1,3.70,98,57,13,6
이반 노바,Iván Nova,467100,MLB,2012,American League,New York Yankees,1,28,28,170.1,5.02,153,56,28,10
이반 노바,Iván Nova,467100,MLB,2012,American League,New York Yankees,0,28,28,170.1,5.02,153,56,28,10
이반 노바,Iván Nova,467100,MLB,2013,American League,New York Yankees,1,23,20,139.1,3.10,116,44,9,14
이반 노바,Iván Nova,467100,MLB,2013,American League,New York Yankees,0,23,20,139.1,3.10,116,44,9,14
이반 노바,Iván Nova,467100,MLB,2014,American League,New York Yankees,1,4,4,20.2,8.27,12,6,6,2
이반 노바,Iván Nova,467100,MLB,2014,American League,New York Yankees,0,4,4,20.2,8.27,12,6,6,2
이반 노바,Iván Nova,467100,MLB,2015,American League,New York Yankees,1,17,17,94.0,5.07,63,33,13,7
이반 노바,Iván Nova,467100,MLB,2015,American League,New York Yankees,0,17,17,94.0,5.07,63,33,13,7
이반 노바,Iván Nova,467100,MLB,2016,American League,New York Yankees,1,21,15,97.1,4.90,75,25,19,6
이반 노바,Iván Nova,467100,MLB,2016,National League,Pittsburgh Pirates,1,11,11,64.2,3.06,52,3,4,3
이반 노바,Iván Nova,467100,MLB,2016,American League / National League,New York Yankees / Pittsburgh Pirates,0,32,26,162.0,4.17,127,28,23,9
이반 노바,Iván Nova,467100,MLB,2017,National League,Pittsburgh Pirates,1,31,31,187.0,4.14,131,36,29,7
이반 노바,Iván Nova,467100,MLB,2017,National League,Pittsburgh Pirates,0,31,31,187.0,4.14,131,36,29,7
이반 노바,Iván Nova,467100,MLB,2018,National League,Pittsburgh Pirates,1,29,29,161.0,4.19,114,35,26,4
이반 노바,Iván Nova,467100,MLB,2018,National League,Pittsburgh Pirates,0,29,29,161.0,4.19,114,35,26,4
이반 노바,Iván Nova,467100,MLB,2019,American League,Chicago White Sox,1,34,34,187.0,4.72,114,47,30,9
이반 노바,Iván Nova,467100,MLB,2019,American League,Chicago White Sox,0,34,34,187.0,4.72,114,47,30,9
이반 노바,Iván Nova,467100,MLB,2020,American League,Detroit Tigers,1,4,4,19.0,8.53,9,9,4,0
이반 노바,Iván Nova,467100,MLB,2020,American League,Detroit Tigers,0,4,4,19.0,8.53,9,9,4,0
이반 노바,Iván Nova,467100,AAA,2009,International League,Scranton/Wilkes-Barre Yankees,1,12,12,67.0,5.10,43,28,4,3
이반 노바,Iván Nova,467100,AAA,2009,International League,Scranton/Wilkes-Barre Yankees,0,12,12,67.0,5.10,43,28,4,3
이반 노바,Iván Nova,467100,AAA,2010,International League,Scranton/Wilkes-Barre Yankees,1,23,23,145.0,2.86,115,48,10,2
이반 노바,Iván Nova,467100,AAA,2010,International League,Scranton/Wilkes-Barre Yankees,0,23,23,145.0,2.86,115,48,10,2
이반 노바,Iván Nova,467100,AAA,2011,International League,Scranton/Wilkes-Barre Yankees,1,3,3,16.0,3.38,18,2,3,0
이반 노바,Iván Nova,467100,AAA,2011,International League,Scranton/Wilkes-Barre Yankees,0,3,3,16.0,3.38,18,2,3,0
이반 노바,Iván Nova,467100,AAA,2013,International League,Scranton/Wilkes-Barre RailRiders,1,3,3,17.2,2.04,17,4,1,0
이반 노바,Iván Nova,467100,AAA,2013,International League,Scranton/Wilkes-Barre RailRiders,0,3,3,17.2,2.04,17,4,1,0
이반 노바,Iván Nova,467100,AAA,2015,International League,Scranton/Wilkes-Barre RailRiders,1,2,2,11.0,4.91,7,3,1,1
이반 노바,Iván Nova,467100,AAA,2015,International League,Scranton/Wilkes-Barre RailRiders,0,2,2,11.0,4.91,7,3,1,1
숀 모리만도,Shawn Morimando,596049,MLB,2016,American League,Cleveland Indians,1,2,0,4.2,11.57,5,5,2,0
숀 모리만도,Shawn Morimando,596049,MLB,2016,American League,Cleveland Indians,0,2,0,4.2,11.57,5,5,2,0
숀 모리만도,Shawn Morimando,596049,MLB,2021,National League,Miami Marlins,1,4,0,10.1,9.58,9,5,2,0
숀 모리만도,Shawn Morimando,596049,MLB,2021,National League,Miami Marlins,0,4,0,10.1,9.58,9,5,2,0
숀 모리만도,Shawn Morimando,596049,AAA,2016,International League,Columbus Clippers,1,11,11,59.0,3.51,46,21,5,2
숀 모리만도,Shawn Morimando,596049,AAA,2016,International League,Columbus Clippers,0,11,11,59.0,3.51,46,21,5,2
숀 모리만도,Shawn Morimando,596049,AAA,2017,International League,Columbus Clippers,1,26,26,159.1,4.41,128,57,22,4
숀 모리만도,Shawn Morimando,596049,AAA,2017,International League,Columbus Clippers,0,26,26,159.1,4.41,128,57,22,4
숀 모리만도,Shawn Morimando,596049,AAA,2018,International League,Columbus Clippers,1,5,5,24.1,7.03,11,10,1,1
숀 모리만도,Shawn Morimando,596049,AAA,2018,International League,Buffalo Bisons,1,4,4,20.0,4.50,11,2,5,0
숀 모리만도,Shawn Morimando,596049,AAA,2018,International League,Columbus Clippers / Buffalo Bisons,0,9,9,44.1,5.89,22,12,6,1
숀 모리만도,Shawn Morimando,596049,AAA,2019,International League,Buffalo Bisons,1,16,14,70.1,6.01,76,33,13,6
숀 모리만도,Shawn Morimando,596049,AAA,2019,International League,Buffalo Bisons,0,16,14,70.1,6.01,76,33,13,6
숀 모리만도,Shawn Morimando,596049,AAA,2021,Triple-A East,Jacksonville Jumbo Shrimp,1,18,16,89.2,4.32,86,31,17,2
숀 모리만도,Shawn Morimando,596049,AAA,2021,Triple-A East,Jacksonville Jumbo Shrimp,0,18,16,89.2,4.32,86,31,17,2
타일러 애플러,Tyler Austin Eppler,621169,AAA,2017,International League,Indianapolis Indians,1,27,21,136.1,4.89,96,33,23,4
타일러 애플러,Tyler Austin Eppler,621169,AAA,2017,International League,Indianapolis Indians,0,27,21,136.1,4.89,96,33,23,4
타일러 애플러,Tyler Austin Eppler,621169,AAA,2018,International League,Indianapolis Indians,1,28,25,153.0,3.59,118,39,13,6
타일러 애플러,Tyler Austin Eppler,621169,AAA,2018,International League,Indianapolis Indians,0,28,25,153.0,3.59,118,39,13,6
타일러 애플러,Tyler Austin Eppler,621169,AAA,2021,Triple-A East,Rochester Red Wings,1,19,15,72.0,7.75,48,30,19,5
타일러 애플러,Tyler Austin Eppler,621169,AAA,2021,Triple-A East,Rochester Red Wings,0,19,15,72.0,7.75,48,30,19,5
딜런 파일,Dylan Michael File,668766,AAA,2021,Triple-A East,Nashville Sounds,1,9,9,42.2,5.27,36,12,7,1
딜런 파일,Dylan Michael File,668766,AAA,2021,Triple-A East,Nashville Sounds,0,9,9,42.2,5.27,36,12,7,1
딜런 파일,Dylan Michael File,668766,AAA,2022,International League,Nashville Sounds,1,26,19,114.1,4.57,95,34,13,5
딜런 파일,Dylan Michael File,668766,AAA,2022,International League,Nashville Sounds,0,26,19,114.1,4.57,95,34,13,5
테일러 와이드너,Taylor Browning Widener,642203,MLB,2020,National League,Arizona Diamondbacks,1,12,0,20.0,4.50,22,12,5,3
테일러 와이드너,Taylor Browning Widener,642203,MLB,2020,National League,Arizona Diamondbacks,0,12,0,20.0,4.50,22,12,5,3
테일러 와이드너,Taylor Browning Widener,642203,MLB,2021,National League,Arizona Diamondbacks,1,23,13,70.1,4.35,73,37,14,7
테일러 와이드너,Taylor Browning Widener,642203,MLB,2021,National League,Arizona Diamondbacks,0,23,13,70.1,4.35,73,37,14,7
테일러 와이드너,Taylor Browning Widener,642203,MLB,2022,National League,Arizona Diamondbacks,1,14,0,17.1,3.63,14,5,2,3
테일러 와이드너,Taylor Browning Widener,642203,MLB,2022,National League,Arizona Diamondbacks,0,14,0,17.1,3.63,14,5,2,3
테일러 와이드너,Taylor Browning Widener,642203,AAA,2019,Pacific Coast League,Reno Aces,1,23,23,100.0,8.10,109,41,23,2
테일러 와이드너,Taylor Browning Widener,642203,AAA,2019,Pacific Coast League,Reno Aces,0,23,23,100.0,8.10,109,41,23,2
테일러 와이드너,Taylor Browning Widener,642203,AAA,2021,Triple-A West,Reno Aces,1,1,1,4.2,3.86,6,1,2,0
테일러 와이드너,Taylor Browning Widener,642203,AAA,2021,Triple-A West,Reno Aces,0,1,1,4.2,3.86,6,1,2,0
테일러 와이드너,Taylor Browning Widener,642203,AAA,2022,Pacific Coast League,Reno Aces,1,27,0,36.2,5.40,47,12,5,0
테일러 와이드너,Taylor Browning Widener,642203,AAA,2022,Pacific Coast League,Reno Aces,0,27,0,36.2,5.40,47,12,5,0
아도니스 메디나,Adonis Medina,658431,MLB,2020,National League,Philadelphia Phillies,1,1,1,4.0,4.50,4,3,0,0
아도니스 메디나,Adonis Medina,658431,MLB,2020,National League,Philadelphia Phillies,0,1,1,4.0,4.50,4,3,0,0
아도니스 메디나,Adonis Medina,658431,MLB,2021,National League,Philadelphia Phillies,1,4,1,7.2,3.52,6,4,0,3
아도니스 메디나,Adonis Medina,658431,MLB,2021,National League,Philadelphia Phillies,0,4,1,7.2,3.52,6,4,0,3
아도니스 메디나,Adonis Medina,658431,MLB,2022,National League,New York Mets,1,14,0,23.2,6.08,17,6,2,4
아도니스 메디나,Adonis Medina,658431,MLB,2022,National League,New York Mets,0,14,0,23.2,6.08,17,6,2,4
아도니스 메디나,Adonis Medina,658431,AAA,2021,Triple-A East,Lehigh Valley IronPigs,1,17,17,67.2,5.05,55,26,10,1
아도니스 메디나,Adonis Medina,658431,AAA,2021,Triple-A East,Lehigh Valley IronPigs,0,17,17,67.2,5.05,55,26,10,1
아도니스 메디나,Adonis Medina,658431,AAA,2022,International League,Syracuse Mets,1,18,2,31.0,4.65,33,17,4,4
아도니스 메디나,Adonis Medina,658431,AAA,2022,International League,Syracuse Mets,0,18,2,31.0,4.65,33,17,4,4
숀 앤더슨,Shaun Anderson,641312,MLB,2019,National League,San Francisco Giants,1,28,16,96.0,5.44,70,38,13,2
숀 앤더슨,Shaun Anderson,641312,MLB,2019,National League,San Francisco Giants,0,28,16,96.0,5.44,70,38,13,2
숀 앤더슨,Shaun Anderson,641312,MLB,2020,National League,San Francisco Giants,1,18,0,15.1,3.52,18,12,3,0
숀 앤더슨,Shaun Anderson,641312,MLB,2020,National League,San Francisco Giants,0,18,0,15.1,3.52,18,12,3,0
숀 앤더슨,Shaun Anderson,641312,MLB,2021,American League,Minnesota Twins,1,4,0,8.2,9.35,8,5,1,1
숀 앤더슨,Shaun Anderson,641312,MLB,2021,American League,Baltimore Orioles,1,7,0,10.0,9.00,7,5,3,1
숀 앤더슨,Shaun Anderson,641312,MLB,2021,National League,San Diego Padres,1,5,0,4.2,5.79,4,2,0,0
숀 앤더슨,Shaun Anderson,641312,MLB,2021,American League / National League,Minnesota Twins / Baltimore Orioles / San Diego Padres,0,16,0,23.1,8.49,19,12,4,2
숀 앤더슨,Shaun Anderson,641312,MLB,2022,American League,Toronto Blue Jays,1,1,0,1.0,18.00,0,0,0,0
숀 앤더슨,Shaun Anderson,641312,MLB,2022,American League,Toronto Blue Jays,0,1,0,1.0,18.00,0,0,0,0
숀 앤더슨,Shaun Anderson,641312,AAA,2018,Pacific Coast League,Sacramento River Cats,1,8,8,47.1,4.18,34,11,5,1
숀 앤더슨,Shaun Anderson,641312,AAA,2018,Pacific Coast League,Sacramento River Cats,0,8,8,47.1,4.18,34,11,5,1
숀 앤더슨,Shaun Anderson,641312,AAA,2019,Pacific Coast League,Sacramento River Cats,1,8,8,38.1,3.76,41,13,3,0
숀 앤더슨,Shaun Anderson,641312,AAA,2019,Pacific Coast League,Sacramento River Cats,0,8,8,38.1,3.76,41,13,3,0
숀 앤더슨,Shaun Anderson,641312,AAA,2021,Triple-A East,St. Paul Saints,1,5,0,6.0,0.00,5,3,0,0
숀 앤더슨,Shaun Anderson,641312,AAA,2021,Triple-A West,Round Rock Express,1,2,0,3.0,0.00,4,1,0,0
숀 앤더슨,Shaun Anderson,641312,AAA,2021,Triple-A West,El Paso Chihuahuas,1,11,0,14.1,4.40,18,6,2,0
숀 앤더슨,Shaun Anderson,641312,AAA,2021,Triple-A East / Triple-A West,St. Paul Saints / Round Rock Express / El Paso Chihuahuas,0,18,0,23.1,2.70,27,10,2,0
숀 앤더슨,Shaun Anderson,641312,AAA,2022,International League,Buffalo Bisons,1,36,15,88.0,3.58,76,32,11,2
숀 앤더슨,Shaun Anderson,641312,AAA,2022,International League,Buffalo Bisons,0,36,15,88.0,3.58,76,32,11,2
마리오 산체스,Mario Sanchez,532936,AAA,2019,Pacific Coast League,Fresno Grizzlies,1,4,3,13.2,11.85,7,6,4,0
마리오 산체스,Mario Sanchez,532936,AAA,2019,Pacific Coast League,Fresno Grizzlies,0,4,3,13.2,11.85,7,6,4,0
마리오 산체스,Mario Sanchez,532936,AAA,2021,Triple-A East,Rochester Red Wings,1,2,0,8.1,6.48,8,2,0,0
마리오 산체스,Mario Sanchez,532936,AAA,2021,Triple-A East,Rochester Red Wings,0,2,0,8.1,6.48,8,2,0,0
마리오 산체스,Mario Sanchez,532936,AAA,2022,International League,St. Paul Saints,1,28,13,91.1,4.24,70,26,12,3
마리오 산체스,Mario Sanchez,532936,AAA,2022,International League,St. Paul Saints,0,28,13,91.1,4.24,70,26,12,3
애런 윌커슨,Aaron Wilkerson,658792,MLB,2017,National League,Milwaukee Brewers,1,3,2,10.1,3.48,7,1,1,0
애런 윌커슨,Aaron Wilkerson,658792,MLB,2017,National League,Milwaukee Brewers,0,3,2,10.1,3.48,7,1,1,0
애런 윌커슨,Aaron Wilkerson,658792,MLB,2018,National League,Milwaukee Brewers,1,3,1,9.0,10.00,10,3,4,1
애런 윌커슨,Aaron Wilkerson,658792,MLB,2018,National League,Milwaukee Brewers,0,3,1,9.0,10.00,10,3,4,1
애런 윌커슨,Aaron Wilkerson,658792,MLB,2019,National League,Milwaukee Brewers,1,8,0,16.0,7.31,11,9,4,0
애런 윌커슨,Aaron Wilkerson,658792,MLB,2019,National League,Milwaukee Brewers,0,8,0,16.0,7.31,11,9,4,0
애런 윌커슨,Aaron Wilkerson,658792,AAA,2016,International League,Pawtucket Red Sox,1,9,8,48.0,2.44,54,11,5,4
애런 윌커슨,Aaron Wilkerson,658792,AAA,2016,Pacific Coast League,Colorado Springs Sky Sox,1,11,11,54.2,6.42,57,16,5,3
애런 윌커슨,Aaron Wilkerson,658792,AAA,2016,International League / Pacific Coast League,Pawtucket Red Sox / Colorado Springs Sky Sox,0,20,19,102.2,4.56,111,27,10,7
애런 윌커슨,Aaron Wilkerson,658792,AAA,2018,Pacific Coast League,Colorado Springs Sky Sox,1,15,12,72.1,2.49,61,25,3,0
애런 윌커슨,Aaron Wilkerson,658792,AAA,2018,Pacific Coast League,Colorado Springs Sky Sox,0,15,12,72.1,2.49,61,25,3,0
애런 윌커슨,Aaron Wilkerson,658792,AAA,2019,Pacific Coast League,San Antonio Missions,1,17,17,76.1,3.42,81,29,10,2
애런 윌커슨,Aaron Wilkerson,658792,AAA,2019,Pacific Coast League,San Antonio Missions,0,17,17,76.1,3.42,81,29,10,2
애런 윌커슨,Aaron Wilkerson,658792,AAA,2021,Triple-A West,Oklahoma City Dodgers,1,23,19,112.0,3.86,125,24,12,4
애런 윌커슨,Aaron Wilkerson,658792,AAA,2021,Triple-A West,Oklahoma City Dodgers,0,23,19,112.0,3.86,125,24,12,4
버치 스미스,Burch Taylor Smith,572143,MLB,2013,National League,San Diego Padres,1,10,7,36.1,6.44,46,21,9,0
버치 스미스,Burch Taylor Smith,572143,MLB,2013,National League,San Diego Padres,0,10,7,36.1,6.44,46,21,9,0
버치 스미스,Burch Taylor Smith,572143,MLB,2018,American League,Kansas City Royals,1,38,6,78.0,6.92,77,40,15,4
버치 스미스,Burch Taylor Smith,572143,MLB,2018,American League,Kansas City Royals,0,38,6,78.0,6.92,77,40,15,4
버치 스미스,Burch Taylor Smith,572143,MLB,2019,National League,Milwaukee Brewers,1,7,0,12.2,7.82,14,10,3,1
버치 스미스,Burch Taylor Smith,572143,MLB,2019,National League,San Francisco Giants,1,10,0,8.2,2.08,6,4,0,0
버치 스미스,Burch Taylor Smith,572143,MLB,2019,National League,Milwaukee Brewers / San Francisco Giants,0,17,0,21.1,5.48,20,14,3,1
버치 스미스,Burch Taylor Smith,572143,MLB,2020,American League,Oakland Athletics,1,6,0,12.0,2.25,13,1,1,0
버치 스미스,Burch Taylor Smith,572143,MLB,2020,American League,Oakland Athletics,0,6,0,12.0,2.25,13,1,1,0
버치 스미스,Burch Taylor Smith,572143,MLB,2021,American League,Oakland Athletics,1,31,0,43.1,5.40,28,11,5,1
버치 스미스,Burch Taylor Smith,572143,MLB,2021,American League,Oakland Athletics,0,31,0,43.1,5.40,28,11,5,1
버치 스미스,Burch Taylor Smith,572143,AAA,2013,Pacific Coast League,Tucson Padres,1,12,12,61.0,3.39,65,17,4,1
버치 스미스,Burch Taylor Smith,572143,AAA,2013,Pacific Coast League,Tucson Padres,0,12,12,61.0,3.39,65,17,4,1
버치 스미스,Burch Taylor Smith,572143,AAA,2014,Pacific Coast League,El Paso Chihuahuas,1,2,2,5.1,18.56,3,5,2,0
버치 스미스,Burch Taylor Smith,572143,AAA,2014,Pacific Coast League,El Paso Chihuahuas,0,2,2,5.1,18.56,3,5,2,0
버치 스미스,Burch Taylor Smith,572143,AAA,2017,International League,Durham Bulls,1,3,3,16.1,1.65,19,4,2,0
버치 스미스,Burch Taylor Smith,572143,AAA,2017,International League,Durham Bulls,0,3,3,16.1,1.65,19,4,2,0
버치 스미스,Burch Taylor Smith,572143,AAA,2019,Pacific Coast League,San Antonio Missions,1,15,15,77.1,2.33,85,37,6,6
버치 스미스,Burch Taylor Smith,572143,AAA,2019,Pacific Coast League,Sacramento River Cats,1,3,2,15.0,4.20,18,9,1,2
버치 스미스,Burch Taylor Smith,572143,AAA,2019,Pacific Coast League,San Antonio Missions / Sacramento River Cats,0,18,17,92.1,2.63,103,46,7,8
버치 스미스,Burch Taylor Smith,572143,AAA,2021,Triple-A West,Las Vegas Aviators,1,4,0,5.1,10.13,7,4,3,0
버치 스미스,Burch Taylor Smith,572143,AAA,2021,Triple-A West,Las Vegas Aviators,0,4,0,5.1,10.13,7,4,3,0
리카르도 산체스,Ricardo Jose Sánchez,645307,MLB,2020,National League,St. Louis Cardinals,1,3,0,5.1,6.75,4,5,1,1
리카르도 산체스,Ricardo Jose Sánchez,645307,MLB,2020,National League,St. Louis Cardinals,0,3,0,5.1,6.75,4,5,1,1
리카르도 산체스,Ricardo Jose Sánchez,645307,AAA,2022,International League,Lehigh Valley IronPigs,1,21,21,92.0,4.79,83,34,10,8
리카르도 산체스,Ricardo Jose Sánchez,645307,AAA,2022,International League,Toledo Mud Hens,1,5,5,24.1,5.55,20,7,3,0
리카르도 산체스,Ricardo Jose Sánchez,645307,AAA,2022,International League,Lehigh Valley IronPigs / Toledo Mud Hens,0,26,26,116.1,4.95,103,41,13,8
에릭 페디,Erick James Fedde,607200,MLB,2017,National League,Washington Nationals,1,3,3,15.1,9.39,15,8,5,1
에릭 페디,Erick James Fedde,607200,MLB,2017,National League,Washington Nationals,0,3,3,15.1,9.39,15,8,5,1
에릭 페디,Erick James Fedde,607200,MLB,2018,National League,Washington Nationals,1,11,11,50.1,5.54,46,22,8,0
에릭 페디,Erick James Fedde,607200,MLB,2018,National League,Washington Nationals,0,11,11,50.1,5.54,46,22,8,0
에릭 페디,Erick James Fedde,607200,MLB,2019,National League,Washington Nationals,1,21,12,78.0,4.50,41,33,11,2
에릭 페디,Erick James Fedde,607200,MLB,2019,National League,Washington Nationals,0,21,12,78.0,4.50,41,33,11,2
에릭 페디,Erick James Fedde,607200,MLB,2020,National League,Washington Nationals,1,11,8,50.1,4.29,28,22,10,3
에릭 페디,Erick James Fedde,607200,MLB,2020,National League,Washington Nationals,0,11,8,50.1,4.29,28,22,10,3
에릭 페디,Erick James Fedde,607200,MLB,2021,National League,Washington Nationals,1,29,27,133.1,5.47,128,48,23,4
에릭 페디,Erick James Fedde,607200,MLB,2021,National League,Washington Nationals,0,29,27,133.1,5.47,128,48,23,4
에릭 페디,Erick James Fedde,607200,MLB,2022,National League,Washington Nationals,1,27,27,127.0,5.81,94,58,21,0
에릭 페디,Erick James Fedde,607200,MLB,2022,National League,Washington Nationals,0,27,27,127.0,5.81,94,58,21,0
에릭 페디,Erick James Fedde,607200,AAA,2017,International League,Syracuse Chiefs,1,12,6,34.0,4.76,25,5,3,1
에릭 페디,Erick James Fedde,607200,AAA,2017,International League,Syracuse Chiefs,0,12,6,34.0,4.76,25,5,3,1
에릭 페디,Erick James Fedde,607200,AAA,2018,International League,Syracuse Chiefs,1,13,13,67.1,4.41,70,18,3,1
에릭 페디,Erick James Fedde,607200,AAA,2018,International League,Syracuse Chiefs,0,13,13,67.1,4.41,70,18,3,1
에릭 페디,Erick James Fedde,607200,AAA,2019,Pacific Coast League,Fresno Grizzlies,1,2,2,10.0,12.60,10,4,5,1
에릭 페디,Erick James Fedde,607200,AAA,2019,Pacific Coast League,Fresno Grizzlies,0,2,2,10.0,12.60,10,4,5,1
에릭 페디,Erick James Fedde,607200,AAA,2022,International League,Rochester Red Wings,1,1,1,4.0,0.00,4,1,0,0
에릭 페디,Erick James Fedde,607200,AAA,2022,International League,Rochester Red Wings,0,1,1,4.0,0.00,4,1,0,0
태너 털리,Tanner Paul Tully,668684,MLB,2022,American League,Cleveland Guardians,1,3,0,6.0,6.00,2,6,1,0
태너 털리,Tanner Paul Tully,668684,MLB,2022,American League,Cleveland Guardians,0,3,0,6.0,6.00,2,6,1,0
태너 털리,Tanner Paul Tully,668684,AAA,2017,International League,Columbus Clippers,1,1,1,7.0,3.86,3,1,0,0
태너 털리,Tanner Paul Tully,668684,AAA,2017,International League,Columbus Clippers,0,1,1,7.0,3.86,3,1,0,0
태너 털리,Tanner Paul Tully,668684,AAA,2019,International League,Columbus Clippers,1,3,3,14.2,4.91,14,2,2,0
태너 털리,Tanner Paul Tully,668684,AAA,2019,International League,Columbus Clippers,0,3,3,14.2,4.91,14,2,2,0
태너 털리,Tanner Paul Tully,668684,AAA,2021,Triple-A East,Columbus Clippers,1,9,6,39.0,5.08,33,14,4,0
태너 털리,Tanner Paul Tully,668684,AAA,2021,Triple-A East,Columbus Clippers,0,9,6,39.0,5.08,33,14,4,0
태너 털리,Tanner Paul Tully,668684,AAA,2022,International League,Columbus Clippers,1,24,20,122.0,4.72,98,26,12,5
태너 털리,Tanner Paul Tully,668684,AAA,2022,International League,Columbus Clippers,0,24,20,122.0,4.72,98,26,12,5
보 슐서,Beau Grayson Sulser,676641,MLB,2022,National League,Pittsburgh Pirates,1,4,0,9.2,3.72,10,6,1,1
보 슐서,Beau Grayson Sulser,676641,MLB,2022,American League,Baltimore Orioles,1,6,0,12.2,3.55,9,3,2,0
보 슐서,Beau Grayson Sulser,676641,MLB,2022,American League / National League,Pittsburgh Pirates / Baltimore Orioles,0,10,0,22.1,3.63,19,9,3,1
보 슐서,Beau Grayson Sulser,676641,AAA,2021,Triple-A East,Indianapolis Indians,1,26,24,122.2,5.65,102,53,21,4
보 슐서,Beau Grayson Sulser,676641,AAA,2021,Triple-A East,Indianapolis Indians,0,26,24,122.2,5.65,102,53,21,4
보 슐서,Beau Grayson Sulser,676641,AAA,2022,International League,Indianapolis Indians,1,3,3,12.2,2.13,14,2,1,0
보 슐서,Beau Grayson Sulser,676641,AAA,2022,International League,Norfolk Tides,1,17,3,44.0,4.70,46,12,4,1
보 슐서,Beau Grayson Sulser,676641,AAA,2022,International League,Indianapolis Indians / Norfolk Tides,0,20,6,56.2,4.13,60,14,5,1
커크 맥카티,Kirkland Kirk McCarty,668948,MLB,2022,American League,Cleveland Guardians,1,13,2,37.2,4.54,26,13,11,1
커크 맥카티,Kirkland Kirk McCarty,668948,MLB,2022,American League,Cleveland Guardians,0,13,2,37.2,4.54,26,13,11,1
커크 맥카티,Kirkland Kirk McCarty,668948,AAA,2021,Triple-A East,Columbus Clippers,1,24,24,124.0,5.01,104,44,25,3
커크 맥카티,Kirkland Kirk McCarty,668948,AAA,2021,Triple-A East,Columbus Clippers,0,24,24,124.0,5.01,104,44,25,3
커크 맥카티,Kirkland Kirk McCarty,668948,AAA,2022,International League,Norfolk Tides,1,1,1,4.0,6.75,2,0,1,0
커크 맥카티,Kirkland Kirk McCarty,668948,AAA,2022,International League,Columbus Clippers,1,17,8,61.1,3.38,53,23,11,1
커크 맥카티,Kirkland Kirk McCarty,668948,AAA,2022,International League,Norfolk Tides / Columbus Clippers,0,18,9,65.1,3.58,55,23,12,1
로에니스 엘리아스,Roenis Elías,606273,MLB,2014,American League,Seattle Mariners,1,29,29,163.2,3.85,143,64,16,11
로에니스 엘리아스,Roenis Elías,606273,MLB,2014,American League,Seattle Mariners,0,29,29,163.2,3.85,143,64,16,11
로에니스 엘리아스,Roenis Elías,606273,MLB,2015,American League,Seattle Mariners,1,22,20,115.1,4.14,97,44,15,9
로에니스 엘리아스,Roenis Elías,606273,MLB,2015,American League,Seattle Mariners,0,22,20,115.1,4.14,97,44,15,9
로에니스 엘리아스,Roenis Elías,606273,MLB,2016,American League,Boston Red Sox,1,3,1,7.2,12.91,3,5,2,0
로에니스 엘리아스,Roenis Elías,606273,MLB,2016,American League,Boston Red Sox,0,3,1,7.2,12.91,3,5,2,0
로에니스 엘리아스,Roenis Elías,606273,MLB,2017,American League,Boston Red Sox,1,1,0,0.1,0.00,1,1,0,0
로에니스 엘리아스,Roenis Elías,606273,MLB,2017,American League,Boston Red Sox,0,1,0,0.1,0.00,1,1,0,0
로에니스 엘리아스,Roenis Elías,606273,MLB,2018,American League,Seattle Mariners,1,23,4,51.0,2.65,34,16,1,1
로에니스 엘리아스,Roenis Elías,606273,MLB,2018,American League,Seattle Mariners,0,23,4,51.0,2.65,34,16,1,1
로에니스 엘리아스,Roenis Elías,606273,MLB,2019,American League,Seattle Mariners,1,44,0,47.0,3.64,45,17,8,1
로에니스 엘리아스,Roenis Elías,606273,MLB,2019,National League,Washington Nationals,1,4,0,3.0,9.00,2,1,2,0
로에니스 엘리아스,Roenis Elías,606273,MLB,2019,American League / National League,Seattle Mariners / Washington Nationals,0,48,0,50.0,3.96,47,18,10,1
로에니스 엘리아스,Roenis Elías,606273,MLB,2022,American League,Seattle Mariners,1,7,0,7.2,3.52,6,3,1,0
로에니스 엘리아스,Roenis Elías,606273,MLB,2022,American League,Seattle Mariners,0,7,0,7.2,3.52,6,3,1,0
로에니스 엘리아스,Roenis Elías,606273,AAA,2014,Pacific Coast League,Tacoma Rainiers,1,1,1,5.0,0.00,6,1,0,0
로에니스 엘리아스,Roenis Elías,606273,AAA,2014,Pacific Coast League,Tacoma Rainiers,0,1,1,5.0,0.00,6,1,0,0
로에니스 엘리아스,Roenis Elías,606273,AAA,2015,Pacific Coast League,Tacoma Rainiers,1,12,12,61.1,7.34,47,18,9,4
로에니스 엘리아스,Roenis Elías,606273,AAA,2015,Pacific Coast League,Tacoma Rainiers,0,12,12,61.1,7.34,47,18,9,4
로에니스 엘리아스,Roenis Elías,606273,AAA,2016,International League,Pawtucket Red Sox,1,21,19,125.0,3.60,113,57,10,6
로에니스 엘리아스,Roenis Elías,606273,AAA,2016,International League,Pawtucket Red Sox,0,21,19,125.0,3.60,113,57,10,6
로에니스 엘리아스,Roenis Elías,606273,AAA,2017,International League,Pawtucket Red Sox,1,7,7,34.0,6.62,25,9,9,4
로에니스 엘리아스,Roenis Elías,606273,AAA,2017,International League,Pawtucket Red Sox,0,7,7,34.0,6.62,25,9,9,4
로에니스 엘리아스,Roenis Elías,606273,AAA,2018,International League,Pawtucket Red Sox,1,4,0,7.1,1.23,9,2,1,3
로에니스 엘리아스,Roenis Elías,606273,AAA,2018,Pacific Coast League,Tacoma Rainiers,1,10,7,33.2,4.54,31,15,1,4
로에니스 엘리아스,Roenis Elías,606273,AAA,2018,International League / Pacific Coast League,Pawtucket Red Sox / Tacoma Rainiers,0,14,7,41.0,3.95,40,17,2,7
로에니스 엘리아스,Roenis Elías,606273,AAA,2022,Pacific Coast League,Tacoma Rainiers,1,37,9,65.0,5.12,55,19,8,0
로에니스 엘리아스,Roenis Elías,606273,AAA,2022,Pacific Coast League,Tacoma Rainiers,0,37,9,65.0,5.12,55,19,8,0
이안 맥키니,Ian McKinney,641855,AAA,2021,Triple-A West,Tacoma Rainiers,1,11,10,53.2,6.04,48,28,10,5
이안 맥키니,Ian McKinney,641855,AAA,2021,Triple-A West,Tacoma Rainiers,0,11,10,53.2,6.04,48,28,10,5
이안 맥키니,Ian McKinney,641855,AAA,2022,Pacific Coast League,Tacoma Rainiers,1,10,4,22.1,10.07,8,17,5,3
이안 맥키니,Ian McKinney,641855,AAA,2022,Pacific Coast League,Tacoma Rainiers,0,10,4,22.1,10.07,8,17,5,3
조던 발라조빅,Jordan Balazovic,666364,MLB,2023,American League,Minnesota Twins,1,18,0,24.1,4.44,17,12,5,0
조던 발라조빅,Jordan Balazovic,666364,MLB,2023,American League,Minnesota Twins,0,18,0,24.1,4.44,17,12,5,0
조던 발라조빅,Jordan Balazovic,666364,AAA,2022,International League,St. Paul Saints,1,22,21,70.2,7.39,76,35,20,2
조던 발라조빅,Jordan Balazovic,666364,AAA,2022,International League,St. Paul Saints,0,22,21,70.2,7.39,76,35,20,2
조던 발라조빅,Jordan Balazovic,666364,AAA,2023,International League,St. Paul Saints,1,22,3,45.2,5.32,54,32,5,1
조던 발라조빅,Jordan Balazovic,666364,AAA,2023,International League,St. Paul Saints,0,22,3,45.2,5.32,54,32,5,1
코너 시볼드,Connor Seabold,657756,MLB,2021,American League,Boston Red Sox,1,1,1,3.0,6.00,0,2,1,0
코너 시볼드,Connor Seabold,657756,MLB,2021,American League,Boston Red Sox,0,1,1,3.0,6.00,0,2,1,0
코너 시볼드,Connor Seabold,657756,MLB,2022,American League,Boston Red Sox,1,5,5,18.1,11.29,19,8,5,3
코너 시볼드,Connor Seabold,657756,MLB,2022,American League,Boston Red Sox,0,5,5,18.1,11.29,19,8,5,3
코너 시볼드,Connor Seabold,657756,MLB,2023,National League,Colorado Rockies,1,27,13,87.1,7.52,67,28,19,7
코너 시볼드,Connor Seabold,657756,MLB,2023,National League,Colorado Rockies,0,27,13,87.1,7.52,67,28,19,7
코너 시볼드,Connor Seabold,657756,AAA,2021,Triple-A East,Worcester Red Sox,1,11,11,54.0,3.50,52,19,6,6
코너 시볼드,Connor Seabold,657756,AAA,2021,Triple-A East,Worcester Red Sox,0,11,11,54.0,3.50,52,19,6,6
코너 시볼드,Connor Seabold,657756,AAA,2022,International League,Worcester Red Sox,1,19,19,86.2,3.32,89,19,7,6
코너 시볼드,Connor Seabold,657756,AAA,2022,International League,Worcester Red Sox,0,19,19,86.2,3.32,89,19,7,6
코너 시볼드,Connor Seabold,657756,AAA,2023,Pacific Coast League,Albuquerque Isotopes,1,8,8,31.1,7.47,36,8,3,3
코너 시볼드,Connor Seabold,657756,AAA,2023,Pacific Coast League,Albuquerque Isotopes,0,8,8,31.1,7.47,36,8,3,3
데니 레예스,Denyi Reyes,660593,MLB,2022,American League,Baltimore Orioles,1,3,1,7.2,2.35,3,1,0,0
데니 레예스,Denyi Reyes,660593,MLB,2022,American League,Baltimore Orioles,0,3,1,7.2,2.35,3,1,0,0
데니 레예스,Denyi Reyes,660593,MLB,2023,National League,New York Mets,1,9,3,19.2,7.78,17,8,3,1
데니 레예스,Denyi Reyes,660593,MLB,2023,National League,New York Mets,0,9,3,19.2,7.78,17,8,3,1
데니 레예스,Denyi Reyes,660593,AAA,2022,International League,Norfolk Tides,1,15,10,54.0,7.17,54,8,13,2
데니 레예스,Denyi Reyes,660593,AAA,2022,International League,Norfolk Tides,0,15,10,54.0,7.17,54,8,13,2
데니 레예스,Denyi Reyes,660593,AAA,2023,International League,Syracuse Mets,1,20,18,91.2,5.79,72,33,24,3
데니 레예스,Denyi Reyes,660593,AAA,2023,International League,Syracuse Mets,0,20,18,91.2,5.79,72,33,24,3
디트릭 엔스,Dietrich Arthur Enns,608650,MLB,2017,American League,Minnesota Twins,1,2,1,4.0,6.75,2,1,2,0
디트릭 엔스,Dietrich Arthur Enns,608650,MLB,2017,American League,Minnesota Twins,0,2,1,4.0,6.75,2,1,2,0
디트릭 엔스,Dietrich Arthur Enns,608650,MLB,2021,American League,Tampa Bay Rays,1,9,0,22.1,2.82,25,6,1,0
디트릭 엔스,Dietrich Arthur Enns,608650,MLB,2021,American League,Tampa Bay Rays,0,9,0,22.1,2.82,25,6,1,0
디트릭 엔스,Dietrich Arthur Enns,608650,AAA,2016,International League,Scranton/Wilkes-Barre RailRiders,1,14,10,65.0,1.52,50,26,3,2
디트릭 엔스,Dietrich Arthur Enns,608650,AAA,2016,International League,Scranton/Wilkes-Barre RailRiders,0,14,10,65.0,1.52,50,26,3,2
디트릭 엔스,Dietrich Arthur Enns,608650,AAA,2017,International League,Scranton/Wilkes-Barre RailRiders,1,7,7,39.1,2.29,37,10,1,2
디트릭 엔스,Dietrich Arthur Enns,608650,AAA,2017,International League,Rochester Red Wings,1,3,1,11.2,2.31,9,4,2,0
디트릭 엔스,Dietrich Arthur Enns,608650,AAA,2017,International League,Scranton/Wilkes-Barre RailRiders / Rochester Red Wings,0,10,8,51.0,2.29,46,14,3,2
디트릭 엔스,Dietrich Arthur Enns,608650,AAA,2018,International League,Rochester Red Wings,1,14,13,68.1,5.14,45,30,8,3
디트릭 엔스,Dietrich Arthur Enns,608650,AAA,2018,International League,Rochester Red Wings,0,14,13,68.1,5.14,45,30,8,3
디트릭 엔스,Dietrich Arthur Enns,608650,AAA,2019,Pacific Coast League,El Paso Chihuahuas,1,28,25,137.0,6.70,105,56,37,2
디트릭 엔스,Dietrich Arthur Enns,608650,AAA,2019,Pacific Coast League,El Paso Chihuahuas,0,28,25,137.0,6.70,105,56,37,2
디트릭 엔스,Dietrich Arthur Enns,608650,AAA,2021,Triple-A East,Durham Bulls,1,19,11,71.2,2.64,90,18,8,1
디트릭 엔스,Dietrich Arthur Enns,608650,AAA,2021,Triple-A East,Durham Bulls,0,19,11,71.2,2.64,90,18,8,1
엘리에이저 에르난데스,Elieser Hernández,622694,MLB,2018,National League,Miami Marlins,1,32,6,65.2,5.21,45,27,11,2
엘리에이저 에르난데스,Elieser Hernández,622694,MLB,2018,National League,Miami Marlins,0,32,6,65.2,5.21,45,27,11,2
엘리에이저 에르난데스,Elieser Hernández,622694,MLB,2019,National League,Miami Marlins,1,21,15,82.1,5.03,85,26,20,9
엘리에이저 에르난데스,Elieser Hernández,622694,MLB,2019,National League,Miami Marlins,0,21,15,82.1,5.03,85,26,20,9
엘리에이저 에르난데스,Elieser Hernández,622694,MLB,2020,National League,Miami Marlins,1,6,6,25.2,3.16,34,5,5,2
엘리에이저 에르난데스,Elieser Hernández,622694,MLB,2020,National League,Miami Marlins,0,6,6,25.2,3.16,34,5,5,2
엘리에이저 에르난데스,Elieser Hernández,622694,MLB,2021,National League,Miami Marlins,1,11,11,51.2,4.18,53,14,13,3
엘리에이저 에르난데스,Elieser Hernández,622694,MLB,2021,National League,Miami Marlins,0,11,11,51.2,4.18,53,14,13,3
엘리에이저 에르난데스,Elieser Hernández,622694,MLB,2022,National League,Miami Marlins,1,20,10,62.1,6.35,60,22,19,4
엘리에이저 에르난데스,Elieser Hernández,622694,MLB,2022,National League,Miami Marlins,0,20,10,62.1,6.35,60,22,19,4
엘리에이저 에르난데스,Elieser Hernández,622694,AAA,2018,Pacific Coast League,New Orleans Baby Cakes,1,1,1,2.2,6.75,2,0,1,0
엘리에이저 에르난데스,Elieser Hernández,622694,AAA,2018,Pacific Coast League,New Orleans Baby Cakes,0,1,1,2.2,6.75,2,0,1,0
엘리에이저 에르난데스,Elieser Hernández,622694,AAA,2019,Pacific Coast League,New Orleans Baby Cakes,1,9,9,48.0,1.13,69,14,0,7
엘리에이저 에르난데스,Elieser Hernández,622694,AAA,2019,Pacific Coast League,New Orleans Baby Cakes,0,9,9,48.0,1.13,69,14,0,7
엘리에이저 에르난데스,Elieser Hernández,622694,AAA,2021,Triple-A East,Jacksonville Jumbo Shrimp,1,5,5,21.1,2.95,32,3,3,0
엘리에이저 에르난데스,Elieser Hernández,622694,AAA,2021,Triple-A East,Jacksonville Jumbo Shrimp,0,5,5,21.1,2.95,32,3,3,0
엘리에이저 에르난데스,Elieser Hernández,622694,AAA,2022,International League,Jacksonville Jumbo Shrimp,1,12,11,57.0,4.11,68,17,8,2
엘리에이저 에르난데스,Elieser Hernández,622694,AAA,2022,International League,Jacksonville Jumbo Shrimp,0,12,11,57.0,4.11,68,17,8,2
엘리에이저 에르난데스,Elieser Hernández,622694,AAA,2023,International League,Syracuse Mets,1,2,0,2.0,4.50,2,3,1,0
엘리에이저 에르난데스,Elieser Hernández,622694,AAA,2023,International League,Syracuse Mets,0,2,0,2.0,4.50,2,3,1,0
윌 크로우,William Chandler Crowe,640444,MLB,2020,National League,Washington Nationals,1,3,3,8.1,11.88,8,8,5,1
윌 크로우,William Chandler Crowe,640444,MLB,2020,National League,Washington Nationals,0,3,3,8.1,11.88,8,8,5,1
윌 크로우,William Chandler Crowe,640444,MLB,2021,National League,Pittsburgh Pirates,1,26,25,116.2,5.48,111,57,25,6
윌 크로우,William Chandler Crowe,640444,MLB,2021,National League,Pittsburgh Pirates,0,26,25,116.2,5.48,111,57,25,6
윌 크로우,William Chandler Crowe,640444,MLB,2022,National League,Pittsburgh Pirates,1,60,1,76.0,4.38,68,38,8,3
윌 크로우,William Chandler Crowe,640444,MLB,2022,National League,Pittsburgh Pirates,0,60,1,76.0,4.38,68,38,8,3
윌 크로우,William Chandler Crowe,640444,MLB,2023,National League,Pittsburgh Pirates,1,5,0,9.2,4.66,9,9,1,1
윌 크로우,William Chandler Crowe,640444,MLB,2023,National League,Pittsburgh Pirates,0,5,0,9.2,4.66,9,9,1,1
윌 크로우,William Chandler Crowe,640444,AAA,2019,Pacific Coast League,Fresno Grizzlies,1,10,10,54.0,6.17,41,26,7,1
윌 크로우,William Chandler Crowe,640444,AAA,2019,Pacific Coast League,Fresno Grizzlies,0,10,10,54.0,6.17,41,26,7,1
윌 크로우,William Chandler Crowe,640444,AAA,2021,Triple-A East,Indianapolis Indians,1,1,0,1.0,0.00,1,0,0,0
윌 크로우,William Chandler Crowe,640444,AAA,2021,Triple-A East,Indianapolis Indians,0,1,0,1.0,0.00,1,0,0,0
윌 크로우,William Chandler Crowe,640444,AAA,2023,International League,Indianapolis Indians,1,14,2,27.0,4.33,30,13,3,0
윌 크로우,William Chandler Crowe,640444,AAA,2023,International League,Indianapolis Indians,0,14,2,27.0,4.33,30,13,3,0
캠 알드레드,Cam Alldred,682027,MLB,2022,National League,Pittsburgh Pirates,1,1,0,1.0,0.00,1,0,0,0
캠 알드레드,Cam Alldred,682027,MLB,2022,National League,Pittsburgh Pirates,0,1,0,1.0,0.00,1,0,0,0
캠 알드레드,Cam Alldred,682027,AAA,2021,Triple-A East,Indianapolis Indians,1,5,0,12.2,0.71,10,7,2,1
캠 알드레드,Cam Alldred,682027,AAA,2021,Triple-A East,Indianapolis Indians,0,5,0,12.2,0.71,10,7,2,1
캠 알드레드,Cam Alldred,682027,AAA,2022,International League,Indianapolis Indians,1,42,2,66.1,4.07,62,25,5,3
캠 알드레드,Cam Alldred,682027,AAA,2022,International League,Indianapolis Indians,0,42,2,66.1,4.07,62,25,5,3
캠 알드레드,Cam Alldred,682027,AAA,2023,International League,Indianapolis Indians,1,31,17,105.2,5.20,98,46,16,5
캠 알드레드,Cam Alldred,682027,AAA,2023,International League,Indianapolis Indians,0,31,17,105.2,5.20,98,46,16,5
에릭 스타우트,Eric Stout,657770,MLB,2018,American League,Kansas City Royals,1,3,0,2.1,23.14,2,2,2,0
에릭 스타우트,Eric Stout,657770,MLB,2018,American League,Kansas City Royals,0,3,0,2.1,23.14,2,2,2,0
에릭 스타우트,Eric Stout,657770,MLB,2022,National League,Chicago Cubs,1,2,0,3.2,4.91,6,1,1,0
에릭 스타우트,Eric Stout,657770,MLB,2022,National League,Pittsburgh Pirates,1,18,0,18.2,5.79,19,15,1,3
에릭 스타우트,Eric Stout,657770,MLB,2022,National League,Chicago Cubs / Pittsburgh Pirates,0,20,0,22.1,5.64,25,16,2,3
에릭 스타우트,Eric Stout,657770,AAA,2017,Pacific Coast League,Omaha Storm Chasers,1,45,1,69.1,2.99,56,29,4,3
에릭 스타우트,Eric Stout,657770,AAA,2017,Pacific Coast League,Omaha Storm Chasers,0,45,1,69.1,2.99,56,29,4,3
에릭 스타우트,Eric Stout,657770,AAA,2018,Pacific Coast League,Omaha Storm Chasers,1,38,2,55.0,4.75,44,13,5,2
에릭 스타우트,Eric Stout,657770,AAA,2018,Pacific Coast League,Omaha Storm Chasers,0,38,2,55.0,4.75,44,13,5,2
에릭 스타우트,Eric Stout,657770,AAA,2019,International League,Louisville Bats,1,20,9,60.1,6.27,52,37,15,3
에릭 스타우트,Eric Stout,657770,AAA,2019,International League,Louisville Bats,0,20,9,60.1,6.27,52,37,15,3
에릭 스타우트,Eric Stout,657770,AAA,2021,Triple-A East,Jacksonville Jumbo Shrimp,1,7,4,17.2,10.19,21,18,6,3
에릭 스타우트,Eric Stout,657770,AAA,2021,Triple-A East,Jacksonville Jumbo Shrimp,0,7,4,17.2,10.19,21,18,6,3
에릭 스타우트,Eric Stout,657770,AAA,2022,International League,Iowa Cubs,1,16,1,29.2,3.94,48,22,4,2
에릭 스타우트,Eric Stout,657770,AAA,2022,International League,Indianapolis Indians,1,11,0,13.1,0.68,15,7,0,0
에릭 스타우트,Eric Stout,657770,AAA,2022,International League,Iowa Cubs / Indianapolis Indians,0,27,1,43.0,2.93,63,29,4,2
에릭 스타우트,Eric Stout,657770,AAA,2023,Pacific Coast League,Tacoma Rainiers,1,21,4,40.2,4.20,44,22,3,4
에릭 스타우트,Eric Stout,657770,AAA,2023,Pacific Coast League,Tacoma Rainiers,0,21,4,40.2,4.20,44,22,3,4
에릭 라우어,Eric Lauer,641778,MLB,2018,National League,San Diego Padres,1,23,23,112.0,4.34,100,46,15,6
에릭 라우어,Eric Lauer,641778,MLB,2018,National League,San Diego Padres,0,23,23,112.0,4.34,100,46,15,6
에릭 라우어,Eric Lauer,641778,MLB,2019,National League,San Diego Padres,1,30,29,149.2,4.45,138,51,20,5
에릭 라우어,Eric Lauer,641778,MLB,2019,National League,San Diego Padres,0,30,29,149.2,4.45,138,51,20,5
에릭 라우어,Eric Lauer,641778,MLB,2020,National League,Milwaukee Brewers,1,4,2,11.0,13.09,12,9,2,2
에릭 라우어,Eric Lauer,641778,MLB,2020,National League,Milwaukee Brewers,0,4,2,11.0,13.09,12,9,2,2
에릭 라우어,Eric Lauer,641778,MLB,2021,National League,Milwaukee Brewers,1,24,20,118.2,3.19,117,41,16,2
에릭 라우어,Eric Lauer,641778,MLB,2021,National League,Milwaukee Brewers,0,24,20,118.2,3.19,117,41,16,2
에릭 라우어,Eric Lauer,641778,MLB,2022,National League,Milwaukee Brewers,1,29,29,158.2,3.69,157,59,27,2
에릭 라우어,Eric Lauer,641778,MLB,2022,National League,Milwaukee Brewers,0,29,29,158.2,3.69,157,59,27,2
에릭 라우어,Eric Lauer,641778,MLB,2023,National League,Milwaukee Brewers,1,10,9,46.2,6.56,43,24,16,0
에릭 라우어,Eric Lauer,641778,MLB,2023,National League,Milwaukee Brewers,0,10,9,46.2,6.56,43,24,16,0
에릭 라우어,Eric Lauer,641778,AAA,2018,Pacific Coast League,El Paso Chihuahuas,1,4,4,21.1,2.53,22,9,1,1
에릭 라우어,Eric Lauer,641778,AAA,2018,Pacific Coast League,El Paso Chihuahuas,0,4,4,21.1,2.53,22,9,1,1
에릭 라우어,Eric Lauer,641778,AAA,2021,Triple-A East,Nashville Sounds,1,1,1,5.0,0.00,12,2,0,0
에릭 라우어,Eric Lauer,641778,AAA,2021,Triple-A East,Nashville Sounds,0,1,1,5.0,0.00,12,2,0,0
에릭 라우어,Eric Lauer,641778,AAA,2023,International League,Nashville Sounds,1,12,9,43.2,5.15,64,23,6,2
에릭 라우어,Eric Lauer,641778,AAA,2023,International League,Nashville Sounds,0,12,9,43.2,5.15,64,23,6,2
제임스 네일,James Aubrey Naile,664942,MLB,2022,National League,St. Louis Cardinals,1,7,0,9.0,5.00,5,2,2,0
제임스 네일,James Aubrey Naile,664942,MLB,2022,National League,St. Louis Cardinals,0,7,0,9.0,5.00,5,2,2,0
제임스 네일,James Aubrey Naile,664942,MLB,2023,National League,St. Louis Cardinals,1,10,0,15.1,8.80,7,9,1,0
제임스 네일,James Aubrey Naile,664942,MLB,2023,National League,St. Louis Cardinals,0,10,0,15.1,8.80,7,9,1,0
제임스 네일,James Aubrey Naile,664942,AAA,2016,Pacific Coast League,Nashville Sounds,1,2,2,11.0,5.73,4,5,1,0
제임스 네일,James Aubrey Naile,664942,AAA,2016,Pacific Coast League,Nashville Sounds,0,2,2,11.0,5.73,4,5,1,0
제임스 네일,James Aubrey Naile,664942,AAA,2018,Pacific Coast League,Nashville Sounds,1,24,24,135.2,4.71,77,40,12,9
제임스 네일,James Aubrey Naile,664942,AAA,2018,Pacific Coast League,Nashville Sounds,0,24,24,135.2,4.71,77,40,12,9
제임스 네일,James Aubrey Naile,664942,AAA,2019,Pacific Coast League,Las Vegas Aviators,1,3,3,16.1,4.41,10,6,4,1
제임스 네일,James Aubrey Naile,664942,AAA,2019,Pacific Coast League,Las Vegas Aviators,0,3,3,16.1,4.41,10,6,4,1
제임스 네일,James Aubrey Naile,664942,AAA,2021,Triple-A West,Las Vegas Aviators,1,51,0,62.1,4.04,51,15,7,3
제임스 네일,James Aubrey Naile,664942,AAA,2021,Triple-A West,Las Vegas Aviators,0,51,0,62.1,4.04,51,15,7,3
제임스 네일,James Aubrey Naile,664942,AAA,2022,International League,Memphis Redbirds,1,44,3,73.1,3.31,64,21,5,5
제임스 네일,James Aubrey Naile,664942,AAA,2022,International League,Memphis Redbirds,0,44,3,73.1,3.31,64,21,5,5
제임스 네일,James Aubrey Naile,664942,AAA,2023,International League,Memphis Redbirds,1,31,3,59.0,3.66,66,21,6,4
제임스 네일,James Aubrey Naile,664942,AAA,2023,International League,Memphis Redbirds,0,31,3,59.0,3.66,66,21,6,4
다니엘 카스타노,Daniel Alexander Castano,641447,MLB,2020,National League,Miami Marlins,1,7,6,29.2,3.03,12,11,3,0
다니엘 카스타노,Daniel Alexander Castano,641447,MLB,2020,National League,Miami Marlins,0,7,6,29.2,3.03,12,11,3,0
다니엘 카스타노,Daniel Alexander Castano,641447,MLB,2021,National League,Miami Marlins,1,5,4,20.1,4.87,13,8,3,1
다니엘 카스타노,Daniel Alexander Castano,641447,MLB,2021,National League,Miami Marlins,0,5,4,20.1,4.87,13,8,3,1
다니엘 카스타노,Daniel Alexander Castano,641447,MLB,2022,National League,Miami Marlins,1,10,7,35.2,4.04,20,9,5,2
다니엘 카스타노,Daniel Alexander Castano,641447,MLB,2022,National League,Miami Marlins,0,10,7,35.2,4.04,20,9,5,2
다니엘 카스타노,Daniel Alexander Castano,641447,MLB,2023,National League,Miami Marlins,1,2,0,3.0,21.00,4,3,2,0
다니엘 카스타노,Daniel Alexander Castano,641447,MLB,2023,National League,Miami Marlins,0,2,0,3.0,21.00,4,3,2,0
다니엘 카스타노,Daniel Alexander Castano,641447,AAA,2021,Triple-A East,Jacksonville Jumbo Shrimp,1,14,14,78.1,3.91,54,16,16,4
다니엘 카스타노,Daniel Alexander Castano,641447,AAA,2021,Triple-A East,Jacksonville Jumbo Shrimp,0,14,14,78.1,3.91,54,16,16,4
다니엘 카스타노,Daniel Alexander Castano,641447,AAA,2022,International League,Jacksonville Jumbo Shrimp,1,7,6,34.0,4.24,38,11,10,1
다니엘 카스타노,Daniel Alexander Castano,641447,AAA,2022,International League,Jacksonville Jumbo Shrimp,0,7,6,34.0,4.24,38,11,10,1
다니엘 카스타노,Daniel Alexander Castano,641447,AAA,2023,International League,Jacksonville Jumbo Shrimp,1,17,9,61.2,4.67,58,26,10,2
다니엘 카스타노,Daniel Alexander Castano,641447,AAA,2023,International League,Jacksonville Jumbo Shrimp,0,17,9,61.2,4.67,58,26,10,2
카일 하트,Kyle Patrick Hart,606996,MLB,2020,American League,Boston Red Sox,1,4,3,11.0,15.55,13,10,4,0
카일 하트,Kyle Patrick Hart,606996,MLB,2020,American League,Boston Red Sox,0,4,3,11.0,15.55,13,10,4,0
카일 하트,Kyle Patrick Hart,606996,AAA,2019,International League,Pawtucket Red Sox,1,18,15,100.1,3.86,80,36,8,6
카일 하트,Kyle Patrick Hart,606996,AAA,2019,International League,Pawtucket Red Sox,0,18,15,100.1,3.86,80,36,8,6
카일 하트,Kyle Patrick Hart,606996,AAA,2021,Triple-A East,Worcester Red Sox,1,23,20,106.2,4.22,90,47,19,8
카일 하트,Kyle Patrick Hart,606996,AAA,2021,Triple-A East,Worcester Red Sox,0,23,20,106.2,4.22,90,47,19,8
카일 하트,Kyle Patrick Hart,606996,AAA,2022,International League,Worcester Red Sox,1,9,4,38.1,5.63,32,19,7,1
카일 하트,Kyle Patrick Hart,606996,AAA,2022,International League,Worcester Red Sox,0,9,4,38.1,5.63,32,19,7,1
카일 하트,Kyle Patrick Hart,606996,AAA,2023,International League,Lehigh Valley IronPigs,1,1,0,1.0,0.00,1,0,0,0
카일 하트,Kyle Patrick Hart,606996,AAA,2023,Pacific Coast League,Tacoma Rainiers,1,18,18,88.1,4.58,85,35,10,4
카일 하트,Kyle Patrick Hart,606996,AAA,2023,International League / Pacific Coast League,Lehigh Valley IronPigs / Tacoma Rainiers,0,19,18,89.1,4.53,86,35,10,4
라이언 와이스,Ryan Weiss,680802,AAA,2021,Triple-A West,Reno Aces,1,21,0,30.1,5.04,38,15,2,0
라이언 와이스,Ryan Weiss,680802,AAA,2021,Triple-A West,Reno Aces,0,21,0,30.1,5.04,38,15,2,0
라이언 와이스,Ryan Weiss,680802,AAA,2022,Pacific Coast League,Reno Aces,1,7,1,9.2,7.45,10,7,5,1
라이언 와이스,Ryan Weiss,680802,AAA,2022,International League,Omaha Storm Chasers,1,30,0,35.2,7.82,34,16,6,1
라이언 와이스,Ryan Weiss,680802,AAA,2022,International League / Pacific Coast League,Reno Aces / Omaha Storm Chasers,0,37,1,45.1,7.74,44,23,11,2
라이언 와이스,Ryan Weiss,680802,AAA,2023,International League,Omaha Storm Chasers,1,12,0,14.0,7.07,15,14,3,6
라이언 와이스,Ryan Weiss,680802,AAA,2023,International League,Omaha Storm Chasers,0,12,0,14.0,7.07,15,14,3,6
하이메 바리아,Jaime Barria,642545,MLB,2018,American League,Los Angeles Angels,1,26,26,129.1,3.41,98,47,17,6
하이메 바리아,Jaime Barria,642545,MLB,2018,American League,Los Angeles Angels,0,26,26,129.1,3.41,98,47,17,6
하이메 바리아,Jaime Barria,642545,MLB,2019,American League,Los Angeles Angels,1,19,13,82.2,6.42,75,27,24,2
하이메 바리아,Jaime Barria,642545,MLB,2019,American League,Los Angeles Angels,0,19,13,82.2,6.42,75,27,24,2
하이메 바리아,Jaime Barria,642545,MLB,2020,American League,Los Angeles Angels,1,7,5,32.1,3.62,27,9,3,1
하이메 바리아,Jaime Barria,642545,MLB,2020,American League,Los Angeles Angels,0,7,5,32.1,3.62,27,9,3,1
하이메 바리아,Jaime Barria,642545,MLB,2021,American League,Los Angeles Angels,1,13,11,56.2,4.61,35,19,8,2
하이메 바리아,Jaime Barria,642545,MLB,2021,American League,Los Angeles Angels,0,13,11,56.2,4.61,35,19,8,2
하이메 바리아,Jaime Barria,642545,MLB,2022,American League,Los Angeles Angels,1,35,1,79.1,2.61,54,19,11,3
하이메 바리아,Jaime Barria,642545,MLB,2022,American League,Los Angeles Angels,0,35,1,79.1,2.61,54,19,11,3
하이메 바리아,Jaime Barria,642545,MLB,2023,American League,Los Angeles Angels,1,34,6,82.1,5.68,62,30,20,2
하이메 바리아,Jaime Barria,642545,MLB,2023,American League,Los Angeles Angels,0,34,6,82.1,5.68,62,30,20,2
하이메 바리아,Jaime Barria,642545,AAA,2017,Pacific Coast League,Salt Lake Bees,1,3,3,14.2,2.45,13,3,0,1
하이메 바리아,Jaime Barria,642545,AAA,2017,Pacific Coast League,Salt Lake Bees,0,3,3,14.2,2.45,13,3,0,1
하이메 바리아,Jaime Barria,642545,AAA,2018,Pacific Coast League,Salt Lake Bees,1,5,5,18.0,3.50,19,5,2,1
하이메 바리아,Jaime Barria,642545,AAA,2018,Pacific Coast League,Salt Lake Bees,0,5,5,18.0,3.50,19,5,2,1
하이메 바리아,Jaime Barria,642545,AAA,2019,Pacific Coast League,Salt Lake Bees,1,10,10,48.1,9.68,44,10,16,2
하이메 바리아,Jaime Barria,642545,AAA,2019,Pacific Coast League,Salt Lake Bees,0,10,10,48.1,9.68,44,10,16,2
하이메 바리아,Jaime Barria,642545,AAA,2021,Triple-A West,Salt Lake Bees,1,10,10,49.0,4.41,34,8,10,1
하이메 바리아,Jaime Barria,642545,AAA,2021,Triple-A West,Salt Lake Bees,0,10,10,49.0,4.41,34,8,10,1
로버트 더거,Robert Lee Dugger,667498,MLB,2019,National League,Miami Marlins,1,7,7,34.1,5.77,25,17,6,5
로버트 더거,Robert Lee Dugger,667498,MLB,2019,National League,Miami Marlins,0,7,7,34.1,5.77,25,17,6,5
로버트 더거,Robert Lee Dugger,667498,MLB,2020,National League,Miami Marlins,1,4,1,10.2,12.66,4,3,5,0
로버트 더거,Robert Lee Dugger,667498,MLB,2020,National League,Miami Marlins,0,4,1,10.2,12.66,4,3,5,0
로버트 더거,Robert Lee Dugger,667498,MLB,2021,American League,Seattle Mariners,1,12,4,25.2,7.36,19,12,4,1
로버트 더거,Robert Lee Dugger,667498,MLB,2021,American League,Seattle Mariners,0,12,4,25.2,7.36,19,12,4,1
로버트 더거,Robert Lee Dugger,667498,MLB,2022,American League,Tampa Bay Rays,1,1,0,5.1,5.06,7,0,0,0
로버트 더거,Robert Lee Dugger,667498,MLB,2022,National League,Cincinnati Reds,1,3,1,10.2,6.75,12,7,3,0
로버트 더거,Robert Lee Dugger,667498,MLB,2022,American League / National League,Tampa Bay Rays / Cincinnati Reds,0,4,1,16.0,6.19,19,7,3,0
로버트 더거,Robert Lee Dugger,667498,AAA,2016,Pacific Coast League,Tacoma Rainiers,1,2,0,4.0,6.75,4,0,0,0
로버트 더거,Robert Lee Dugger,667498,AAA,2016,Pacific Coast League,Tacoma Rainiers,0,2,0,4.0,6.75,4,0,0,0
로버트 더거,Robert Lee Dugger,667498,AAA,2019,Pacific Coast League,New Orleans Baby Cakes,1,10,10,53.1,7.59,49,17,12,3
로버트 더거,Robert Lee Dugger,667498,AAA,2019,Pacific Coast League,New Orleans Baby Cakes,0,10,10,53.1,7.59,49,17,12,3
로버트 더거,Robert Lee Dugger,667498,AAA,2021,Triple-A West,Tacoma Rainiers,1,15,14,69.1,6.10,64,24,12,1
로버트 더거,Robert Lee Dugger,667498,AAA,2021,Triple-A West,Tacoma Rainiers,0,15,14,69.1,6.10,64,24,12,1
로버트 더거,Robert Lee Dugger,667498,AAA,2022,International League,Durham Bulls,1,5,5,16.0,3.94,13,7,2,2
로버트 더거,Robert Lee Dugger,667498,AAA,2022,International League,Louisville Bats,1,14,7,50.1,4.65,39,26,5,0
로버트 더거,Robert Lee Dugger,667498,AAA,2022,International League,Durham Bulls / Louisville Bats,0,19,12,66.1,4.48,52,33,7,2
로버트 더거,Robert Lee Dugger,667498,AAA,2023,Pacific Coast League,Round Rock Express,1,29,29,146.1,4.31,143,60,18,3
로버트 더거,Robert Lee Dugger,667498,AAA,2023,Pacific Coast League,Round Rock Express,0,29,29,146.1,4.31,143,60,18,3
드류 앤더슨,Andrew James Anderson,623454,MLB,2017,National League,Philadelphia Phillies,1,2,0,2.1,23.14,2,1,0,0
드류 앤더슨,Andrew James Anderson,623454,MLB,2017,National League,Philadelphia Phillies,0,2,0,2.1,23.14,2,1,0,0
드류 앤더슨,Andrew James Anderson,623454,MLB,2018,National League,Philadelphia Phillies,1,5,1,12.2,4.97,11,2,0,2
드류 앤더슨,Andrew James Anderson,623454,MLB,2018,National League,Philadelphia Phillies,0,5,1,12.2,4.97,11,2,0,2
드류 앤더슨,Andrew James Anderson,623454,MLB,2019,National League,Philadelphia Phillies,1,2,0,6.0,7.50,6,6,1,0
드류 앤더슨,Andrew James Anderson,623454,MLB,2019,National League,Philadelphia Phillies,0,2,0,6.0,7.50,6,6,1,0
드류 앤더슨,Andrew James Anderson,623454,MLB,2020,American League,Chicago White Sox,1,1,0,1.1,40.50,2,2,2,0
드류 앤더슨,Andrew James Anderson,623454,MLB,2020,American League,Chicago White Sox,0,1,0,1.1,40.50,2,2,2,0
드류 앤더슨,Andrew James Anderson,623454,MLB,2021,American League,Texas Rangers,1,9,1,22.0,3.27,9,6,1,1
드류 앤더슨,Andrew James Anderson,623454,MLB,2021,American League,Texas Rangers,0,9,1,22.0,3.27,9,6,1,1
드류 앤더슨,Andrew James Anderson,623454,AAA,2017,International League,Lehigh Valley IronPigs,1,1,1,6.2,1.35,7,2,1,1
드류 앤더슨,Andrew James Anderson,623454,AAA,2017,International League,Lehigh Valley IronPigs,0,1,1,6.2,1.35,7,2,1,1
드류 앤더슨,Andrew James Anderson,623454,AAA,2018,International League,Lehigh Valley IronPigs,1,19,19,104.2,3.87,84,29,14,8
드류 앤더슨,Andrew James Anderson,623454,AAA,2018,International League,Lehigh Valley IronPigs,0,19,19,104.2,3.87,84,29,14,8
드류 앤더슨,Andrew James Anderson,623454,AAA,2019,International League,Lehigh Valley IronPigs,1,11,11,48.1,5.77,40,27,9,4
드류 앤더슨,Andrew James Anderson,623454,AAA,2019,International League,Lehigh Valley IronPigs,0,11,11,48.1,5.77,40,27,9,4
드류 앤더슨,Andrew James Anderson,623454,AAA,2021,Triple-A West,Round Rock Express,1,15,12,70.2,3.06,86,29,8,0
드류 앤더슨,Andrew James Anderson,623454,AAA,2021,Triple-A West,Round Rock Express,0,15,12,70.2,3.06,86,29,8,0
콜 어빈,Cole Irvin,608344,MLB,2019,National League,Philadelphia Phillies,1,16,3,41.2,5.83,31,13,7,3
콜 어빈,Cole Irvin,608344,MLB,2019,National League,Philadelphia Phillies,0,16,3,41.2,5.83,31,13,7,3
콜 어빈,Cole Irvin,608344,MLB,2020,National League,Philadelphia Phillies,1,3,0,3.2,17.18,4,1,1,0
콜 어빈,Cole Irvin,608344,MLB,2020,National League,Philadelphia Phillies,0,3,0,3.2,17.18,4,1,1,0
콜 어빈,Cole Irvin,608344,MLB,2021,American League,Oakland Athletics,1,32,32,178.1,4.24,125,42,23,9
콜 어빈,Cole Irvin,608344,MLB,2021,American League,Oakland Athletics,0,32,32,178.1,4.24,125,42,23,9
콜 어빈,Cole Irvin,608344,MLB,2022,American League,Oakland Athletics,1,30,30,181.0,3.98,128,36,25,7
콜 어빈,Cole Irvin,608344,MLB,2022,American League,Oakland Athletics,0,30,30,181.0,3.98,128,36,25,7
콜 어빈,Cole Irvin,608344,MLB,2023,American League,Baltimore Orioles,1,24,12,77.1,4.42,68,21,11,7
콜 어빈,Cole Irvin,608344,MLB,2023,American League,Baltimore Orioles,0,24,12,77.1,4.42,68,21,11,7
콜 어빈,Cole Irvin,608344,MLB,2024,American League,Baltimore Orioles,1,25,16,107.1,4.86,76,25,17,5
콜 어빈,Cole Irvin,608344,MLB,2024,American League,Minnesota Twins,1,4,0,3.2,12.27,2,4,1,1
콜 어빈,Cole Irvin,608344,MLB,2024,American League,Baltimore Orioles / Minnesota Twins,0,29,16,111.0,5.11,78,29,18,6
콜 어빈,Cole Irvin,608344,AAA,2018,International League,Lehigh Valley IronPigs,1,26,25,161.1,2.57,131,35,11,3
콜 어빈,Cole Irvin,608344,AAA,2018,International League,Lehigh Valley IronPigs,0,26,25,161.1,2.57,131,35,11,3
콜 어빈,Cole Irvin,608344,AAA,2019,International League,Lehigh Valley IronPigs,1,17,16,93.2,3.94,65,14,13,2
콜 어빈,Cole Irvin,608344,AAA,2019,International League,Lehigh Valley IronPigs,0,17,16,93.2,3.94,65,14,13,2
콜 어빈,Cole Irvin,608344,AAA,2023,International League,Norfolk Tides,1,9,9,49.1,4.38,30,9,8,4
콜 어빈,Cole Irvin,608344,AAA,2023,International League,Norfolk Tides,0,9,9,49.1,4.38,30,9,8,4
콜 어빈,Cole Irvin,608344,AAA,2024,International League,Norfolk Tides,1,2,2,6.2,4.05,5,6,0,1
콜 어빈,Cole Irvin,608344,AAA,2024,International League,Norfolk Tides,0,2,2,6.2,4.05,5,6,0,1
잭 로그,Zach Logue,656657,MLB,2022,American League,Oakland Athletics,1,14,10,57.0,6.79,42,20,13,2
잭 로그,Zach Logue,656657,MLB,2022,American League,Oakland Athletics,0,14,10,57.0,6.79,42,20,13,2
잭 로그,Zach Logue,656657,MLB,2023,American League,Detroit Tigers,1,3,0,11.0,7.36,10,2,3,0
잭 로그,Zach Logue,656657,MLB,2023,American League,Detroit Tigers,0,3,0,11.0,7.36,10,2,3,0
잭 로그,Zach Logue,656657,MLB,2024,National League,Los Angeles Dodgers,1,2,0,2.0,18.00,4,0,1,0
잭 로그,Zach Logue,656657,MLB,2024,National League,Los Angeles Dodgers,0,2,0,2.0,18.00,4,0,1,0
잭 로그,Zach Logue,656657,AAA,2019,International League,Buffalo Bisons,1,1,0,3.1,5.40,4,4,0,1
잭 로그,Zach Logue,656657,AAA,2019,International League,Buffalo Bisons,0,1,0,3.1,5.40,4,4,0,1
잭 로그,Zach Logue,656657,AAA,2021,Triple-A East,Buffalo Bisons,1,18,17,89.1,3.32,93,20,9,9
잭 로그,Zach Logue,656657,AAA,2021,Triple-A East,Buffalo Bisons,0,18,17,89.1,3.32,93,20,9,9
잭 로그,Zach Logue,656657,AAA,2022,Pacific Coast League,Las Vegas Aviators,1,17,17,78.2,8.12,59,38,25,7
잭 로그,Zach Logue,656657,AAA,2022,Pacific Coast League,Las Vegas Aviators,0,17,17,78.2,8.12,59,38,25,7
잭 로그,Zach Logue,656657,AAA,2023,International League,Toledo Mud Hens,1,27,21,90.1,6.58,85,44,20,4
잭 로그,Zach Logue,656657,AAA,2023,International League,Toledo Mud Hens,0,27,21,90.1,6.58,85,44,20,4
잭 로그,Zach Logue,656657,AAA,2024,International League,Gwinnett Stripers,1,23,12,90.2,2.68,86,27,8,9
잭 로그,Zach Logue,656657,AAA,2024,Pacific Coast League,Oklahoma City Baseball Club,1,1,1,3.0,3.00,1,0,0,0
잭 로그,Zach Logue,656657,AAA,2024,International League / Pacific Coast League,Gwinnett Stripers / Oklahoma City Baseball Club,0,24,13,93.2,2.69,87,27,8,9
헤르손 가라비토,Gerson Yeris Garabito,642520,MLB,2024,American League,Texas Rangers,1,18,2,26.1,4.78,22,12,4,4
헤르손 가라비토,Gerson Yeris Garabito,642520,MLB,2024,American League,Texas Rangers,0,18,2,26.1,4.78,22,12,4,4
헤르손 가라비토,Gerson Yeris Garabito,642520,AAA,2021,Triple-A West,Sacramento River Cats,1,11,6,42.0,4.71,36,27,7,3
헤르손 가라비토,Gerson Yeris Garabito,642520,AAA,2021,Triple-A West,Sacramento River Cats,0,11,6,42.0,4.71,36,27,7,3
헤르손 가라비토,Gerson Yeris Garabito,642520,AAA,2024,Pacific Coast League,Round Rock Express,1,13,10,55.1,3.42,55,12,6,8
헤르손 가라비토,Gerson Yeris Garabito,642520,AAA,2024,Pacific Coast League,Round Rock Express,0,13,10,55.1,3.42,55,12,6,8
요니 치리노스,Yonny Chirinos,630023,MLB,2018,American League,Tampa Bay Rays,1,18,7,89.2,3.51,75,25,7,5
요니 치리노스,Yonny Chirinos,630023,MLB,2018,American League,Tampa Bay Rays,0,18,7,89.2,3.51,75,25,7,5
요니 치리노스,Yonny Chirinos,630023,MLB,2019,American League,Tampa Bay Rays,1,26,18,133.1,3.85,114,28,23,3
요니 치리노스,Yonny Chirinos,630023,MLB,2019,American League,Tampa Bay Rays,0,26,18,133.1,3.85,114,28,23,3
요니 치리노스,Yonny Chirinos,630023,MLB,2020,American League,Tampa Bay Rays,1,3,3,11.1,2.38,10,4,2,2
요니 치리노스,Yonny Chirinos,630023,MLB,2020,American League,Tampa Bay Rays,0,3,3,11.1,2.38,10,4,2,2
요니 치리노스,Yonny Chirinos,630023,MLB,2022,American League,Tampa Bay Rays,1,2,1,7.0,0.00,6,1,0,1
요니 치리노스,Yonny Chirinos,630023,MLB,2022,American League,Tampa Bay Rays,0,2,1,7.0,0.00,6,1,0,1
요니 치리노스,Yonny Chirinos,630023,MLB,2023,American League,Tampa Bay Rays,1,15,4,62.2,4.02,31,20,10,4
요니 치리노스,Yonny Chirinos,630023,MLB,2023,National League,Atlanta Braves,1,5,5,22.1,9.27,22,7,5,1
요니 치리노스,Yonny Chirinos,630023,MLB,2023,American League / National League,Tampa Bay Rays / Atlanta Braves,0,20,9,85.0,5.40,53,27,15,5
요니 치리노스,Yonny Chirinos,630023,MLB,2024,National League,Miami Marlins,1,6,6,30.0,6.30,25,13,7,3
요니 치리노스,Yonny Chirinos,630023,MLB,2024,National League,Miami Marlins,0,6,6,30.0,6.30,25,13,7,3
요니 치리노스,Yonny Chirinos,630023,AAA,2017,International League,Durham Bulls,1,23,22,141.0,2.74,120,22,10,2
요니 치리노스,Yonny Chirinos,630023,AAA,2017,International League,Durham Bulls,0,23,22,141.0,2.74,120,22,10,2
요니 치리노스,Yonny Chirinos,630023,AAA,2018,International League,Durham Bulls,1,8,8,30.2,5.28,31,7,7,0
요니 치리노스,Yonny Chirinos,630023,AAA,2018,International League,Durham Bulls,0,8,8,30.2,5.28,31,7,7,0
요니 치리노스,Yonny Chirinos,630023,AAA,2022,International League,Durham Bulls,1,5,5,16.0,2.81,13,6,2,0
요니 치리노스,Yonny Chirinos,630023,AAA,2022,International League,Durham Bulls,0,5,5,16.0,2.81,13,6,2,0
요니 치리노스,Yonny Chirinos,630023,AAA,2023,International League,Durham Bulls,1,5,4,19.1,4.66,17,8,1,1
요니 치리노스,Yonny Chirinos,630023,AAA,2023,International League,Durham Bulls,0,5,4,19.1,4.66,17,8,1,1
요니 치리노스,Yonny Chirinos,630023,AAA,2024,International League,Jacksonville Jumbo Shrimp,1,21,21,110.2,3.66,92,37,11,4
요니 치리노스,Yonny Chirinos,630023,AAA,2024,International League,Jacksonville Jumbo Shrimp,0,21,21,110.2,3.66,92,37,11,4
애덤 올러,Adam Oller,670124,MLB,2022,American League,Oakland Athletics,1,19,14,74.1,6.30,46,39,17,2
애덤 올러,Adam Oller,670124,MLB,2022,American League,Oakland Athletics,0,19,14,74.1,6.30,46,39,17,2
애덤 올러,Adam Oller,670124,MLB,2023,American League,Oakland Athletics,1,9,1,19.2,10.07,13,12,5,1
애덤 올러,Adam Oller,670124,MLB,2023,American League,Oakland Athletics,0,9,1,19.2,10.07,13,12,5,1
애덤 올러,Adam Oller,670124,MLB,2024,National League,Miami Marlins,1,8,8,42.1,5.31,36,22,7,2
애덤 올러,Adam Oller,670124,MLB,2024,National League,Miami Marlins,0,8,8,42.1,5.31,36,22,7,2
애덤 올러,Adam Oller,670124,AAA,2021,Triple-A East,Syracuse Mets,1,8,8,44.0,2.45,43,18,1,6
애덤 올러,Adam Oller,670124,AAA,2021,Triple-A East,Syracuse Mets,0,8,8,44.0,2.45,43,18,1,6
애덤 올러,Adam Oller,670124,AAA,2022,Pacific Coast League,Las Vegas Aviators,1,7,7,31.2,3.69,32,17,0,1
애덤 올러,Adam Oller,670124,AAA,2022,Pacific Coast League,Las Vegas Aviators,0,7,7,31.2,3.69,32,17,0,1
애덤 올러,Adam Oller,670124,AAA,2023,Pacific Coast League,Las Vegas Aviators,1,12,9,50.2,7.11,59,24,12,3
애덤 올러,Adam Oller,670124,AAA,2023,Pacific Coast League,Tacoma Rainiers,1,12,12,63.2,5.51,62,28,13,5
애덤 올러,Adam Oller,670124,AAA,2023,Pacific Coast League,Las Vegas Aviators / Tacoma Rainiers,0,24,21,114.1,6.22,121,52,25,8
애덤 올러,Adam Oller,670124,AAA,2024,International League,Columbus Clippers,1,12,6,27.2,7.48,33,18,6,1
애덤 올러,Adam Oller,670124,AAA,2024,International League,Jacksonville Jumbo Shrimp,1,6,3,25.0,2.88,24,7,2,0
애덤 올러,Adam Oller,670124,AAA,2024,International League,Columbus Clippers / Jacksonville Jumbo Shrimp,0,18,9,52.2,5.30,57,25,8,1
터커 데이비드슨,Tucker Davidson,656353,MLB,2020,National League,Atlanta Braves,1,1,1,1.2,10.80,2,4,1,0
터커 데이비드슨,Tucker Davidson,656353,MLB,2020,National League,Atlanta Braves,0,1,1,1.2,10.80,2,4,1,0
터커 데이비드슨,Tucker Davidson,656353,MLB,2021,National League,Atlanta Braves,1,4,4,20.0,3.60,18,8,3,0
터커 데이비드슨,Tucker Davidson,656353,MLB,2021,National League,Atlanta Braves,0,4,4,20.0,3.60,18,8,3,0
터커 데이비드슨,Tucker Davidson,656353,MLB,2022,National League,Atlanta Braves,1,4,3,15.1,6.46,10,13,0,1
터커 데이비드슨,Tucker Davidson,656353,MLB,2022,American League,Los Angeles Angels,1,8,8,36.2,6.87,23,22,7,2
터커 데이비드슨,Tucker Davidson,656353,MLB,2022,American League / National League,Atlanta Braves / Los Angeles Angels,0,12,11,52.0,6.75,33,35,7,3
터커 데이비드슨,Tucker Davidson,656353,MLB,2023,American League,Los Angeles Angels,1,18,0,31.2,6.54,31,11,2,2
터커 데이비드슨,Tucker Davidson,656353,MLB,2023,American League,Kansas City Royals,1,20,1,19.2,5.03,15,8,4,1
터커 데이비드슨,Tucker Davidson,656353,MLB,2023,American League,Los Angeles Angels / Kansas City Royals,0,38,1,51.1,5.96,46,19,6,3
터커 데이비드슨,Tucker Davidson,656353,MLB,2024,American League,Baltimore Orioles,1,1,0,4.2,0.00,1,2,0,0
터커 데이비드슨,Tucker Davidson,656353,MLB,2024,American League,Baltimore Orioles,0,1,0,4.2,0.00,1,2,0,0
터커 데이비드슨,Tucker Davidson,656353,AAA,2019,International League,Gwinnett Stripers,1,4,4,19.0,2.84,12,9,0,2
터커 데이비드슨,Tucker Davidson,656353,AAA,2019,International League,Gwinnett Stripers,0,4,4,19.0,2.84,12,9,0,2
터커 데이비드슨,Tucker Davidson,656353,AAA,2021,Triple-A East,Gwinnett Stripers,1,4,4,23.0,1.17,28,5,2,0
터커 데이비드슨,Tucker Davidson,656353,AAA,2021,Triple-A East,Gwinnett Stripers,0,4,4,23.0,1.17,28,5,2,0
터커 데이비드슨,Tucker Davidson,656353,AAA,2022,International League,Gwinnett Stripers,1,15,15,80.1,4.59,96,24,14,2
터커 데이비드슨,Tucker Davidson,656353,AAA,2022,International League,Gwinnett Stripers,0,15,15,80.1,4.59,96,24,14,2
터커 데이비드슨,Tucker Davidson,656353,AAA,2024,International League,Norfolk Tides,1,32,17,115.2,3.89,104,46,17,2
터커 데이비드슨,Tucker Davidson,656353,AAA,2024,International League,Norfolk Tides,0,32,17,115.2,3.89,104,46,17,2
빈스 벨라스케즈,Vincent John Velasquez,592826,MLB,2015,American League,Houston Astros,1,19,7,55.2,4.37,58,21,5,2
빈스 벨라스케즈,Vincent John Velasquez,592826,MLB,2015,American League,Houston Astros,0,19,7,55.2,4.37,58,21,5,2
빈스 벨라스케즈,Vincent John Velasquez,592826,MLB,2016,National League,Philadelphia Phillies,1,24,24,131.0,4.12,152,45,21,1
빈스 벨라스케즈,Vincent John Velasquez,592826,MLB,2016,National League,Philadelphia Phillies,0,24,24,131.0,4.12,152,45,21,1
빈스 벨라스케즈,Vincent John Velasquez,592826,MLB,2017,National League,Philadelphia Phillies,1,15,15,72.0,5.13,68,34,15,3
빈스 벨라스케즈,Vincent John Velasquez,592826,MLB,2017,National League,Philadelphia Phillies,0,15,15,72.0,5.13,68,34,15,3
빈스 벨라스케즈,Vincent John Velasquez,592826,MLB,2018,National League,Philadelphia Phillies,1,31,30,146.2,4.85,161,59,16,8
빈스 벨라스케즈,Vincent John Velasquez,592826,MLB,2018,National League,Philadelphia Phillies,0,31,30,146.2,4.85,161,59,16,8
빈스 벨라스케즈,Vincent John Velasquez,592826,MLB,2019,National League,Philadelphia Phillies,1,33,23,117.1,4.91,130,43,26,9
빈스 벨라스케즈,Vincent John Velasquez,592826,MLB,2019,National League,Philadelphia Phillies,0,33,23,117.1,4.91,130,43,26,9
빈스 벨라스케즈,Vincent John Velasquez,592826,MLB,2020,National League,Philadelphia Phillies,1,9,7,34.0,5.56,46,17,5,3
빈스 벨라스케즈,Vincent John Velasquez,592826,MLB,2020,National League,Philadelphia Phillies,0,9,7,34.0,5.56,46,17,5,3
빈스 벨라스케즈,Vincent John Velasquez,592826,MLB,2021,National League,Philadelphia Phillies,1,21,17,81.2,5.95,85,45,17,4
빈스 벨라스케즈,Vincent John Velasquez,592826,MLB,2021,National League,San Diego Padres,1,4,4,12.2,8.53,16,4,6,0
빈스 벨라스케즈,Vincent John Velasquez,592826,MLB,2021,National League,Philadelphia Phillies / San Diego Padres,0,25,21,94.1,6.30,101,49,23,4
빈스 벨라스케즈,Vincent John Velasquez,592826,MLB,2022,American League,Chicago White Sox,1,27,9,75.1,4.78,69,25,11,2
빈스 벨라스케즈,Vincent John Velasquez,592826,MLB,2022,American League,Chicago White Sox,0,27,9,75.1,4.78,69,25,11,2
빈스 벨라스케즈,Vincent John Velasquez,592826,MLB,2023,National League,Pittsburgh Pirates,1,8,8,37.1,3.86,37,14,4,1
빈스 벨라스케즈,Vincent John Velasquez,592826,MLB,2023,National League,Pittsburgh Pirates,0,8,8,37.1,3.86,37,14,4,1
빈스 벨라스케즈,Vincent John Velasquez,592826,AAA,2017,International League,Lehigh Valley IronPigs,1,1,1,2.0,4.50,0,1,0,0
빈스 벨라스케즈,Vincent John Velasquez,592826,AAA,2017,International League,Lehigh Valley IronPigs,0,1,1,2.0,4.50,0,1,0,0
빈스 벨라스케즈,Vincent John Velasquez,592826,AAA,2021,Triple-A East,Lehigh Valley IronPigs,1,2,2,6.2,2.70,12,3,1,0
빈스 벨라스케즈,Vincent John Velasquez,592826,AAA,2021,Triple-A East,Lehigh Valley IronPigs,0,2,2,6.2,2.70,12,3,1,0
빈스 벨라스케즈,Vincent John Velasquez,592826,AAA,2022,International League,Charlotte Knights,1,4,0,5.2,4.76,7,4,0,0
빈스 벨라스케즈,Vincent John Velasquez,592826,AAA,2022,International League,Charlotte Knights,0,4,0,5.2,4.76,7,4,0,0
빈스 벨라스케즈,Vincent John Velasquez,592826,AAA,2023,International League,Indianapolis Indians,1,1,1,4.2,0.00,2,1,0,0
빈스 벨라스케즈,Vincent John Velasquez,592826,AAA,2023,International League,Indianapolis Indians,0,1,1,4.2,0.00,2,1,0,0
알렉 감보아,Alec Gamboa,687941,AAA,2023,Pacific Coast League,Oklahoma City Dodgers,1,23,3,40.1,4.91,43,29,3,0
알렉 감보아,Alec Gamboa,687941,AAA,2023,Pacific Coast League,Oklahoma City Dodgers,0,23,3,40.1,4.91,43,29,3,0
알렉 감보아,Alec Gamboa,687941,AAA,2024,Pacific Coast League,Oklahoma City Baseball Club,1,22,12,73.2,3.30,51,31,3,1
알렉 감보아,Alec Gamboa,687941,AAA,2024,Pacific Coast League,Oklahoma City Baseball Club,0,22,12,73.2,3.30,51,31,3,1
코디 폰세,Cody Ponce,664074,MLB,2020,National League,Pittsburgh Pirates,1,5,3,17.0,3.18,12,6,5,0
코디 폰세,Cody Ponce,664074,MLB,2020,National League,Pittsburgh Pirates,0,5,3,17.0,3.18,12,6,5,0
코디 폰세,Cody Ponce,664074,MLB,2021,National League,Pittsburgh Pirates,1,15,2,38.1,7.04,36,11,8,1
코디 폰세,Cody Ponce,664074,MLB,2021,National League,Pittsburgh Pirates,0,15,2,38.1,7.04,36,11,8,1
코디 폰세,Cody Ponce,664074,AAA,2019,International League,Indianapolis Indians,1,4,4,18.2,5.30,20,7,4,0
코디 폰세,Cody Ponce,664074,AAA,2019,International League,Indianapolis Indians,0,4,4,18.2,5.30,20,7,4,0
코디 폰세,Cody Ponce,664074,AAA,2021,Triple-A East,Indianapolis Indians,1,15,8,57.1,4.71,59,18,8,3
코디 폰세,Cody Ponce,664074,AAA,2021,Triple-A East,Indianapolis Indians,0,15,8,57.1,4.71,59,18,8,3
로건 앨런,Logan Allen,663531,MLB,2019,National League,San Diego Padres,1,8,4,25.1,6.75,14,13,4,2
로건 앨런,Logan Allen,663531,MLB,2019,American League,Cleveland Indians,1,1,0,2.1,0.00,3,0,0,0
로건 앨런,Logan Allen,663531,MLB,2019,American League / National League,San Diego Padres / Cleveland Indians,0,9,4,27.2,6.18,17,13,4,2
로건 앨런,Logan Allen,663531,MLB,2020,American League,Cleveland Indians,1,3,0,10.2,3.38,7,7,1,1
로건 앨런,Logan Allen,663531,MLB,2020,American League,Cleveland Indians,0,3,0,10.2,3.38,7,7,1,1
로건 앨런,Logan Allen,663531,MLB,2021,American League,Cleveland Indians,1,14,11,50.1,6.26,37,17,12,4
로건 앨런,Logan Allen,663531,MLB,2021,American League,Cleveland Indians,0,14,11,50.1,6.26,37,17,12,4
로건 앨런,Logan Allen,663531,MLB,2022,American League,Cleveland Guardians,1,4,0,6.0,4.50,6,3,0,1
로건 앨런,Logan Allen,663531,MLB,2022,American League,Baltimore Orioles,1,3,0,1.2,10.80,1,2,0,0
로건 앨런,Logan Allen,663531,MLB,2022,American League,Cleveland Guardians / Baltimore Orioles,0,7,0,7.2,5.87,7,5,0,1
로건 앨런,Logan Allen,663531,MLB,2024,National League,Arizona Diamondbacks,1,12,0,28.0,5.46,21,10,3,2
로건 앨런,Logan Allen,663531,MLB,2024,National League,Arizona Diamondbacks,0,12,0,28.0,5.46,21,10,3,2
로건 앨런,Logan Allen,663531,AAA,2018,Pacific Coast League,El Paso Chihuahuas,1,5,5,27.2,1.63,26,13,4,0
로건 앨런,Logan Allen,663531,AAA,2018,Pacific Coast League,El Paso Chihuahuas,0,5,5,27.2,1.63,26,13,4,0
로건 앨런,Logan Allen,663531,AAA,2019,Pacific Coast League,El Paso Chihuahuas,1,13,13,57.2,5.15,63,22,8,6
로건 앨런,Logan Allen,663531,AAA,2019,International League,Columbus Clippers,1,5,5,22.1,7.66,18,12,6,2
로건 앨런,Logan Allen,663531,AAA,2019,International League / Pacific Coast League,El Paso Chihuahuas / Columbus Clippers,0,18,18,80.0,5.85,81,34,14,8
로건 앨런,Logan Allen,663531,AAA,2021,Triple-A East,Columbus Clippers,1,12,11,48.2,7.95,52,29,9,4
로건 앨런,Logan Allen,663531,AAA,2021,Triple-A East,Columbus Clippers,0,12,11,48.2,7.95,52,29,9,4
로건 앨런,Logan Allen,663531,AAA,2022,International League,Norfolk Tides,1,21,0,24.1,8.51,21,11,4,4
로건 앨런,Logan Allen,663531,AAA,2022,Pacific Coast League,Albuquerque Isotopes,1,6,6,28.0,6.43,25,9,8,2
로건 앨런,Logan Allen,663531,AAA,2022,International League / Pacific Coast League,Norfolk Tides / Albuquerque Isotopes,0,27,6,52.1,7.39,46,20,12,6
로건 앨런,Logan Allen,663531,AAA,2023,Pacific Coast League,Albuquerque Isotopes,1,24,0,45.0,7.20,50,28,8,1
로건 앨런,Logan Allen,663531,AAA,2023,Pacific Coast League,Tacoma Rainiers,1,14,10,58.0,4.66,49,28,11,3
로건 앨런,Logan Allen,663531,AAA,2023,Pacific Coast League,Albuquerque Isotopes / Tacoma Rainiers,0,38,10,103.0,5.77,99,56,19,4
로건 앨런,Logan Allen,663531,AAA,2024,Pacific Coast League,Reno Aces,1,20,19,96.1,5.23,83,39,13,2
로건 앨런,Logan Allen,663531,AAA,2024,Pacific Coast League,Reno Aces,0,20,19,96.1,5.23,83,39,13,2
라일리 톰프슨,Riley Thompson,663929,AAA,2023,International League,Iowa Cubs,1,25,19,81.1,5.64,78,54,15,1
라일리 톰프슨,Riley Thompson,663929,AAA,2023,International League,Iowa Cubs,0,25,19,81.1,5.64,78,54,15,1
라일리 톰프슨,Riley Thompson,663929,AAA,2024,International League,Iowa Cubs,1,34,15,107.1,5.95,99,48,15,0
라일리 톰프슨,Riley Thompson,663929,AAA,2024,International League,Iowa Cubs,0,34,15,107.1,5.95,99,48,15,0
패트릭 머피,Patrick Murphy,641907,MLB,2020,American League,Toronto Blue Jays,1,4,0,6.0,1.50,5,2,0,0
패트릭 머피,Patrick Murphy,641907,MLB,2020,American League,Toronto Blue Jays,0,4,0,6.0,1.50,5,2,0,0
패트릭 머피,Patrick Murphy,641907,MLB,2021,American League,Toronto Blue Jays,1,8,0,9.1,4.82,6,4,1,2
패트릭 머피,Patrick Murphy,641907,MLB,2021,National League,Washington Nationals,1,17,0,18.2,5.30,23,6,2,2
패트릭 머피,Patrick Murphy,641907,MLB,2021,American League / National League,Toronto Blue Jays / Washington Nationals,0,25,0,28.0,5.14,29,10,3,4
패트릭 머피,Patrick Murphy,641907,MLB,2022,National League,Washington Nationals,1,6,0,5.2,6.35,4,8,0,0
패트릭 머피,Patrick Murphy,641907,MLB,2022,National League,Washington Nationals,0,6,0,5.2,6.35,4,8,0,0
패트릭 머피,Patrick Murphy,641907,AAA,2021,Triple-A East,Buffalo Bisons,1,10,0,14.2,0.00,17,8,0,0
패트릭 머피,Patrick Murphy,641907,AAA,2021,Triple-A East,Rochester Red Wings,1,3,0,2.0,4.50,3,1,0,0
패트릭 머피,Patrick Murphy,641907,AAA,2021,Triple-A East,Buffalo Bisons / Rochester Red Wings,0,13,0,16.2,0.54,20,9,0,0
패트릭 머피,Patrick Murphy,641907,AAA,2022,International League,Rochester Red Wings,1,40,7,63.0,5.00,73,33,6,2
패트릭 머피,Patrick Murphy,641907,AAA,2022,International League,Rochester Red Wings,0,40,7,63.0,5.00,73,33,6,2
패트릭 머피,Patrick Murphy,641907,AAA,2023,International League,St. Paul Saints,1,42,4,85.1,3.69,97,50,7,8
패트릭 머피,Patrick Murphy,641907,AAA,2023,International League,St. Paul Saints,0,42,4,85.1,3.69,97,50,7,8
미치 화이트,Mitch White,669952,MLB,2020,National League,Los Angeles Dodgers,1,2,0,3.0,0.00,2,1,0,0
미치 화이트,Mitch White,669952,MLB,2020,National League,Los Angeles Dodgers,0,2,0,3.0,0.00,2,1,0,0
미치 화이트,Mitch White,669952,MLB,2021,National League,Los Angeles Dodgers,1,21,4,46.2,3.66,49,17,6,0
미치 화이트,Mitch White,669952,MLB,2021,National League,Los Angeles Dodgers,0,21,4,46.2,3.66,49,17,6,0
미치 화이트,Mitch White,669952,MLB,2022,National League,Los Angeles Dodgers,1,15,10,56.0,3.70,47,19,6,2
미치 화이트,Mitch White,669952,MLB,2022,American League,Toronto Blue Jays,1,10,8,43.0,7.74,31,16,3,1
미치 화이트,Mitch White,669952,MLB,2022,American League / National League,Los Angeles Dodgers / Toronto Blue Jays,0,25,18,99.0,5.45,78,35,9,3
미치 화이트,Mitch White,669952,MLB,2023,American League,Toronto Blue Jays,1,10,0,12.2,7.11,13,7,2,0
미치 화이트,Mitch White,669952,MLB,2023,American League,Toronto Blue Jays,0,10,0,12.2,7.11,13,7,2,0
미치 화이트,Mitch White,669952,MLB,2024,American League,Toronto Blue Jays,1,4,0,10.0,5.40,6,4,1,0
미치 화이트,Mitch White,669952,MLB,2024,National League,San Francisco Giants,1,3,0,5.1,11.81,1,5,1,0
미치 화이트,Mitch White,669952,MLB,2024,National League,Milwaukee Brewers,1,6,0,8.1,6.48,6,4,2,1
미치 화이트,Mitch White,669952,MLB,2024,American League / National League,Toronto Blue Jays / San Francisco Giants / Milwaukee Brewers,0,13,0,23.2,7.23,13,13,4,1
미치 화이트,Mitch White,669952,AAA,2019,Pacific Coast League,Oklahoma City Dodgers,1,16,13,63.2,6.50,68,24,13,1
미치 화이트,Mitch White,669952,AAA,2019,Pacific Coast League,Oklahoma City Dodgers,0,16,13,63.2,6.50,68,24,13,1
미치 화이트,Mitch White,669952,AAA,2021,Triple-A West,Oklahoma City Dodgers,1,10,7,32.0,1.69,39,12,1,0
미치 화이트,Mitch White,669952,AAA,2021,Triple-A West,Oklahoma City Dodgers,0,10,7,32.0,1.69,39,12,1,0
미치 화이트,Mitch White,669952,AAA,2022,Pacific Coast League,Oklahoma City Dodgers,1,2,2,11.2,0.00,10,2,0,1
미치 화이트,Mitch White,669952,AAA,2022,International League,Buffalo Bisons,1,1,1,5.0,14.40,5,1,2,0
미치 화이트,Mitch White,669952,AAA,2022,International League / Pacific Coast League,Oklahoma City Dodgers / Buffalo Bisons,0,3,3,16.2,4.32,15,3,2,1
미치 화이트,Mitch White,669952,AAA,2023,International League,Buffalo Bisons,1,17,12,55.2,5.50,67,30,9,5
미치 화이트,Mitch White,669952,AAA,2023,International League,Buffalo Bisons,0,17,12,55.2,5.50,67,30,9,5
미치 화이트,Mitch White,669952,AAA,2024,International League,Nashville Sounds,1,18,7,57.2,4.06,68,22,2,5
미치 화이트,Mitch White,669952,AAA,2024,International League,Nashville Sounds,0,18,7,57.2,4.06,68,22,2,5
라클란 웰스,Lachlan Robert Wells,649144,MLB,2021,American League,Baltimore Orioles,1,11,8,42.2,6.75,26,16,10,3
라클란 웰스,Lachlan Robert Wells,649144,MLB,2021,American League,Baltimore Orioles,0,11,8,42.2,6.75,26,16,10,3
라클란 웰스,Lachlan Robert Wells,649144,MLB,2022,American League,Baltimore Orioles,1,2,0,3.2,4.91,6,0,2,0
라클란 웰스,Lachlan Robert Wells,649144,MLB,2022,American League,Baltimore Orioles,0,2,0,3.2,4.91,6,0,2,0
라클란 웰스,Lachlan Robert Wells,649144,AAA,2021,Triple-A East,Norfolk Tides,1,13,10,54.2,3.29,48,7,6,0
라클란 웰스,Lachlan Robert Wells,649144,AAA,2021,Triple-A East,Norfolk Tides,0,13,10,54.2,3.29,48,7,6,0
라클란 웰스,Lachlan Robert Wells,649144,AAA,2022,International League,Norfolk Tides,1,4,2,11.1,4.76,7,3,2,0
라클란 웰스,Lachlan Robert Wells,649144,AAA,2022,International League,Norfolk Tides,0,4,2,11.1,4.76,7,3,2,0
라이언 타투스코,Ryan Tatusko,519338,AAA,2011,International League,Syracuse Chiefs,1,23,2,39.2,4.54,28,19,1,2
라이언 타투스코,Ryan Tatusko,519338,AAA,2011,International League,Syracuse Chiefs,0,23,2,39.2,4.54,28,19,1,2
라이언 타투스코,Ryan Tatusko,519338,AAA,2013,International League,Syracuse Chiefs,1,28,18,120.2,4.33,100,77,7,5
라이언 타투스코,Ryan Tatusko,519338,AAA,2013,International League,Syracuse Chiefs,0,28,18,120.2,4.33,100,77,7,5
윌리엄 쿠에바스,William Cuevas,571035,MLB,2016,American League,Boston Red Sox,1,3,0,5.0,3.60,3,6,0,0
윌리엄 쿠에바스,William Cuevas,571035,MLB,2016,American League,Boston Red Sox,0,3,0,5.0,3.60,3,6,0,0
윌리엄 쿠에바스,William Cuevas,571035,MLB,2017,American League,Detroit Tigers,1,1,0,0.1,108.00,1,0,0,1
윌리엄 쿠에바스,William Cuevas,571035,MLB,2017,American League,Detroit Tigers,0,1,0,0.1,108.00,1,0,0,1
윌리엄 쿠에바스,William Cuevas,571035,MLB,2018,American League,Boston Red Sox,1,9,1,17.0,7.41,20,11,3,4
윌리엄 쿠에바스,William Cuevas,571035,MLB,2018,American League,Boston Red Sox,0,9,1,17.0,7.41,20,11,3,4
윌리엄 쿠에바스,William Cuevas,571035,AAA,2015,International League,Pawtucket Red Sox,1,7,7,41.0,2.63,37,14,3,1
윌리엄 쿠에바스,William Cuevas,571035,AAA,2015,International League,Pawtucket Red Sox,0,7,7,41.0,2.63,37,14,3,1
윌리엄 쿠에바스,William Cuevas,571035,AAA,2016,International League,Pawtucket Red Sox,1,25,18,131.0,4.19,85,45,18,5
윌리엄 쿠에바스,William Cuevas,571035,AAA,2016,International League,Pawtucket Red Sox,0,25,18,131.0,4.19,85,45,18,5
윌리엄 쿠에바스,William Cuevas,571035,AAA,2017,International League,Toledo Mud Hens,1,9,9,44.1,4.06,34,12,5,2
윌리엄 쿠에바스,William Cuevas,571035,AAA,2017,Pacific Coast League,New Orleans Baby Cakes,1,15,11,59.2,5.43,47,31,6,2
윌리엄 쿠에바스,William Cuevas,571035,AAA,2017,International League / Pacific Coast League,Toledo Mud Hens / New Orleans Baby Cakes,0,24,20,104.0,4.85,81,43,11,4
윌리엄 쿠에바스,William Cuevas,571035,AAA,2018,International League,Pawtucket Red Sox,1,23,23,135.1,3.39,121,38,17,5
윌리엄 쿠에바스,William Cuevas,571035,AAA,2018,International League,Pawtucket Red Sox,0,23,23,135.1,3.39,121,38,17,5
마이크 라이트,Mike Wright,605541,MLB,2015,American League,Baltimore Orioles,1,12,9,44.2,6.04,26,18,9,5
마이크 라이트,Mike Wright,605541,MLB,2015,American League,Baltimore Orioles,0,12,9,44.2,6.04,26,18,9,5
마이크 라이트,Mike Wright,605541,MLB,2016,American League,Baltimore Orioles,1,18,12,74.2,5.79,50,26,12,9
마이크 라이트,Mike Wright,605541,MLB,2016,American League,Baltimore Orioles,0,18,12,74.2,5.79,50,26,12,9
마이크 라이트,Mike Wright,605541,MLB,2017,American League,Baltimore Orioles,1,13,0,25.0,5.76,28,7,5,3
마이크 라이트,Mike Wright,605541,MLB,2017,American League,Baltimore Orioles,0,13,0,25.0,5.76,28,7,5,3
마이크 라이트,Mike Wright,605541,MLB,2018,American League,Baltimore Orioles,1,48,2,84.1,5.55,74,36,12,7
마이크 라이트,Mike Wright,605541,MLB,2018,American League,Baltimore Orioles,0,48,2,84.1,5.55,74,36,12,7
마이크 라이트,Mike Wright,605541,MLB,2019,American League,Baltimore Orioles,1,10,0,13.1,9.45,14,7,5,1
마이크 라이트,Mike Wright,605541,MLB,2019,American League,Seattle Mariners,1,9,0,16.0,6.75,16,5,1,1
마이크 라이트,Mike Wright,605541,MLB,2019,American League,Baltimore Orioles / Seattle Mariners,0,19,0,29.1,7.98,30,12,6,2
마이크 라이트,Mike Wright,605541,AAA,2013,International League,Norfolk Tides,1,1,1,6.2,0.00,2,0,0,0
마이크 라이트,Mike Wright,605541,AAA,2013,International League,Norfolk Tides,0,1,1,6.2,0.00,2,0,0,0
마이크 라이트,Mike Wright,605541,AAA,2014,International League,Norfolk Tides,1,26,26,142.2,4.61,103,41,10,5
마이크 라이트,Mike Wright,605541,AAA,2014,International League,Norfolk Tides,0,26,26,142.2,4.61,103,41,10,5
마이크 라이트,Mike Wright,605541,AAA,2015,International League,Norfolk Tides,1,15,14,81.0,2.22,63,25,4,3
마이크 라이트,Mike Wright,605541,AAA,2015,International League,Norfolk Tides,0,15,14,81.0,2.22,63,25,4,3
마이크 라이트,Mike Wright,605541,AAA,2016,International League,Norfolk Tides,1,13,13,76.1,3.07,48,14,8,1
마이크 라이트,Mike Wright,605541,AAA,2016,International League,Norfolk Tides,0,13,13,76.1,3.07,48,14,8,1
마이크 라이트,Mike Wright,605541,AAA,2017,International League,Norfolk Tides,1,16,16,83.0,3.69,71,26,6,4
마이크 라이트,Mike Wright,605541,AAA,2017,International League,Norfolk Tides,0,16,16,83.0,3.69,71,26,6,4
마이크 라이트,Mike Wright,605541,AAA,2019,Pacific Coast League,Tacoma Rainiers,1,15,12,58.0,5.28,56,17,4,2
마이크 라이트,Mike Wright,605541,AAA,2019,Pacific Coast League,Tacoma Rainiers,0,15,12,58.0,5.28,56,17,4,2
윌머 폰트,Wilmer Font,521655,MLB,2012,American League,Texas Rangers,1,3,0,2.0,9.00,1,4,0,0
윌머 폰트,Wilmer Font,521655,MLB,2012,American League,Texas Rangers,0,3,0,2.0,9.00,1,4,0,0
윌머 폰트,Wilmer Font,521655,MLB,2013,American League,Texas Rangers,1,2,0,1.1,0.00,0,2,0,0
윌머 폰트,Wilmer Font,521655,MLB,2013,American League,Texas Rangers,0,2,0,1.1,0.00,0,2,0,0
윌머 폰트,Wilmer Font,521655,MLB,2017,National League,Los Angeles Dodgers,1,3,0,3.2,17.18,3,4,2,0
윌머 폰트,Wilmer Font,521655,MLB,2017,National League,Los Angeles Dodgers,0,3,0,3.2,17.18,3,4,2,0
윌머 폰트,Wilmer Font,521655,MLB,2018,National League,Los Angeles Dodgers,1,6,0,10.1,11.32,7,1,5,0
윌머 폰트,Wilmer Font,521655,MLB,2018,American League,Oakland Athletics,1,4,0,6.2,14.85,9,4,5,0
윌머 폰트,Wilmer Font,521655,MLB,2018,American League,Tampa Bay Rays,1,9,5,27.0,1.67,20,11,2,1
윌머 폰트,Wilmer Font,521655,MLB,2018,American League / National League,Los Angeles Dodgers / Oakland Athletics / Tampa Bay Rays,0,19,5,44.0,5.93,36,16,12,1
윌머 폰트,Wilmer Font,521655,MLB,2019,American League,Tampa Bay Rays,1,10,0,14.0,5.79,18,5,2,0
윌머 폰트,Wilmer Font,521655,MLB,2019,National League,New York Mets,1,15,3,31.0,4.94,24,13,8,2
윌머 폰트,Wilmer Font,521655,MLB,2019,American League,Toronto Blue Jays,1,23,14,39.1,3.66,53,11,7,1
윌머 폰트,Wilmer Font,521655,MLB,2019,American League / National League,Tampa Bay Rays / New York Mets / Toronto Blue Jays,0,48,17,84.1,4.48,95,29,17,3
윌머 폰트,Wilmer Font,521655,MLB,2020,American League,Toronto Blue Jays,1,21,0,16.1,9.92,15,9,2,1
윌머 폰트,Wilmer Font,521655,MLB,2020,American League,Toronto Blue Jays,0,21,0,16.1,9.92,15,9,2,1
윌머 폰트,Wilmer Font,521655,AAA,2013,Pacific Coast League,Round Rock Express,1,16,0,20.0,0.45,26,10,0,2
윌머 폰트,Wilmer Font,521655,AAA,2013,Pacific Coast League,Round Rock Express,0,16,0,20.0,0.45,26,10,0,2
윌머 폰트,Wilmer Font,521655,AAA,2016,International League,Buffalo Bisons,1,4,3,19.1,4.19,8,5,1,2
윌머 폰트,Wilmer Font,521655,AAA,2016,International League,Buffalo Bisons,0,4,3,19.1,4.19,8,5,1,2
윌머 폰트,Wilmer Font,521655,AAA,2017,Pacific Coast League,Oklahoma City Dodgers,1,25,25,134.1,3.42,178,35,11,3
윌머 폰트,Wilmer Font,521655,AAA,2017,Pacific Coast League,Oklahoma City Dodgers,0,25,25,134.1,3.42,178,35,11,3
토마스 파노니,Thomas Pannone,623381,MLB,2018,American League,Toronto Blue Jays,1,12,6,43.0,4.19,29,15,7,2
토마스 파노니,Thomas Pannone,623381,MLB,2018,American League,Toronto Blue Jays,0,12,6,43.0,4.19,29,15,7,2
토마스 파노니,Thomas Pannone,623381,MLB,2019,American League,Toronto Blue Jays,1,37,7,73.0,6.16,69,31,13,6
토마스 파노니,Thomas Pannone,623381,MLB,2019,American League,Toronto Blue Jays,0,37,7,73.0,6.16,69,31,13,6
토마스 파노니,Thomas Pannone,623381,AAA,2018,International League,Buffalo Bisons,1,6,6,36.2,4.91,40,7,8,1
토마스 파노니,Thomas Pannone,623381,AAA,2018,International League,Buffalo Bisons,0,6,6,36.2,4.91,40,7,8,1
토마스 파노니,Thomas Pannone,623381,AAA,2019,International League,Buffalo Bisons,1,8,6,33.2,3.21,41,15,4,2
토마스 파노니,Thomas Pannone,623381,AAA,2019,International League,Buffalo Bisons,0,8,6,33.2,3.21,41,15,4,2
토마스 파노니,Thomas Pannone,623381,AAA,2021,Triple-A West,Salt Lake Bees,1,24,21,118.1,7.07,82,40,24,2
토마스 파노니,Thomas Pannone,623381,AAA,2021,Triple-A West,Salt Lake Bees,0,24,21,118.1,7.07,82,40,24,2
예프리 라미레즈,Yefry Ramirez,606162,MLB,2018,American League,Baltimore Orioles,1,17,12,65.1,5.92,62,36,11,4
예프리 라미레즈,Yefry Ramirez,606162,MLB,2018,American League,Baltimore Orioles,0,17,12,65.1,5.92,62,36,11,4
예프리 라미레즈,Yefry Ramirez,606162,MLB,2019,American League,Baltimore Orioles,1,4,1,10.1,6.97,11,9,2,2
예프리 라미레즈,Yefry Ramirez,606162,MLB,2019,National League,Pittsburgh Pirates,1,9,0,14.0,7.71,16,7,2,2
예프리 라미레즈,Yefry Ramirez,606162,MLB,2019,American League / National League,Baltimore Orioles / Pittsburgh Pirates,0,13,1,24.1,7.40,27,16,4,4
예프리 라미레즈,Yefry Ramirez,606162,MLB,2021,National League,Los Angeles Dodgers,1,1,0,2.0,0.00,2,1,0,0
예프리 라미레즈,Yefry Ramirez,606162,MLB,2021,National League,Los Angeles Dodgers,0,1,0,2.0,0.00,2,1,0,0
예프리 라미레즈,Yefry Ramirez,606162,AAA,2018,International League,Norfolk Tides,1,14,14,72.0,3.88,72,22,7,4
예프리 라미레즈,Yefry Ramirez,606162,AAA,2018,International League,Norfolk Tides,0,14,14,72.0,3.88,72,22,7,4
예프리 라미레즈,Yefry Ramirez,606162,AAA,2019,International League,Norfolk Tides,1,4,4,18.0,1.50,24,9,2,0
예프리 라미레즈,Yefry Ramirez,606162,AAA,2019,International League,Indianapolis Indians,1,15,5,45.0,5.20,58,29,5,2
예프리 라미레즈,Yefry Ramirez,606162,AAA,2019,International League,Norfolk Tides / Indianapolis Indians,0,19,9,63.0,4.14,82,38,7,2
예프리 라미레즈,Yefry Ramirez,606162,AAA,2021,Triple-A West,Oklahoma City Dodgers,1,25,22,113.0,5.02,115,51,14,7
예프리 라미레즈,Yefry Ramirez,606162,AAA,2021,Triple-A West,Oklahoma City Dodgers,0,25,22,113.0,5.02,115,51,14,7
아리엘 후라도,Ariel Jurado,642558,MLB,2018,American League,Texas Rangers,1,12,8,54.2,5.93,22,18,7,0
아리엘 후라도,Ariel Jurado,642558,MLB,2018,American League,Texas Rangers,0,12,8,54.2,5.93,22,18,7,0
아리엘 후라도,Ariel Jurado,642558,MLB,2019,American League,Texas Rangers,1,32,18,122.1,5.81,81,36,21,4
아리엘 후라도,Ariel Jurado,642558,MLB,2019,American League,Texas Rangers,0,32,18,122.1,5.81,81,36,21,4
아리엘 후라도,Ariel Jurado,642558,MLB,2020,National League,New York Mets,1,1,1,4.0,11.25,2,0,1,0
아리엘 후라도,Ariel Jurado,642558,MLB,2020,National League,New York Mets,0,1,1,4.0,11.25,2,0,1,0
아리엘 후라도,Ariel Jurado,642558,AAA,2019,Pacific Coast League,Nashville Sounds,1,4,4,22.2,3.57,22,2,1,1
아리엘 후라도,Ariel Jurado,642558,AAA,2019,Pacific Coast League,Nashville Sounds,0,4,4,22.2,3.57,22,2,1,1
아리엘 후라도,Ariel Jurado,642558,AAA,2022,International League,St. Paul Saints,1,14,7,53.1,3.54,44,12,7,1
아리엘 후라도,Ariel Jurado,642558,AAA,2022,International League,St. Paul Saints,0,14,7,53.1,3.54,44,12,7,1
엔마누엘 데 헤이수스,Enmanuel De Jesus,646241,MLB,2023,National League,Miami Marlins,1,2,0,6.1,11.37,5,4,0,3
엔마누엘 데 헤이수스,Enmanuel De Jesus,646241,MLB,2023,National League,Miami Marlins,0,2,0,6.1,11.37,5,4,0,3
엔마누엘 데 헤이수스,Enmanuel De Jesus,646241,AAA,2021,Triple-A East,Worcester Red Sox,1,1,1,5.0,3.60,3,1,2,0
엔마누엘 데 헤이수스,Enmanuel De Jesus,646241,AAA,2021,Triple-A East,Worcester Red Sox,0,1,1,5.0,3.60,3,1,2,0
엔마누엘 데 헤이수스,Enmanuel De Jesus,646241,AAA,2022,Pacific Coast League,Sacramento River Cats,1,35,19,101.2,4.51,118,51,11,10
엔마누엘 데 헤이수스,Enmanuel De Jesus,646241,AAA,2022,Pacific Coast League,Sacramento River Cats,0,35,19,101.2,4.51,118,51,11,10
엔마누엘 데 헤이수스,Enmanuel De Jesus,646241,AAA,2023,International League,Jacksonville Jumbo Shrimp,1,17,16,84.2,4.78,61,51,9,6
엔마누엘 데 헤이수스,Enmanuel De Jesus,646241,AAA,2023,International League,Jacksonville Jumbo Shrimp,0,17,16,84.2,4.78,61,51,9,6
제이콥 터너,Jacob Turner,545363,MLB,2011,American League,Detroit Tigers,1,3,3,12.2,8.53,8,4,3,1
제이콥 터너,Jacob Turner,545363,MLB,2011,American League,Detroit Tigers,0,3,3,12.2,8.53,8,4,3,1
제이콥 터너,Jacob Turner,545363,MLB,2012,American League,Detroit Tigers,1,3,3,12.1,8.03,7,7,4,0
제이콥 터너,Jacob Turner,545363,MLB,2012,National League,Miami Marlins,1,7,7,42.2,3.38,29,9,5,0
제이콥 터너,Jacob Turner,545363,MLB,2012,American League / National League,Detroit Tigers / Miami Marlins,0,10,10,55.0,4.42,36,16,9,0
제이콥 터너,Jacob Turner,545363,MLB,2013,National League,Miami Marlins,1,20,20,118.0,3.74,77,54,11,4
제이콥 터너,Jacob Turner,545363,MLB,2013,National League,Miami Marlins,0,20,20,118.0,3.74,77,54,11,4
제이콥 터너,Jacob Turner,545363,MLB,2014,National League,Miami Marlins,1,20,12,78.1,5.97,54,23,8,1
제이콥 터너,Jacob Turner,545363,MLB,2014,National League,Chicago Cubs,1,8,6,34.2,6.49,17,10,4,0
제이콥 터너,Jacob Turner,545363,MLB,2014,National League,Miami Marlins / Chicago Cubs,0,28,18,113.0,6.13,71,33,12,1
제이콥 터너,Jacob Turner,545363,MLB,2016,American League,Chicago White Sox,1,18,2,24.2,6.57,18,16,5,2
제이콥 터너,Jacob Turner,545363,MLB,2016,American League,Chicago White Sox,0,18,2,24.2,6.57,18,16,5,2
제이콥 터너,Jacob Turner,545363,MLB,2017,National League,Washington Nationals,1,18,2,39.0,5.08,23,15,8,1
제이콥 터너,Jacob Turner,545363,MLB,2017,National League,Washington Nationals,0,18,2,39.0,5.08,23,15,8,1
제이콥 터너,Jacob Turner,545363,MLB,2018,National League,Miami Marlins,1,4,0,5.2,15.88,2,5,1,0
제이콥 터너,Jacob Turner,545363,MLB,2018,American League,Detroit Tigers,1,1,1,1.0,45.00,1,1,1,0
제이콥 터너,Jacob Turner,545363,MLB,2018,American League / National League,Miami Marlins / Detroit Tigers,0,5,1,6.2,20.25,3,6,2,0
제이콥 터너,Jacob Turner,545363,AAA,2011,International League,Toledo Mud Hens,1,3,3,17.1,3.12,20,3,1,0
제이콥 터너,Jacob Turner,545363,AAA,2011,International League,Toledo Mud Hens,0,3,3,17.1,3.12,20,3,1,0
제이콥 터너,Jacob Turner,545363,AAA,2012,International League,Toledo Mud Hens,1,10,10,62.2,3.16,40,24,2,2
제이콥 터너,Jacob Turner,545363,AAA,2012,Pacific Coast League,New Orleans Zephyrs,1,5,5,27.1,1.98,16,12,2,0
제이콥 터너,Jacob Turner,545363,AAA,2012,International League / Pacific Coast League,Toledo Mud Hens / New Orleans Zephyrs,0,15,15,90.0,2.80,56,36,4,2
제이콥 터너,Jacob Turner,545363,AAA,2013,Pacific Coast League,New Orleans Zephyrs,1,10,10,56.1,4.47,35,14,7,3
제이콥 터너,Jacob Turner,545363,AAA,2013,Pacific Coast League,New Orleans Zephyrs,0,10,10,56.1,4.47,35,14,7,3
제이콥 터너,Jacob Turner,545363,AAA,2016,International League,Charlotte Knights,1,18,18,107.0,4.71,85,29,10,3
제이콥 터너,Jacob Turner,545363,AAA,2016,International League,Charlotte Knights,0,18,18,107.0,4.71,85,29,10,3
제이콥 터너,Jacob Turner,545363,AAA,2017,International League,Syracuse Chiefs,1,14,14,65.2,5.21,53,33,5,4
제이콥 터너,Jacob Turner,545363,AAA,2017,International League,Syracuse Chiefs,0,14,14,65.2,5.21,53,33,5,4
제이콥 터너,Jacob Turner,545363,AAA,2018,Pacific Coast League,New Orleans Baby Cakes,1,11,0,21.2,5.82,17,8,4,3
제이콥 터너,Jacob Turner,545363,AAA,2018,International League,Toledo Mud Hens,1,15,15,82.1,3.50,58,29,6,4
제이콥 터너,Jacob Turner,545363,AAA,2018,International League / Pacific Coast League,New Orleans Baby Cakes / Toledo Mud Hens,0,26,15,104.0,3.98,75,37,10,7
케니 로젠버그,Kenny Rosenberg,670046,MLB,2022,American League,Los Angeles Angels,1,3,1,10.2,4.22,8,6,1,0
케니 로젠버그,Kenny Rosenberg,670046,MLB,2022,American League,Los Angeles Angels,0,3,1,10.2,4.22,8,6,1,0
케니 로젠버그,Kenny Rosenberg,670046,MLB,2023,American League,Los Angeles Angels,1,7,3,33.0,3.82,29,14,3,1
케니 로젠버그,Kenny Rosenberg,670046,MLB,2023,American League,Los Angeles Angels,0,7,3,33.0,3.82,29,14,3,1
케니 로젠버그,Kenny Rosenberg,670046,MLB,2024,American League,Los Angeles Angels,1,7,1,24.0,6.00,17,8,5,0
케니 로젠버그,Kenny Rosenberg,670046,MLB,2024,American League,Los Angeles Angels,0,7,1,24.0,6.00,17,8,5,0
케니 로젠버그,Kenny Rosenberg,670046,AAA,2019,International League,Durham Bulls,1,1,1,5.0,7.20,6,4,1,0
케니 로젠버그,Kenny Rosenberg,670046,AAA,2019,International League,Durham Bulls,0,1,1,5.0,7.20,6,4,1,0
케니 로젠버그,Kenny Rosenberg,670046,AAA,2021,Triple-A East,Durham Bulls,1,14,0,30.2,2.35,43,11,4,1
케니 로젠버그,Kenny Rosenberg,670046,AAA,2021,Triple-A East,Durham Bulls,0,14,0,30.2,2.35,43,11,4,1
케니 로젠버그,Kenny Rosenberg,670046,AAA,2022,Pacific Coast League,Salt Lake Bees,1,14,13,62.2,3.16,62,27,9,4
케니 로젠버그,Kenny Rosenberg,670046,AAA,2022,Pacific Coast League,Salt Lake Bees,0,14,13,62.2,3.16,62,27,9,4
케니 로젠버그,Kenny Rosenberg,670046,AAA,2023,Pacific Coast League,Salt Lake Bees,1,20,20,100.0,4.95,120,46,14,4
케니 로젠버그,Kenny Rosenberg,670046,AAA,2023,Pacific Coast League,Salt Lake Bees,0,20,20,100.0,4.95,120,46,14,4
케니 로젠버그,Kenny Rosenberg,670046,AAA,2024,Pacific Coast League,Salt Lake Bees,1,21,21,115.1,4.21,105,38,25,4
케니 로젠버그,Kenny Rosenberg,670046,AAA,2024,Pacific Coast League,Salt Lake Bees,0,21,21,115.1,4.21,105,38,25,4
로니 윌리엄스,Ronnie Williams,657122,AAA,2021,Triple-A West,Sacramento River Cats,1,5,4,15.2,4.02,8,8,2,3
로니 윌리엄스,Ronnie Williams,657122,AAA,2021,Triple-A West,Sacramento River Cats,0,5,4,15.2,4.02,8,8,2,3
조시 스미스,Josh A. Smith,595001,MLB,2015,National League,Cincinnati Reds,1,9,7,32.2,6.89,30,21,5,5
조시 스미스,Josh A. Smith,595001,MLB,2015,National League,Cincinnati Reds,0,9,7,32.2,6.89,30,21,5,5
조시 스미스,Josh A. Smith,595001,MLB,2016,National League,Cincinnati Reds,1,32,2,59.2,4.68,48,26,11,1
조시 스미스,Josh A. Smith,595001,MLB,2016,National League,Cincinnati Reds,0,32,2,59.2,4.68,48,26,11,1
조시 스미스,Josh A. Smith,595001,MLB,2017,American League,Oakland Athletics,1,26,0,35.0,4.89,25,15,3,0
조시 스미스,Josh A. Smith,595001,MLB,2017,American League,Oakland Athletics,0,26,0,35.0,4.89,25,15,3,0
조시 스미스,Josh A. Smith,595001,MLB,2019,American League,Boston Red Sox,1,18,2,31.0,5.81,29,8,10,3
조시 스미스,Josh A. Smith,595001,MLB,2019,American League,Boston Red Sox,0,18,2,31.0,5.81,29,8,10,3
조시 스미스,Josh A. Smith,595001,MLB,2020,National League,Miami Marlins,1,16,1,26.1,6.84,18,11,3,1
조시 스미스,Josh A. Smith,595001,MLB,2020,National League,Miami Marlins,0,16,1,26.1,6.84,18,11,3,1
조시 스미스,Josh A. Smith,595001,AAA,2014,International League,Louisville Bats,1,28,24,159.0,4.70,123,66,8,7
조시 스미스,Josh A. Smith,595001,AAA,2014,International League,Louisville Bats,0,28,24,159.0,4.70,123,66,8,7
조시 스미스,Josh A. Smith,595001,AAA,2015,International League,Louisville Bats,1,15,12,86.1,3.75,69,24,2,6
조시 스미스,Josh A. Smith,595001,AAA,2015,International League,Louisville Bats,0,15,12,86.1,3.75,69,24,2,6
조시 스미스,Josh A. Smith,595001,AAA,2016,International League,Louisville Bats,1,9,8,45.0,3.80,38,13,5,1
조시 스미스,Josh A. Smith,595001,AAA,2016,International League,Louisville Bats,0,9,8,45.0,3.80,38,13,5,1
조시 스미스,Josh A. Smith,595001,AAA,2017,Pacific Coast League,Nashville Sounds,1,19,2,41.1,3.70,44,11,4,3
조시 스미스,Josh A. Smith,595001,AAA,2017,Pacific Coast League,Nashville Sounds,0,19,2,41.1,3.70,44,11,4,3
조시 스미스,Josh A. Smith,595001,AAA,2018,Pacific Coast League,Tacoma Rainiers,1,4,1,10.1,6.10,14,3,3,1
조시 스미스,Josh A. Smith,595001,AAA,2018,International League,Pawtucket Red Sox,1,18,10,74.0,4.14,76,16,5,2
조시 스미스,Josh A. Smith,595001,AAA,2018,International League / Pacific Coast League,Tacoma Rainiers / Pawtucket Red Sox,0,22,11,84.1,4.38,90,19,8,3
조시 스미스,Josh A. Smith,595001,AAA,2019,International League,Pawtucket Red Sox,1,13,12,67.1,5.48,70,20,9,3
조시 스미스,Josh A. Smith,595001,AAA,2019,International League,Pawtucket Red Sox,0,13,12,67.1,5.48,70,20,9,3
파커 마켈,Parker Markel,571917,AAA,2015,International League,Durham Bulls,1,5,0,7.1,4.91,7,5,1,0
파커 마켈,Parker Markel,571917,AAA,2015,International League,Durham Bulls,0,5,0,7.1,4.91,7,5,1,0
파커 마켈,Parker Markel,571917,AAA,2016,International League,Durham Bulls,1,34,1,60.2,2.52,47,24,1,7
파커 마켈,Parker Markel,571917,AAA,2016,International League,Durham Bulls,0,34,1,60.2,2.52,47,24,1,7
에니 로메로,Enny Romero,544836,MLB,2013,American League,Tampa Bay Rays,1,1,1,4.2,0.00,0,4,0,0
에니 로메로,Enny Romero,544836,MLB,2013,American League,Tampa Bay Rays,0,1,1,4.2,0.00,0,4,0,0
에니 로메로,Enny Romero,544836,MLB,2015,American League,Tampa Bay Rays,1,23,0,30.0,5.10,31,13,1,0
에니 로메로,Enny Romero,544836,MLB,2015,American League,Tampa Bay Rays,0,23,0,30.0,5.10,31,13,1,0
에니 로메로,Enny Romero,544836,MLB,2016,American League,Tampa Bay Rays,1,52,0,45.2,5.91,50,28,7,0
에니 로메로,Enny Romero,544836,MLB,2016,American League,Tampa Bay Rays,0,52,0,45.2,5.91,50,28,7,0
에니 로메로,Enny Romero,544836,MLB,2017,National League,Washington Nationals,1,53,0,55.2,3.56,65,23,7,3
에니 로메로,Enny Romero,544836,MLB,2017,National League,Washington Nationals,0,53,0,55.2,3.56,65,23,7,3
에니 로메로,Enny Romero,544836,MLB,2018,National League,Washington Nationals,1,2,0,2.0,13.50,2,1,1,1
에니 로메로,Enny Romero,544836,MLB,2018,National League,Pittsburgh Pirates,1,2,0,4.0,4.50,5,3,0,0
에니 로메로,Enny Romero,544836,MLB,2018,American League,Kansas City Royals,1,4,0,4.0,20.25,3,2,3,0
에니 로메로,Enny Romero,544836,MLB,2018,American League / National League,Washington Nationals / Pittsburgh Pirates / Kansas City Royals,0,8,0,10.0,12.60,10,6,4,1
에니 로메로,Enny Romero,544836,AAA,2013,International League,Durham Bulls,1,1,1,8.0,0.00,2,2,0,0
에니 로메로,Enny Romero,544836,AAA,2013,International League,Durham Bulls,0,1,1,8.0,0.00,2,2,0,0
에니 로메로,Enny Romero,544836,AAA,2014,International League,Durham Bulls,1,25,25,126.0,4.50,117,52,13,2
에니 로메로,Enny Romero,544836,AAA,2014,International League,Durham Bulls,0,25,25,126.0,4.50,117,52,13,2
에니 로메로,Enny Romero,544836,AAA,2015,International League,Durham Bulls,1,17,3,46.1,4.86,45,17,5,1
에니 로메로,Enny Romero,544836,AAA,2015,International League,Durham Bulls,0,17,3,46.1,4.86,45,17,5,1
에니 로메로,Enny Romero,544836,AAA,2017,International League,Syracuse Chiefs,1,7,0,6.1,4.26,8,1,0,0
에니 로메로,Enny Romero,544836,AAA,2017,International League,Syracuse Chiefs,0,7,0,6.1,4.26,8,1,0,0
에니 로메로,Enny Romero,544836,AAA,2018,International League,Indianapolis Indians,1,5,0,4.1,6.23,5,5,1,0
에니 로메로,Enny Romero,544836,AAA,2018,International League,Indianapolis Indians,0,5,0,4.1,6.23,5,5,1,0
