선수명,english_name,fangraphs_id,level,season,team,is_split_row,low_sample_flag,G,GS,IP,ERA,K_9,BB_9,HR_9,FIP,xFIP,WAR,ERA_minus,FIP_minus,xFIP_minus
크리스 볼스테드,Christopher Kenneth Volstad,9901,A,2006,Marlins (A),0,0,26,26,152,3.07895,5.86184,2.13158,0.710526,3.82072,,,73.31462860107422,89.86275482177734,
크리스 볼스테드,Christopher Kenneth Volstad,9901,A+,2007,Marlins (A+),0,0,21,20,126,4.5,6.64286,2.64286,0.571429,3.70127,3.55293,,120.8834457397461,97.6410140991211,
크리스 볼스테드,Christopher Kenneth Volstad,9901,AA,2007,Marlins (AA),0,0,7,7,42.2,3.16406,5.27344,2.10937,0.84375,4.16865,3.97832,,75.71358489990234,101.77974700927734,
크리스 볼스테드,Christopher Kenneth Volstad,9901,AA,2008,Marlins (AA),0,0,15,15,91,3.36264,5.53846,2.96703,0,3.08897,3.89371,,77.8964614868164,73.01083374023438,92.50839233398438
크리스 볼스테드,Christopher Kenneth Volstad,9901,MLB,2008,Marlins,0,0,15,14,84.1,2.88142,5.54941,3.8419,0.320158,3.81977,4.54594,1.50164,66.60739135742188,89.6204605102539,105.20790100097656
크리스 볼스테드,Christopher Kenneth Volstad,9901,AAA,2009,Marlins (AAA),0,1,1,1,4,6.75,15.75,4.5,4.5,7.97191,2.31361,,166.77574157714844,181.258544921875,51.352561950683594
크리스 볼스테드,Christopher Kenneth Volstad,9901,MLB,2009,Marlins,0,0,29,29,159,5.20755,6.0566,3.33962,1.64151,5.29205,4.29151,-0.0764871,122.36737060546875,127.02554321289062,101.27129364013672
크리스 볼스테드,Christopher Kenneth Volstad,9901,AAA,2010,Marlins (AAA),0,1,3,3,17,3.17647,6.88235,4.76471,0.529412,4.40614,4.62057,,73.88997650146484,94.32035064697266,96.55606079101562
크리스 볼스테드,Christopher Kenneth Volstad,9901,MLB,2010,Marlins,0,0,30,30,175,4.57714,5.24571,3.08571,0.874286,4.3407,4.43167,1.31659,112.1597671508789,110.20884704589844,110.80522155761719
크리스 볼스테드,Christopher Kenneth Volstad,9901,AAA,2011,Marlins (AAA),0,1,3,3,18.1,4.41818,6.87273,4.41818,0.490909,4.43787,5.01226,,95.95793151855469,88.6988296508789,97.79437255859375
크리스 볼스테드,Christopher Kenneth Volstad,9901,MLB,2011,Marlins,0,0,29,29,165.2,4.88934,6.35614,2.66197,1.2495,4.32317,3.64063,0.929847,126.25418090820312,114.0810317993164,94.48986053466797
크리스 볼스테드,Christopher Kenneth Volstad,9901,AAA,2012,Cubs (AAA),0,0,12,12,71.1,5.1729,6.56075,2.3972,0.883178,4.45284,4.26218,,116.23754119873047,98.32086944580078,90.86766052246094
크리스 볼스테드,Christopher Kenneth Volstad,9901,MLB,2012,Cubs,0,0,21,21,111.1,6.30539,4.93114,3.47605,1.29341,5.10643,4.67564,-0.105014,156.67486572265625,129.82931518554688,119.41441345214844
크리스 볼스테드,Christopher Kenneth Volstad,9901,AAA,2013,Rockies (AAA),0,0,23,22,127.2,4.58225,4.01828,3.10183,0.845953,4.97969,4.93443,,93.14398193359375,110.51595306396484,111.39909362792969
크리스 볼스테드,Christopher Kenneth Volstad,9901,MLB,2013,Rockies,0,1,6,0,8.1,10.8,3.24001,1.08,1.08,4.96786,5.53906,-0.053477,246.0355987548828,122.57100677490234,147.43345642089844
유네스키 마야,Yunieski Maya,11420,R,2010,Nationals (R),0,1,2,2,7,1.28571,6.42857,2.57143,0,3.30394,3.63669,,36.2133674621582,91.73187255859375,100.54158020019531
유네스키 마야,Yunieski Maya,11420,A+,2010,Nationals (A+),0,1,1,1,4,13.5,9,6.75,2.25,7.6661,6.13532,,340.4079895019531,197.98316955566406,156.62696838378906
유네스키 마야,Yunieski Maya,11420,AAA,2010,Nationals (AAA),0,1,2,2,10.1,0.870968,7.83871,4.35484,0,2.96466,3.77756,,20.791488647460938,71.2390365600586,90.97037506103516
유네스키 마야,Yunieski Maya,11420,MLB,2010,Nationals,0,1,5,5,26,5.88462,4.15385,3.80769,1.03846,5.15477,5.5336,-0.0200247,146.2938995361328,127.98019409179688,138.18115234375
유네스키 마야,Yunieski Maya,11420,AAA,2011,Nationals (AAA),0,0,22,22,129.2,4.99743,6.80206,1.94344,0.971722,3.89231,3.85488,,122.79672241210938,96.27406311035156,95.55604553222656
유네스키 마야,Yunieski Maya,11420,MLB,2011,Nationals,0,0,10,5,32.2,5.23469,4.13265,2.7551,0.82653,4.40294,4.43968,-0.00660343,137.45834350585938,114.70039367675781,115.40889739990234
유네스키 마야,Yunieski Maya,11420,AAA,2012,Nationals (AAA),0,0,28,28,167,3.88024,4.79641,2.15569,1.07784,4.47874,4.10967,,98.51021575927734,114.20596313476562,104.7833480834961
유네스키 마야,Yunieski Maya,11420,AAA,2013,Nationals (AAA),0,0,24,24,146.1,3.87472,6.08884,1.90661,0.615034,3.43724,3.61952,,99.72908020019531,89.30489349365234,93.70857238769531
유네스키 마야,Yunieski Maya,11420,MLB,2013,Nationals,0,1,1,0,0.1,54.0054,0,0,27.0027,42.0518,7.14672,-0.213665,999,999,190.43695068359375
J.D. 마틴,John Dale Martin,3685,A-,2006,Indians (A-),0,1,6,6,18,1.5,6.5,0.5,0.5,2.8953,,,43.809417724609375,83.11640930175781,
J.D. 마틴,John Dale Martin,3685,A,2006,Indians (A),0,1,5,5,15,4.2,9.6,1.8,1.2,3.66809,,,105.64794158935547,91.47957611083984,
J.D. 마틴,John Dale Martin,3685,A+,2006,Indians (A+),0,1,3,2,11.1,0,8.7353,0.794118,0,1.49773,,,0,36.793025970458984,
J.D. 마틴,John Dale Martin,3685,AA,2007,Indians (AA),0,0,9,9,42.1,4.25197,4.88976,3.40158,0.850394,4.75851,4.59083,,100.99031066894531,114.02877807617188,
J.D. 마틴,John Dale Martin,3685,AA,2008,Indians (AA),0,0,31,8,79.2,2.48536,8.02092,2.14644,0.564854,3.14588,3.55062,,58.53109359741211,74.74712371826172,84.06011962890625
J.D. 마틴,John Dale Martin,3685,AAA,2008,Indians (AAA),0,1,4,1,10,1.8,7.2,1.8,1.8,4.92265,4.0393,,42.527610778808594,119.5531005859375,98.43448638916016
J.D. 마틴,John Dale Martin,3685,AAA,2009,Nationals (AAA),0,0,16,15,88,2.65909,6.44318,1.02273,0.409091,2.7177,3.42766,,67.27397155761719,69.21134948730469,87.48204803466797
J.D. 마틴,John Dale Martin,3685,MLB,2009,Nationals,0,0,15,15,77,4.44156,4.32468,2.80519,1.63636,5.66851,5.36774,-0.0650183,105.88472747802734,133.254638671875,126.9110336303711
J.D. 마틴,John Dale Martin,3685,AAA,2010,Nationals (AAA),0,0,7,7,41,3.5122,5.4878,1.7561,0.658537,3.64523,4.39155,,83.84182739257812,87.5926742553711,105.75648498535156
J.D. 마틴,John Dale Martin,3685,MLB,2010,Nationals,0,0,9,9,48,4.125,5.8125,2.0625,1.6875,4.97368,4.36804,0.0944715,102.54915618896484,123.50881958007812,109.22419738769531
J.D. 마틴,John Dale Martin,3685,AAA,2011,Nationals (AAA),0,0,30,14,107.2,3.92879,6.01858,1.42105,1.42105,4.62069,3.97524,,96.53820037841797,114.28995513916016,98.53950500488281
J.D. 마틴,John Dale Martin,3685,AAA,2012,Marlins (AAA),0,0,29,21,130,5.95385,6.16154,1.17692,1.24615,4.67549,4.48759,,142.25091552734375,102.52112579345703,95.67332458496094
J.D. 마틴,John Dale Martin,3685,AAA,2013,Rays (AAA),0,0,27,27,160.1,2.75052,6.51143,1.45946,0.841996,3.62901,3.78217,,69.57685089111328,93.7047119140625,97.91947937011719
코리 리오단,Cory S. Riordan,sa390235,A-,2007,Rockies (A-),0,0,14,11,65.2,4.24873,8.90863,2.32995,0.685279,3.71854,3.88725,,102.48309326171875,92.01700592041016,
코리 리오단,Cory S. Riordan,sa390235,A,2008,Rockies (A),0,0,26,25,167.2,3.6501,8.58847,1.55666,0.966203,3.7013,3.54966,,82.2281494140625,88.00545501708984,88.23928833007812
코리 리오단,Cory S. Riordan,sa390235,A+,2009,Rockies (A+),0,0,28,27,169.2,3.92534,7.10806,2.54617,0.583497,4.11333,4.62879,,91.33902740478516,97.697021484375,103.49049377441406
코리 리오단,Cory S. Riordan,sa390235,AA,2010,Rockies (AA),0,0,27,24,161.2,4.00825,7.51546,2.11546,1.1134,3.94974,3.59447,,99.9736328125,95.72772216796875,90.1375503540039
코리 리오단,Cory S. Riordan,sa390235,AA,2011,Rockies (AA),0,0,27,22,142.1,5.37471,6.32318,1.5808,1.32787,4.56498,4.07193,,121.4698486328125,100.2513198852539,92.52383422851562
코리 리오단,Cory S. Riordan,sa390235,AAA,2011,Rockies (AAA),0,1,1,1,7,3.85714,5.14286,0,0,2.64047,5.06822,,67.77346801757812,50.61429214477539,98.88615417480469
코리 리오단,Cory S. Riordan,sa390235,AA,2012,Rockies (AA),0,0,20,1,39.1,3.66102,6.63559,1.83051,1.37288,4.39875,3.99497,,90.31810760498047,105.44834899902344,99.08914947509766
코리 리오단,Cory S. Riordan,sa390235,AAA,2012,Rockies (AAA),0,0,13,9,55.1,4.87952,6.01807,1.46386,0.487952,3.52322,4.41085,,93.66717529296875,73.8407974243164,94.03740692138672
코리 리오단,Cory S. Riordan,sa390235,AA,2013,Rockies (AA),0,1,7,0,14.1,3.13954,5.65116,0.627907,0.627907,3.33542,3.83178,,82.53646850585938,85.20565032958984,101.27924346923828
코리 리오단,Cory S. Riordan,sa390235,AAA,2013,Rockies (AAA),0,0,25,13,74.2,6.75,6.75,3.01339,1.44643,5.28405,4.98313,,137.20822143554688,117.27080535888672,112.49847412109375
에버렛 티포드,Everett James Teaford,3732,R,2006,Royals (R),0,0,15,12,63,3.71429,7.28571,2.85714,0.428571,3.83045,,,81.80974578857422,83.91728210449219,
에버렛 티포드,Everett James Teaford,3732,A,2007,Royals (A),0,0,27,21,134.2,4.67822,5.61386,2.40594,0.735149,4.05955,4.18401,,126.04692840576172,106.88592529296875,
에버렛 티포드,Everett James Teaford,3732,A+,2008,Royals (A+),0,0,28,23,144.1,3.80369,7.23326,2.86836,0.935335,4.20655,4.17247,,94.62652587890625,103.41061401367188,98.89287567138672
에버렛 티포드,Everett James Teaford,3732,A+,2009,Royals (A+),0,0,11,11,64,2.39062,6.89062,1.6875,0.984375,3.84542,3.6181,,62.960323333740234,100.07632446289062,90.7820816040039
에버렛 티포드,Everett James Teaford,3732,AA,2009,Royals (AA),0,0,16,16,81,5.11111,4.66667,3.77778,1.33333,5.53217,4.93342,,114.05709075927734,128.32540893554688,116.89144897460938
에버렛 티포드,Everett James Teaford,3732,AA,2010,Royals (AA),0,0,27,12,99,3.36364,10.2727,2.90909,0.636364,2.91063,2.97777,,79.44233703613281,71.45624542236328,74.672607421875
에버렛 티포드,Everett James Teaford,3732,AAA,2010,Royals (AAA),0,1,1,1,4.2,13.5,7.71428,1.92857,3.85714,8.0826,4.98055,,289.3138427734375,168.89089965820312,104.07828521728516
에버렛 티포드,Everett James Teaford,3732,AAA,2011,Royals (AAA),0,0,16,3,35,3.34286,8.48571,2.82857,1.28571,4.78332,4.04668,,65.02967834472656,91.58381652832031,78.95489501953125
에버렛 티포드,Everett James Teaford,3732,MLB,2011,Royals,0,0,26,3,44,3.27273,5.72727,2.86364,1.63636,5.13902,3.94599,-0.23645,78.72282409667969,127.69349670410156,97.52457427978516
에버렛 티포드,Everett James Teaford,3732,AAA,2012,Royals (AAA),0,0,7,6,33,1.09091,6.81818,2.18182,0.545455,3.75871,4.342,,23.188920974731445,78.63674926757812,92.56944274902344
에버렛 티포드,Everett James Teaford,3732,MLB,2012,Royals,0,0,18,5,61.1,4.98913,5.13587,3.08152,1.61413,5.40967,4.82569,-0.347687,120.88079833984375,132.41824340820312,116.88749694824219
에버렛 티포드,Everett James Teaford,3732,AAA,2013,Royals (AAA),0,0,31,14,95.1,3.49301,9.34615,3.68182,0.660839,3.832,4.3365,,78.62450408935547,84.89442443847656,97.90017700195312
에버렛 티포드,Everett James Teaford,3732,MLB,2013,Royals,0,1,1,0,0.2,0,0,0,0,3.04785,7.14611,0.00741452,0,77.86752319335938,179.6446075439453
하이로 어센시오,Jairo Manuel Asencio,3332,A,2006,Pirates (A),0,0,22,22,122.1,4.26703,5.22343,1.91281,1.47139,5.04193,,,110.0714111328125,128.16648864746094,
하이로 어센시오,Jairo Manuel Asencio,3332,A+,2006,Pirates (A+),0,1,1,1,3.2,14.7273,2.45454,12.2727,0,6.71965,,,360.5086975097656,170.30946350097656,
하이로 어센시오,Jairo Manuel Asencio,3332,A+,2007,Pirates (A+),0,0,36,1,73.1,4.78636,9.57273,3.19091,0.490909,3.10511,3.26616,,113.32632446289062,76.11993408203125,
하이로 어센시오,Jairo Manuel Asencio,3332,AA,2008,Braves (AA),0,0,55,0,65.1,2.7551,10.6071,4.95918,0.413265,3.38724,3.6586,,67.64491271972656,84.29688262939453,86.9225082397461
하이로 어센시오,Jairo Manuel Asencio,3332,AAA,2009,Braves (AAA),0,0,58,0,71.1,3.28037,9.46262,2.3972,0.504673,2.57476,2.82571,,83.42566680908203,66.10025024414062,72.11882019042969
하이로 어센시오,Jairo Manuel Asencio,3332,MLB,2009,Braves,0,1,3,0,2.2,3.37496,0,6.74992,0,5.34706,7.31613,-0.0398053,81.60368347167969,127.04463958740234,173.3286895751953
하이로 어센시오,Jairo Manuel Asencio,3332,AAA,2011,Braves (AAA),0,0,47,0,54.2,1.81098,11.5244,3.62195,0.493902,2.59654,2.8638,,44.73164367675781,64.74242401123047,70.98880767822266
하이로 어센시오,Jairo Manuel Asencio,3332,MLB,2011,Braves,0,1,6,0,10.1,6.96776,6.96776,4.35485,0.870971,4.18668,4.3875,-0.0524505,184.8922882080078,111.2884292602539,114.04277801513672
하이로 어센시오,Jairo Manuel Asencio,3332,AAA,2012,Cubs (AAA),0,1,13,0,13.1,1.35,8.775,2.7,0.675,3.5928,3.68948,,30.335224151611328,79.33062744140625,78.65795135498047
하이로 어센시오,Jairo Manuel Asencio,3332,MLB,2012,- - -,0,0,30,0,40.1,4.90908,6.47106,4.23966,1.1157,4.75561,4.74577,-0.14112,123.05563354492188,117.46993255615234,117.57809448242188
하이로 어센시오,Jairo Manuel Asencio,3332,MLB,2012,Indians,1,1,18,0,25.2,5.96103,7.36363,2.80519,1.4026,4.53601,4.05456,-0.00180524,149.8090057373047,109.92510986328125,98.0204086303711
하이로 어센시오,Jairo Manuel Asencio,3332,MLB,2012,Cubs,1,1,12,0,14.2,3.06817,4.90908,6.74998,0.613635,5.1399,5.95537,-0.139315,76.2372817993164,130.67335510253906,151.80401611328125
하이로 어센시오,Jairo Manuel Asencio,3332,AAA,2013,Orioles (AAA),0,0,47,0,50.2,2.66447,9.94737,2.48684,0.888158,3.16542,2.59774,,71.205078125,82.26861572265625,67.2549057006836
하이로 어센시오,Jairo Manuel Asencio,3332,MLB,2013,Orioles,0,1,4,0,2.1,7.7144,15.4288,7.7144,3.8572,7.76221,3.3617,-0.0797591,188.21044921875,188.0299835205078,84.87260437011719
저스틴 토마스,Justin Joseph Thomas,9910,A,2006,Mariners (A),0,0,11,11,61,3.09836,7.52459,2.5082,0.590164,3.46961,,,83.32353973388672,95.936767578125,
저스틴 토마스,Justin Joseph Thomas,9910,A+,2006,Mariners (A+),0,0,17,17,105.1,4.10127,9.48418,3.84494,0.85443,4.23124,,,93.22438049316406,94.35492706298828,
저스틴 토마스,Justin Joseph Thomas,9910,AA,2007,Mariners (AA),0,0,24,24,119.1,5.50559,7.5419,4.60056,0.829609,4.52991,4.42633,,131.66229248046875,111.28014373779297,
저스틴 토마스,Justin Joseph Thomas,9910,AA,2008,Mariners (AA),0,0,25,17,118.2,4.32303,8.03933,4.24719,0.83427,4.37715,4.1282,,100.08173370361328,104.09465789794922,98.07941436767578
저스틴 토마스,Justin Joseph Thomas,9910,AAA,2008,Mariners (AAA),0,1,7,1,17,3.70588,11.1176,4.76471,1.05882,4.14906,3.92393,,80.62401580810547,88.93680572509766,80.85356140136719
저스틴 토마스,Justin Joseph Thomas,9910,MLB,2008,Mariners,0,1,8,0,4,6.75,4.5,4.5,0,3.63202,5.94019,0.0577653,161.5463409423828,85.94768524169922,137.0643768310547
저스틴 토마스,Justin Joseph Thomas,9910,AAA,2009,Mariners (AAA),0,0,53,0,60.1,4.47514,7.90608,5.96685,0.745856,4.9802,5.00031,,106.86094665527344,114.24351501464844,110.98631286621094
저스틴 토마스,Justin Joseph Thomas,9910,AAA,2010,Pirates (AAA),0,0,40,0,54.1,2.48466,8.44785,1.65644,0.662577,3.38382,3.61939,,61.57656478881836,83.04715728759766,87.1613998413086
저스틴 토마스,Justin Joseph Thomas,9910,MLB,2010,Pirates,0,1,12,0,13,6.23077,3.46154,3.46154,2.07692,6.46246,5.811,-0.225485,159.51759338378906,163.88792419433594,145.07281494140625
저스틴 토마스,Justin Joseph Thomas,9910,AAA,2011,Pirates (AAA),0,0,63,0,69.1,3.89423,7.65865,3.11538,0.519231,3.66948,4.31464,,98.66868591308594,92.10997009277344,106.95272064208984
저스틴 토마스,Justin Joseph Thomas,9910,AAA,2012,Red Sox (AAA),1,1,4,0,5.1,3.375,8.4375,0,0,1.28638,2.6937,,89.7257308959961,32.35789108276367,68.68048858642578
저스틴 토마스,Justin Joseph Thomas,9910,AAA,2012,Yankees (AAA),1,0,30,6,57.1,3.45349,7.69186,3.13954,0.47093,3.23114,3.56081,,89.5099868774414,84.05147552490234,90.78932189941406
저스틴 토마스,Justin Joseph Thomas,9910,MLB,2012,- - -,0,1,11,0,7.2,8.21736,8.21736,3.52172,1.17391,4.52923,5.13171,-0.0154422,194.27767944335938,108.58917999267578,124.37482452392578
저스틴 토마스,Justin Joseph Thomas,9910,MLB,2012,Red Sox,1,1,7,0,4.2,7.71423,7.71423,3.85712,0,3.30874,5.19647,0.0342728,181.44491577148438,81.51082611083984,125.95950317382812
저스틴 토마스,Justin Joseph Thomas,9910,MLB,2012,Yankees,1,1,4,0,3,9,9,3,3,6.42779,5.03095,-0.049715,214.2399139404297,150.71136474609375,121.90974426269531
저스틴 토마스,Justin Joseph Thomas,9910,AAA,2013,Athletics (AAA),0,0,16,16,84.1,4.48221,7.25692,3.62846,0.853755,4.47095,4.53084,,113.19400024414062,106.23091125488281,102.28760528564453
케일럽 클레이,Caleb Russell Clay,sa326518,A-,2007,Red Sox (A-),0,1,5,5,21,2.14286,3.85714,2.57143,0,3.62172,4.53764,,55.599220275878906,95.62963104248047,
케일럽 클레이,Caleb Russell Clay,sa326518,R,2008,Red Sox (R),0,1,2,2,2.2,0,6.74999,3.375,0,3.13448,3.34283,,0,83.99866485595703,88.62702178955078
케일럽 클레이,Caleb Russell Clay,sa326518,A,2009,Red Sox (A),0,0,25,16,110,4.00909,5.48182,3.10909,0.9,4.67847,4.48141,,106.58171844482422,123.24100494384766,120.68640899658203
케일럽 클레이,Caleb Russell Clay,sa326518,A+,2010,Red Sox (A+),0,0,26,25,132,4.56818,4.56818,1.84091,0.613636,4.1964,4.61899,,116.19208526611328,108.38289642333984,117.9169921875
케일럽 클레이,Caleb Russell Clay,sa326518,AA,2011,Red Sox (AA),0,0,28,2,59,7.47458,8.08475,5.18644,1.37288,5.47785,4.8838,,176.40737915039062,134.16650390625,120.35010528564453
케일럽 클레이,Caleb Russell Clay,sa326518,AA,2012,Red Sox (AA),0,0,34,1,66.1,4.61307,8.27638,2.57789,1.62814,4.75367,3.78477,,114.28655242919922,121.32711791992188,96.63665771484375
케일럽 클레이,Caleb Russell Clay,sa326518,AA,2013,Nationals (AA),0,0,13,13,75.1,3.4646,7.04867,2.03097,0.716814,3.74968,4.04791,,87.42733001708984,94.05348205566406,100.86595916748047
케일럽 클레이,Caleb Russell Clay,sa326518,AAA,2013,Nationals (AAA),0,0,14,13,83,2.49398,5.53012,1.51807,0.542169,3.37357,4.04148,,64.19100189208984,87.65060424804688,104.63286590576172
앤드루 앨버스,Andrew ALBERS,7853,R,2008,Padres (R),0,1,5,2,7,0,9,3.85714,0,3.40192,3.40192,,0,77.86032104492188,78.23408508300781
앤드루 앨버스,Andrew ALBERS,7853,A+,2011,Twins (A+),0,0,22,2,52.1,1.54777,7.91083,1.20382,0.343949,2.58574,2.69325,,40.048954010009766,65.59622955322266,68.4271240234375
앤드루 앨버스,Andrew ALBERS,7853,AA,2011,Twins (AA),0,0,13,5,43.1,2.90769,7.06154,1.45385,0,2.67159,3.6397,,72.68022155761719,68.13685607910156,89.69197082519531
앤드루 앨버스,Andrew ALBERS,7853,R,2012,Twins (R),0,1,2,1,4.2,1.92857,5.78571,5.78571,0,4.07661,4.48848,,55.73884201049805,122.03411865234375,130.71612548828125
앤드루 앨버스,Andrew ALBERS,7853,AA,2012,Twins (AA),0,0,19,17,98.1,3.75254,6.68136,1.09831,0.640678,3.0687,3.26269,,96.54312133789062,80.23190307617188,83.30638122558594
앤드루 앨버스,Andrew ALBERS,7853,AAA,2013,Twins (AAA),0,0,22,22,132.1,2.85642,7.88917,2.17632,0.952141,3.55251,3.34501,,72.95072937011719,91.30664825439453,86.60157012939453
앤드루 앨버스,Andrew ALBERS,7853,MLB,2013,Twins,0,0,10,10,60,4.05,3.75,1.05,0.9,3.96452,4.41775,0.903645,100.43531799316406,99.88249969482422,111.31893920898438
라이언 타투스코,Ryan Tatusko,sa389188,A-,2007,Rangers (A-),0,0,16,13,65.1,4.13265,6.88776,3.03061,0.55102,4.30025,4.56691,,92.49065399169922,99.01714324951172,
라이언 타투스코,Ryan Tatusko,sa389188,A,2008,Rangers (A),0,0,32,16,113,4.46018,7.64602,3.34513,0.716814,3.81457,3.58997,,119.58935546875,103.78776550292969,97.48685455322266
라이언 타투스코,Ryan Tatusko,sa389188,A+,2009,Rangers (A+),0,0,29,16,120.1,4.63712,6.43213,2.84211,0.67313,4.41138,4.43828,,103.30718994140625,96.86622619628906,99.23115539550781
라이언 타투스코,Ryan Tatusko,sa389188,AA,2010,Rangers (AA),1,0,24,13,100,2.97,5.22,3.6,0.18,3.51366,4.26129,,76.24606323242188,87.67039489746094,106.85913848876953
라이언 타투스코,Ryan Tatusko,sa389188,AA,2010,Nationals (AA),1,0,6,6,36.2,1.71818,8.83636,3.19091,0.490909,3.25541,3.28723,,40.3624382019043,77.08128356933594,78.05548858642578
라이언 타투스코,Ryan Tatusko,sa389188,AA,2011,Nationals (AA),0,0,12,9,47,5.93617,7.65957,4.97872,0.382979,4.17601,4.63995,,144.3996124267578,102.84578704833984,114.34076690673828
라이언 타투스코,Ryan Tatusko,sa389188,AAA,2011,Nationals (AAA),0,0,23,2,39.2,4.53781,6.35294,4.31092,0.226891,3.74099,4.58849,,111.5030288696289,92.53112030029297,113.7408676147461
라이언 타투스코,Ryan Tatusko,sa389188,AA,2012,Nationals (AA),0,0,27,8,82.1,3.49798,8.52632,3.82591,0.437247,3.54098,3.67692,,88.26554870605469,90.10443115234375,93.88276672363281
라이언 타투스코,Ryan Tatusko,sa389188,AA,2013,Nationals (AA),0,1,1,1,7,0,5.14286,5.14286,0,3.89633,4.31034,,0,97.73190307617188,107.40514373779297
라이언 타투스코,Ryan Tatusko,sa389188,AAA,2013,Nationals (AAA),0,0,28,18,120.2,4.32597,7.45856,5.74309,0.522099,4.34026,4.60187,,111.3435287475586,112.76654052734375,119.1412124633789
테드 웨버,Thad G. Weber,8036,R,2008,Tigers (R),0,1,2,1,4,0,20.25,0,0,-0.990523,-0.990523,,0,-26.933061599731445,-26.26133155822754
테드 웨버,Thad G. Weber,8036,A,2008,Tigers (A),0,0,11,11,56.1,2.55621,7.8284,1.7574,0.47929,2.98182,3.2533,,70.99073028564453,84.58821105957031,88.34456634521484
테드 웨버,Thad G. Weber,8036,A+,2009,Tigers (A+),0,0,12,12,67.2,2.12808,5.3202,1.46305,0.79803,3.68472,3.20842,,59.019134521484375,102.18684387207031,90.05134582519531
테드 웨버,Thad G. Weber,8036,AA,2009,Tigers (AA),0,0,13,13,75.1,4.06195,5.25664,2.15044,0.836283,4.06195,3.98896,,96.44886016845703,99.61039733886719,102.37394714355469
테드 웨버,Thad G. Weber,8036,AA,2010,Tigers (AA),0,0,25,25,167.2,4.07952,6.06561,2.2008,0.912525,4.21142,4.11477,,90.69512176513672,94.88362884521484,97.70553588867188
테드 웨버,Thad G. Weber,8036,AAA,2010,Tigers (AAA),0,1,3,3,22,1.63636,6.95455,1.22727,0.818182,3.30044,3.15497,,40.38792037963867,81.18760681152344,75.97742462158203
테드 웨버,Thad G. Weber,8036,AAA,2011,Tigers (AAA),0,0,27,27,151.1,5.64978,6.60132,2.9141,1.6652,5.2456,3.99548,,143.1749267578125,132.98703002929688,99.04122924804688
테드 웨버,Thad G. Weber,8036,AAA,2012,Padres (AAA),1,1,3,3,18.1,4.41818,6.87273,1.47273,0.490909,3.50416,3.57447,,89.72758483886719,74.02188873291016,76.20613098144531
테드 웨버,Thad G. Weber,8036,AAA,2012,Tigers (AAA),1,0,22,21,128.2,4.19689,6.78497,2.16839,1.11917,4.13288,3.60799,,110.60759735107422,109.20695495605469,91.9920425415039
테드 웨버,Thad G. Weber,8036,MLB,2012,Tigers,0,1,2,0,4,9,2.25,4.5,0,4.09445,4.82858,0.00153128,215.84585571289062,98.14459991455078,116.95823669433594
테드 웨버,Thad G. Weber,8036,AAA,2013,Padres (AAA),1,0,6,6,34.1,3.93204,6.81554,1.04854,0,2.49209,3.59405,,84.56022644042969,55.7451057434082,81.13883209228516
테드 웨버,Thad G. Weber,8036,AAA,2013,Blue Jays (AAA),1,0,18,15,100,2.61,7.92,1.89,0.45,2.7249,3.02347,,68.491455078125,70.29429626464844,78.27677917480469
테드 웨버,Thad G. Weber,8036,MLB,2013,- - -,0,1,8,0,15,2.4,6,4.8,1.2,5.04785,4.31637,-0.161032,63.26908874511719,131.93797302246094,112.32345581054688
테드 웨버,Thad G. Weber,8036,MLB,2013,Padres,1,1,3,0,9,2,6,5,1,4.82563,4.29196,-0.074406,56.188743591308594,130.9244842529297,114.074462890625
테드 웨버,Thad G. Weber,8036,MLB,2013,Blue Jays,1,1,5,0,6,3,6,4.5,1.5,5.38119,4.35298,-0.0866255,73.88961029052734,133.45819091796875,109.69694519042969
트레비스 밴와트,Travis Banwart,sa389775,A,2007,Athletics (A),0,0,12,6,45,2.6,8.2,2,0.4,2.75405,3.13629,,68.0909423828125,72.92195129394531,
트레비스 밴와트,Travis Banwart,sa389775,A,2008,Athletics (A),0,0,7,7,41.2,2.376,8.856,2.376,0,2.17959,2.93292,,63.84416961669922,59.2135124206543,79.64439392089844
트레비스 밴와트,Travis Banwart,sa389775,A+,2008,Athletics (A+),0,0,14,14,58.2,4.44886,8.28409,4.90909,1.07386,5.12847,5.10674,,98.9474868774414,109.4797592163086,113.24628448486328
트레비스 밴와트,Travis Banwart,sa389775,AA,2009,Athletics (AA),0,0,27,27,140,4.88571,4.95,2.82857,0.835714,4.40863,4.47893,,110.99032592773438,106.44023132324219,106.1229019165039
트레비스 밴와트,Travis Banwart,sa389775,AAA,2009,Athletics (AAA),0,1,1,1,6,10.5,7.5,1.5,0,2.30525,4.36272,,257.1689453125,54.067752838134766,96.83441925048828
트레비스 밴와트,Travis Banwart,sa389775,AA,2010,Athletics (AA),0,0,14,14,83.1,2.916,6.372,3.348,0.756,4.11366,4.19342,,70.94766998291016,105.10768127441406,105.15717315673828
트레비스 밴와트,Travis Banwart,sa389775,AAA,2010,Athletics (AAA),0,0,15,11,73,4.80822,8.75342,3.57534,1.10959,4.47302,4.62427,,111.47154235839844,98.62481689453125,96.63336181640625
트레비스 밴와트,Travis Banwart,sa389775,AAA,2011,Athletics (AAA),0,0,27,25,149.2,4.63029,7.21604,2.76615,1.32294,5.07286,4.99617,,100.92674255371094,104.54670715332031,97.48040008544922
트레비스 밴와트,Travis Banwart,sa389775,AAA,2012,Athletics (AAA),0,0,32,18,128.2,3.84715,6.92487,2.58808,1.04922,4.57712,4.58858,,91.74943542480469,102.7016372680664,97.82649993896484
트레비스 밴와트,Travis Banwart,sa389775,AAA,2013,Athletics (AAA),0,0,29,23,131,4.60305,8.58779,3.70992,1.37405,4.97434,4.62902,,116.24565124511719,118.19168090820312,104.50421142578125
로스 울프,Ross Wolf,4534,AA,2006,Marlins (AA),0,1,12,0,18,1,6,1,0,1.95141,,,28.19085693359375,56.12980270385742,
로스 울프,Ross Wolf,4534,AAA,2006,Marlins (AAA),0,0,48,0,48.2,5.17808,5.36301,2.77397,0.184931,3.50086,,,101.92498779296875,75.22322845458984,
로스 울프,Ross Wolf,4534,AAA,2007,Marlins (AAA),0,0,46,0,47.1,3.42254,4.37324,3.23239,0.950704,4.98009,4.73144,,62.73150634765625,99.6414566040039,
로스 울프,Ross Wolf,4534,MLB,2007,Marlins,0,1,14,0,12.1,11.6757,4.37839,2.1892,2.91893,7.45583,5.17218,-0.296603,264.6167907714844,169.1706085205078,115.1891860961914
로스 울프,Ross Wolf,4534,A+,2008,Marlins (A+),0,1,3,0,4,2.25,15.75,2.25,0,0.451403,0.451403,,62.78037643432617,12.36894416809082,11.839250564575195
로스 울프,Ross Wolf,4534,AAA,2008,Marlins (AAA),0,0,38,0,39,3.92308,4.61538,3.46154,0.923077,5.11738,5.02772,,69.40824890136719,98.8318862915039,103.59737396240234
로스 울프,Ross Wolf,4534,AAA,2009,Orioles (AAA),0,0,47,0,82,3.95122,8.0122,3.62195,0.548781,3.47879,3.48915,,103.45045471191406,91.49311065673828,89.05126190185547
로스 울프,Ross Wolf,4534,AAA,2010,Orioles (AAA),1,0,25,0,38.1,1.87826,6.10435,3.52174,0.234783,3.4115,3.98019,,45.900230407714844,83.95767211914062,95.85018157958984
로스 울프,Ross Wolf,4534,AAA,2010,Athletics (AAA),1,1,10,0,9.2,5.58621,10.2414,2.7931,0.931034,3.89295,2.94549,,129.50759887695312,85.83501434326172,61.55204391479492
로스 울프,Ross Wolf,4534,MLB,2010,Athletics,0,1,11,0,12.2,4.26315,6.39472,4.26315,0.710524,4.341,4.56806,-0.0276503,105.79805755615234,106.38673400878906,109.56578826904297
로스 울프,Ross Wolf,4534,AAA,2011,Astros (AAA),0,0,56,0,73.2,4.76471,6.71946,3.29864,0.488688,4.17699,4.62457,,93.60411834716797,82.80712890625,90.22994232177734
로스 울프,Ross Wolf,4534,AA,2012,Rangers (AA),1,0,36,0,43,2.09302,9.2093,1.67442,0.209302,2.16383,2.46561,,51.65009689331055,51.95943069458008,61.155635833740234
로스 울프,Ross Wolf,4534,AA,2012,Orioles (AA),1,1,7,0,8,6.75,7.875,2.25,2.25,5.8259,3.59513,,172.0356903076172,145.3605499267578,91.79438018798828
로스 울프,Ross Wolf,4534,AAA,2012,Rangers (AAA),0,1,7,0,11.1,4.76471,5.55883,3.97059,1.58824,6.05015,4.59656,,102.66620635986328,128.2931365966797,97.99673461914062
로스 울프,Ross Wolf,4534,AA,2013,Rangers (AA),0,1,1,0,1.2,5.39999,5.39999,0,0,1.85636,2.56628,,139.49957275390625,47.610721588134766,67.83041381835938
로스 울프,Ross Wolf,4534,AAA,2013,Rangers (AAA),0,0,7,6,35.2,1.76635,6.56075,2.52336,0.252336,3.40154,4.12902,,40.302696228027344,76.37982940673828,93.21609497070312
로스 울프,Ross Wolf,4534,MLB,2013,Rangers,0,0,22,3,47.2,4.15384,3.96503,2.83217,0.944055,4.53736,4.43479,0.0170501,97.9132080078125,111.17527770996094,111.74569702148438
앤서니 스와잭,Anthony Swarzak,7466,A+,2006,Twins (A+),0,0,27,27,145.2,3.2746,8.09382,3.70709,0.494279,3.3816,,,88.09828186035156,89.97645568847656,
앤서니 스와잭,Anthony Swarzak,7466,A+,2007,Twins (A+),0,1,3,3,15.2,2.29787,10.3404,2.87234,0,2.17932,3.14976,,59.24592590332031,55.571556091308594,
앤서니 스와잭,Anthony Swarzak,7466,AA,2007,Twins (AA),0,0,15,14,86.1,3.23166,7.92278,2.39768,0.625483,3.38616,3.89127,,75.91797637939453,82.3213882446289,
앤서니 스와잭,Anthony Swarzak,7466,AA,2008,Twins (AA),0,0,20,20,101.2,5.66557,6.72787,3.27541,1.0623,4.46597,4.54564,,131.96885681152344,107.65416717529297,107.6169662475586
앤서니 스와잭,Anthony Swarzak,7466,AAA,2008,Twins (AAA),0,0,7,7,45,1.8,5.2,2.8,0.8,4.52265,4.71498,,42.903812408447266,110.5320053100586,114.9003677368164
앤서니 스와잭,Anthony Swarzak,7466,AAA,2009,Twins (AAA),0,0,13,13,79.2,3.27615,5.08368,2.37239,0.451883,3.5763,4.00447,,80.36264038085938,90.06564331054688,102.20341491699219
앤서니 스와잭,Anthony Swarzak,7466,MLB,2009,Twins,0,0,12,12,59,6.25424,5.18644,3.05085,1.83051,5.70725,5.15466,-0.229844,142.3551483154297,132.33485412597656,116.5135269165039
앤서니 스와잭,Anthony Swarzak,7466,AAA,2010,Twins (AAA),0,0,22,22,111.2,6.20597,5.56119,3.06269,1.12836,4.80424,5.06571,,145.71311950683594,115.06128692626953,121.99143981933594
앤서니 스와잭,Anthony Swarzak,7466,AAA,2011,Twins (AAA),0,0,6,6,32.1,3.89691,6.95876,1.94845,0.835052,3.54606,4.21419,,93.87417602539062,87.37577819824219,104.46271514892578
앤서니 스와잭,Anthony Swarzak,7466,MLB,2011,Twins,0,0,27,11,102,4.32353,4.85294,2.29412,0.794118,4.03519,4.67399,0.716373,105.1622543334961,100.96146392822266,115.35430145263672
앤서니 스와잭,Anthony Swarzak,7466,MLB,2012,Twins,0,0,44,5,96.2,5.02758,5.77241,2.88621,1.39655,4.791,4.47491,-0.202375,122.16444396972656,117.49623107910156,108.30503845214844
앤서니 스와잭,Anthony Swarzak,7466,MLB,2013,Twins,0,0,48,0,96,2.90625,6.46875,2.0625,0.65625,3.27702,3.8091,0.959802,72.07164001464844,82.68045043945312,96.07672119140625
앤서니 스와잭,Anthony Swarzak,7466,MLB,2014,Twins,0,0,50,4,86,4.60465,4.9186,2.93023,0.523256,3.77179,4.56811,0.599681,118.37702178955078,98.8847885131836,120.37702941894531
타일러 클로이드,Tyler Cloyd,8536,R,2008,Phillies (R),0,1,2,1,11,0,9,0.818182,0,2.05493,2.40849,,0,53.14299392700195,63.85538101196289
타일러 클로이드,Tyler Cloyd,8536,A-,2008,Phillies (A-),0,0,12,12,65,4.56923,8.03077,2.90769,1.10769,4.53739,3.82322,,127.07066345214844,119.80250549316406,101.00414276123047
타일러 클로이드,Tyler Cloyd,8536,A,2009,Phillies (A),0,0,14,14,88.2,3.04511,7.81579,1.92857,0.304511,2.892,3.1985,,87.0853042602539,82.37952423095703,86.13714599609375
타일러 클로이드,Tyler Cloyd,8536,A+,2009,Phillies (A+),0,0,13,12,76.2,4.1087,4.57826,2.7,0.469565,3.9779,4.36099,,116.7719955444336,107.75865936279297,122.40078735351562
타일러 클로이드,Tyler Cloyd,8536,A+,2010,Phillies (A+),0,0,35,4,69.1,5.32212,8.69712,2.07692,1.03846,3.77234,3.20353,,144.26023864746094,99.24532318115234,87.17163848876953
타일러 클로이드,Tyler Cloyd,8536,AA,2010,Phillies (AA),0,1,2,1,9,4,6,1,3,6.69783,4.33816,,93.38977813720703,150.84783935546875,103.00978088378906
타일러 클로이드,Tyler Cloyd,8536,A+,2011,Phillies (A+),0,0,13,5,39.1,2.74576,8.92373,1.6017,0.686441,3.00693,2.88294,,69.27912139892578,74.30740356445312,73.24667358398438
타일러 클로이드,Tyler Cloyd,8536,AA,2011,Phillies (AA),0,0,18,17,106.2,2.78438,8.35313,1.26563,0.590625,3.02568,3.27012,,67.45996856689453,70.64713287353516,80.58446502685547
타일러 클로이드,Tyler Cloyd,8536,AA,2012,Phillies (AA),0,1,4,4,25,1.8,7.2,1.08,0.36,2.6009,3.10013,,45.17891311645508,62.86663818359375,79.1555404663086
타일러 클로이드,Tyler Cloyd,8536,AAA,2012,Phillies (AAA),0,0,22,22,142,2.34507,5.89437,2.40845,0.887324,4.02053,3.97721,,61.52997970581055,103.94685363769531,101.40596771240234
타일러 클로이드,Tyler Cloyd,8536,MLB,2012,Phillies,0,0,6,6,33,4.90909,8.18182,1.90909,2.18182,5.24597,4.1856,-0.0555535,124.45172882080078,131.28067016601562,107.0114517211914
타일러 클로이드,Tyler Cloyd,8536,AAA,2013,Phillies (AAA),0,0,19,19,112.2,4.71302,7.42899,2.07692,1.67751,4.69602,3.49326,,121.96251678466797,122.44344329833984,90.43968963623047
타일러 클로이드,Tyler Cloyd,8536,MLB,2013,Phillies,0,0,13,11,60.1,6.56354,6.11603,3.72928,1.0442,4.48984,4.77039,0.303061,175.0409698486328,116.98189544677734,126.87206268310547
타일러 클로이드,Tyler Cloyd,8536,AAA,2014,Indians (AAA),0,0,27,26,166.2,3.888,6.372,1.674,1.404,4.61768,3.87589,,89.99860382080078,108.36847686767578,95.99730682373047
알프레도 피가로,Alfredo Figaro,8404,R,2006,Tigers (R),0,0,14,4,38.1,0.704348,7.27826,2.81739,0,2.8015,,,19.74431800842285,78.78167724609375,
알프레도 피가로,Alfredo Figaro,8404,A-,2007,Tigers (A-),0,0,11,11,53.1,3.375,6.75,2.7,0.16875,3.40386,3.57419,,81.7807388305664,88.8523941040039,
알프레도 피가로,Alfredo Figaro,8404,A+,2007,Tigers (A+),0,1,5,4,22.2,4.76471,2.38235,2.38235,0,3.99002,4.88435,,116.41448211669922,98.58255004882812,
알프레도 피가로,Alfredo Figaro,8404,A,2008,Tigers (A),0,0,19,19,123,2.04878,7.02439,2.19512,0,2.55188,3.26228,,56.89836502075195,72.39189910888672,88.58840942382812
알프레도 피가로,Alfredo Figaro,8404,A+,2008,Tigers (A+),0,1,6,5,29.1,4.90909,7.05682,3.68182,0.613636,3.84913,4.01002,,124.58340454101562,98.78125762939453,105.17359161376953
알프레도 피가로,Alfredo Figaro,8404,AA,2009,Tigers (AA),0,0,16,11,80,3.6,7.7625,2.5875,0.9,3.62102,3.23262,,85.48013305664062,88.79756927490234,82.96289825439453
알프레도 피가로,Alfredo Figaro,8404,MLB,2009,Tigers,0,1,5,3,17,6.35294,8.47059,5.29412,1.58824,5.45003,5.00918,0.0260633,139.9830780029297,122.06449127197266,113.25456237792969
알프레도 피가로,Alfredo Figaro,8404,AAA,2010,Tigers (AAA),0,0,23,23,124,4.1371,8.12903,2.83065,0.798387,3.66627,3.8582,,102.10978698730469,90.18682098388672,92.91230010986328
알프레도 피가로,Alfredo Figaro,8404,MLB,2010,Tigers,0,1,8,1,14.2,6.74998,3.06817,4.90908,0.613635,4.91875,5.69771,0.061552,160.1823272705078,117.38856506347656,136.8544464111328
알프레도 피가로,Alfredo Figaro,8404,R,2013,Brewers (R),0,1,1,1,2.1,0,15.4286,0,0,0.578567,0.825943,,0,14.047741889953613,20.237899780273438
알프레도 피가로,Alfredo Figaro,8404,AAA,2013,Brewers (AAA),0,1,3,3,13,2.76923,5.53846,6.23077,0,4.41592,5.52868,,64.07176208496094,101.31845092773438,124.81471252441406
알프레도 피가로,Alfredo Figaro,8404,MLB,2013,Brewers,0,0,33,5,74,4.13514,6.56757,1.82432,1.82432,4.87218,3.64012,-0.569169,106.80638885498047,124.47559356689453,96.63841247558594
알프레도 피가로,Alfredo Figaro,8404,AAA,2014,Brewers (AAA),0,0,42,2,70.1,3.7109,7.03792,2.81517,0.639811,4.04161,4.18364,,81.98199462890625,88.54286193847656,90.18404388427734
알프레도 피가로,Alfredo Figaro,8404,MLB,2014,Brewers,0,1,6,0,8.2,7.2692,8.30766,1.03846,2.07692,4.63225,3.20097,-0.0493155,192.81417846679688,120.73812103271484,86.5848617553711
루카스 하렐,Lucas Harrell,7541,A+,2006,White Sox (A+),0,0,17,17,91.2,2.45455,6.87273,4.32,0.294546,3.74147,,,58.37029266357422,89.6600341796875,
루카스 하렐,Lucas Harrell,7541,AA,2006,White Sox (AA),0,1,3,3,9.2,10.2414,3.72414,13.0345,0.931034,7.81348,,,309.3020324707031,236.3779754638672,
루카스 하렐,Lucas Harrell,7541,R,2008,White Sox (R),0,1,1,1,3,3,15,3,0,1.45099,1.79424,,75.697021484375,36.780242919921875,43.73080825805664
루카스 하렐,Lucas Harrell,7541,A,2008,White Sox (A),0,1,3,3,10.2,5.90625,5.90625,3.375,0,3.64595,4.30086,,143.25363159179688,92.15199279785156,106.91305541992188
루카스 하렐,Lucas Harrell,7541,AA,2008,White Sox (AA),0,0,11,10,54.2,3.45732,5.59756,3.12805,0.493902,3.88674,4.09784,,85.80136108398438,96.62255859375,97.35824584960938
루카스 하렐,Lucas Harrell,7541,AA,2009,White Sox (AA),0,0,14,14,80.1,3.24896,5.71369,3.58506,0.448133,3.73592,3.68597,,88.75946807861328,101.61576843261719,95.82070922851562
루카스 하렐,Lucas Harrell,7541,AAA,2009,White Sox (AAA),0,0,11,11,65.2,3.28934,5.75635,5.07107,0.411168,4.29165,4.40741,,82.9857177734375,105.21524047851562,112.48735809326172
루카스 하렐,Lucas Harrell,7541,AAA,2010,White Sox (AAA),0,0,26,26,137.2,4.57627,5.49153,3.98789,0.719128,4.51164,4.5189,,109.71307373046875,105.92964935302734,108.8231201171875
루카스 하렐,Lucas Harrell,7541,MLB,2010,White Sox,0,1,8,3,24,4.875,5.625,6.375,0.75,5.03618,4.86877,-0.00147549,112.49295806884766,114.98456573486328,116.83004760742188
루카스 하렐,Lucas Harrell,7541,AAA,2011,White Sox (AAA),1,0,13,12,74.1,3.26906,6.78027,3.14798,0.726457,3.86907,3.68207,,81.8477783203125,95.41620635986328,91.27220916748047
루카스 하렐,Lucas Harrell,7541,AAA,2011,Astros (AAA),1,0,9,9,52.1,1.71975,6.53503,4.12739,0,3.82154,4.67084,,33.78496170043945,75.76050567626953,91.13279724121094
루카스 하렐,Lucas Harrell,7541,MLB,2011,- - -,0,1,9,2,18,4.5,7.5,4,0,2.85872,4.11498,0.335121,113.29051971435547,72.38225555419922,105.91195678710938
루카스 하렐,Lucas Harrell,7541,MLB,2011,White Sox,1,1,3,0,5,7.2,9,1.8,0,1.62539,3.13289,0.10883,170.09532165527344,38.80569839477539,77.61071014404297
루카스 하렐,Lucas Harrell,7541,MLB,2011,Astros,1,1,6,2,13,3.46154,6.92308,4.84615,0,3.33308,4.4927,0.226291,91.44252014160156,85.29631805419922,116.79705047607422
루카스 하렐,Lucas Harrell,7541,MLB,2012,Astros,0,0,32,32,193.2,3.7642,6.50602,3.62478,0.604131,3.74505,3.88832,2.70416,95.45626068115234,94.44581604003906,99.4874267578125
루카스 하렐,Lucas Harrell,7541,MLB,2013,Astros,0,0,36,22,153.2,5.85683,5.21258,5.15401,1.17137,5.41662,4.9693,-0.864907,146.121337890625,134.48085021972656,125.13113403320312
루카스 하렐,Lucas Harrell,7541,AAA,2014,Diamondbacks (AAA),0,0,22,20,106.2,5.14688,5.65313,6.49688,1.0125,6.21288,5.50274,,100.05681610107422,128.8159942626953,118.61904907226562
루카스 하렐,Lucas Harrell,7541,MLB,2014,Astros,0,1,3,3,12.1,9.48651,6.56759,6.56759,1.45946,5.9701,4.96433,-0.172377,253.97586059570312,157.91651916503906,130.75079345703125
조쉬 스틴슨,Joshua Randall Stinson,3219,R,2006,Mets (R),0,1,9,4,27,2,4.66667,1.66667,0,2.92002,,,52.90097427368164,80.38741302490234,
조쉬 스틴슨,Joshua Randall Stinson,3219,A,2006,Mets (A),0,1,3,3,13.1,1.35,3.375,2.7,0,3.86809,,,35.41373062133789,100.30855560302734,
조쉬 스틴슨,Joshua Randall Stinson,3219,A,2007,Mets (A),0,0,26,21,109.1,4.85671,4.28049,2.71646,1.07012,5.25833,5.21105,,120.80487823486328,126.37397766113281,
조쉬 스틴슨,Joshua Randall Stinson,3219,A,2008,Mets (A),0,0,21,6,71.2,3.51628,5.77674,4.01861,0.87907,5.08708,4.98702,,94.25746154785156,131.75550842285156,123.969970703125
조쉬 스틴슨,Joshua Randall Stinson,3219,A+,2008,Mets (A+),0,1,7,2,14.2,6.13636,8.59091,3.06818,0,2.72413,3.88775,,155.874755859375,70.66885375976562,101.966552734375
조쉬 스틴슨,Joshua Randall Stinson,3219,A,2009,Mets (A),0,0,25,1,42.1,3.61417,10.4173,2.12598,0.212598,2.46272,2.95586,,104.9566650390625,69.1007308959961,79.60250854492188
조쉬 스틴슨,Joshua Randall Stinson,3219,A+,2009,Mets (A+),0,0,25,0,36.1,1.98165,8.66973,4.70642,0,2.82445,3.40433,,52.782344818115234,77.82318878173828,95.5501937866211
조쉬 스틴슨,Joshua Randall Stinson,3219,AA,2010,Mets (AA),0,0,32,14,110.1,4.24169,5.54683,4.07855,0.570997,4.42492,4.68922,,98.81636810302734,103.681396484375,111.34583282470703
조쉬 스틴슨,Joshua Randall Stinson,3219,AAA,2010,Mets (AAA),0,1,4,4,28,2.57143,6.75,2.57143,1.60714,4.93355,3.7264,,60.7432746887207,116.4116439819336,89.73843383789062
조쉬 스틴슨,Joshua Randall Stinson,3219,AA,2011,Mets (AA),0,0,27,2,47.1,3.99296,7.41549,3.04225,0.190141,3.30442,4.01912,,98.41744995117188,81.31918334960938,99.04204559326172
조쉬 스틴슨,Joshua Randall Stinson,3219,AAA,2011,Mets (AAA),0,0,13,13,61.2,7.44324,4.67027,4.81622,1.02162,5.32868,5.30822,,180.98553466796875,129.42379760742188,131.58192443847656
조쉬 스틴슨,Joshua Randall Stinson,3219,MLB,2011,Mets,0,1,14,0,13,6.92308,5.53846,4.84615,0.692308,4.41,4.56962,-0.111909,187.30343627929688,116.847900390625,118.81090545654297
조쉬 스틴슨,Joshua Randall Stinson,3219,AA,2012,Brewers (AA),0,0,29,24,145.1,3.15826,5.63532,4.39679,0.433486,4.21065,4.44273,,79.6885986328125,107.0916748046875,115.32099914550781
조쉬 스틴슨,Joshua Randall Stinson,3219,MLB,2012,Brewers,0,1,6,1,9.1,0.964289,2.89287,4.82145,0.964289,5.4516,5.78919,-0.09094,23.769073486328125,134.03565979003906,147.59786987304688
조쉬 스틴슨,Joshua Randall Stinson,3219,A+,2013,Orioles (A+),0,1,1,0,2,4.5,4.5,0,0,2.3494,3.17444,,112.88725280761719,56.048004150390625,79.85147094726562
조쉬 스틴슨,Joshua Randall Stinson,3219,AAA,2013,Orioles (AAA),0,0,23,23,131,3.77863,5.9771,3.70992,0.755725,4.2965,4.27884,,100.97962188720703,111.66503143310547,110.77811431884766
조쉬 스틴슨,Joshua Randall Stinson,3219,MLB,2013,Orioles,0,1,11,1,17,3.17647,6.35294,1.58824,2.11765,5.4008,3.70813,-0.0532321,77.497314453125,131.02886962890625,93.54794311523438
조쉬 스틴슨,Joshua Randall Stinson,3219,AAA,2014,Orioles (AAA),0,0,22,13,85.1,5.48438,8.4375,4.00781,1.47656,5.16237,4.13157,,141.32603454589844,128.75863647460938,102.33003997802734
조쉬 스틴슨,Joshua Randall Stinson,3219,MLB,2014,Orioles,0,1,8,0,13,6.23077,4.15385,4.15385,1.38462,6.05533,5.48143,-0.163592,159.46737670898438,154.70321655273438,144.28956604003906
에반 믹,Evan David Meek,5109,A+,2006,Devil Rays (A+),1,1,2,0,5,9,12.6,7.2,0,4.53756,,,198.24703979492188,96.53022003173828,
에반 믹,Evan David Meek,5109,A+,2006,Padres (A+),1,0,26,25,119.1,4.97765,8.52235,4.67598,0.377095,4.14818,,,113.18218231201172,94.2619400024414,
에반 믹,Evan David Meek,5109,AA,2007,Devil Rays (AA),0,0,44,0,67,4.29851,9.26866,4.56716,0.268657,3.24387,3.48095,,103.86068725585938,77.78824615478516,
에반 믹,Evan David Meek,5109,AA,2008,Pirates (AA),0,1,9,0,16,2.8125,9.5625,1.6875,0,1.8713,2.44109,,67.78008270263672,45.41862869262695,57.792274475097656
에반 믹,Evan David Meek,5109,AAA,2008,Pirates (AAA),0,0,23,0,41.1,2.39516,7.40323,3.04839,0.435484,3.32265,3.55194,,60.111083984375,82.3425521850586,86.55805969238281
에반 믹,Evan David Meek,5109,MLB,2008,Pirates,0,1,9,0,13,6.92308,4.84615,8.30769,2.07692,8.0551,5.86676,-0.341666,162.81771850585938,188.6087188720703,135.95680236816406
에반 믹,Evan David Meek,5109,AAA,2009,Pirates (AAA),0,1,6,0,8.2,1.03846,7.26923,7.26923,0,3.95721,4.54168,,27.16569709777832,102.10790252685547,115.91411590576172
에반 믹,Evan David Meek,5109,MLB,2009,Pirates,0,0,41,0,47,3.44681,8.04255,5.55319,0.382979,3.71411,4.13848,0.333284,83.291259765625,88.34573364257812,97.62560272216797
에반 믹,Evan David Meek,5109,MLB,2010,Pirates,0,0,70,0,80,2.1375,7.875,3.4875,0.5625,3.45284,3.54101,0.82969,54.72339630126953,87.8980484008789,88.67766571044922
에반 믹,Evan David Meek,5109,A+,2011,Pirates (A+),0,1,2,1,2,0,9,0,0,1.38829,2.63669,,0,34.223365783691406,66.99026489257812
에반 믹,Evan David Meek,5109,AAA,2011,Pirates (AAA),0,1,8,0,8,2.25,9,1.125,0,1.61179,2.34018,,57.008548736572266,40.458499908447266,58.00924301147461
에반 믹,Evan David Meek,5109,MLB,2011,Pirates,0,1,24,0,20.2,3.48387,7.40321,5.2258,0.435483,3.75119,4.39868,0.043595,93.83291625976562,99.76822662353516,114.33551788330078
에반 믹,Evan David Meek,5109,AAA,2012,Pirates (AAA),0,0,36,0,46,2.73913,8.02174,5.08696,0.586957,4.18312,3.96465,,69.93329620361328,107.68523406982422,101.08580780029297
에반 믹,Evan David Meek,5109,MLB,2012,Pirates,0,1,12,0,12,6.75,6,4.5,0.75,4.59445,4.97937,-0.0561847,176.4917449951172,121.12964630126953,127.10162353515625
에반 믹,Evan David Meek,5109,AAA,2013,Rangers (AAA),0,0,33,15,108,4.5,6.66667,3.83333,0.75,4.75495,4.69165,,102.67601013183594,106.76994323730469,105.91798400878906
에반 믹,Evan David Meek,5109,AAA,2014,Orioles (AAA),0,0,39,0,41.2,1.944,7.992,0.864,0.432,2.49368,2.47638,,50.094581604003906,62.19682312011719,61.334590911865234
에반 믹,Evan David Meek,5109,MLB,2014,Orioles,0,1,23,0,23.1,5.78572,6.17144,4.24286,1.15714,5.10368,4.54462,-0.383384,148.0770721435547,130.50872802734375,119.76201629638672
브룩스 레일리,Brooks Raley,10061,R,2009,Cubs (R),0,1,3,3,4.1,4.15385,6.23077,4.15385,2.07692,7.33394,4.80672,,95.55079650878906,172.08486938476562,110.04024505615234
브룩스 레일리,Brooks Raley,10061,A-,2009,Cubs (A-),0,1,2,0,6.1,1.42105,2.84211,1.42105,1.42105,5.65287,4.53519,,31.51226806640625,128.11932373046875,106.04185485839844
브룩스 레일리,Brooks Raley,10061,A+,2010,Cubs (A+),0,0,27,27,136.1,3.49878,6.40342,2.83863,0.594132,3.89563,3.82499,,91.76741790771484,104.49441528320312,104.08230590820312
브룩스 레일리,Brooks Raley,10061,AA,2011,Cubs (AA),0,0,26,25,136.1,4.22494,5.28117,2.97066,1.05623,4.71501,4.46539,,98.71782684326172,111.04387664794922,108.40736389160156
브룩스 레일리,Brooks Raley,10061,AA,2012,Cubs (AA),0,0,8,8,48.2,3.5137,5.36301,2.21918,0.369863,3.47291,4.02158,,87.75713348388672,87.73140716552734,104.38908386230469
브룩스 레일리,Brooks Raley,10061,AAA,2012,Cubs (AAA),0,0,14,14,82,3.62195,7.57317,3.07317,0.768293,4.22877,4.30977,,81.3869857788086,93.3732681274414,91.88235473632812
브룩스 레일리,Brooks Raley,10061,MLB,2012,Cubs,0,1,5,5,24.1,8.137,5.91782,4.0685,2.58904,6.87528,5.18708,-0.440815,202.18618774414062,174.43077087402344,132.35870361328125
브룩스 레일리,Brooks Raley,10061,AAA,2013,Cubs (AAA),0,0,27,25,141.1,4.45755,6.04953,2.86557,0.82783,4.50373,4.5992,,105.96540832519531,105.58338165283203,103.83080291748047
브룩스 레일리,Brooks Raley,10061,MLB,2013,Cubs,0,1,9,0,14,5.14286,9,5.14286,1.28571,5.04785,4.06895,-0.14488,137.54957580566406,133.50523376464844,108.10931396484375
브룩스 레일리,Brooks Raley,10061,AAA,2014,Twins (AAA),1,1,8,1,14.2,3.68182,11.6591,6.75,0.613636,4.10768,4.4623,,91.85205078125,103.16725158691406,110.52132415771484
브룩스 레일리,Brooks Raley,10061,AAA,2014,Angels (AAA),1,1,6,5,23,10.5652,5.86957,4.69565,0.391304,5.04821,5.85579,,213.8634490966797,107.37052154541016,126.22952270507812
조쉬 린드블럼,Joshua William Josh Lindblom,7882,A,2008,Dodgers (A),0,1,8,8,29,1.86207,10.2414,1.24138,0.62069,2.42152,2.28555,,52.03635787963867,66.68013763427734,62.06494140625
조쉬 린드블럼,Joshua William Josh Lindblom,7882,AA,2008,Dodgers (AA),0,1,1,1,5,3.6,7.2,1.8,0,2.26479,3.29622,,88.61327362060547,54.66495895385742,78.31304168701172
조쉬 린드블럼,Joshua William Josh Lindblom,7882,AA,2009,Dodgers (AA),0,0,14,11,57.1,4.7093,7.22093,2.19767,0.627907,3.38513,3.59911,,118.38656616210938,88.23424530029297,93.56281280517578
조쉬 린드블럼,Joshua William Josh Lindblom,7882,AAA,2009,Dodgers (AAA),0,0,20,3,39,2.53846,8.30769,2.76923,0.692308,3.77961,3.95942,,47.20174789428711,78.5875244140625,87.88272857666016
조쉬 린드블럼,Joshua William Josh Lindblom,7882,AAA,2010,Dodgers (AAA),0,0,40,10,95,6.53684,7.95789,3.03158,1.13684,4.68787,4.87878,,114.43714904785156,91.76861572265625,101.95182800292969
조쉬 린드블럼,Joshua William Josh Lindblom,7882,AA,2011,Dodgers (AA),0,0,34,0,42.1,2.12598,11.4803,2.97638,0.637795,2.95237,3.00624,,49.91120147705078,71.86611938476562,72.98323059082031
조쉬 린드블럼,Joshua William Josh Lindblom,7882,MLB,2011,Dodgers,0,1,27,0,29.2,2.73033,8.49437,3.0337,0,2.35123,3.96037,0.709507,74.89466857910156,61.5161247253418,102.86048889160156
조쉬 린드블럼,Joshua William Josh Lindblom,7882,MLB,2012,- - -,0,0,74,0,71,3.5493,8.87324,4.43662,1.64789,5.15079,4.48691,-0.700442,92.08514404296875,130.5797882080078,114.63771057128906
조쉬 린드블럼,Joshua William Josh Lindblom,7882,MLB,2012,Dodgers,1,0,48,0,47.2,3.02098,8.11888,3.3986,1.6993,5.06648,4.33687,-0.418781,79.72247314453125,129.30029296875,110.84017181396484
조쉬 린드블럼,Joshua William Josh Lindblom,7882,MLB,2012,Phillies,1,1,26,0,23.1,4.62858,10.4143,6.55715,1.54286,5.32303,4.79343,-0.281661,117.34037017822266,133.193603515625,122.39555358886719
조쉬 린드블럼,Joshua William Josh Lindblom,7882,AAA,2013,Rangers (AAA),0,0,20,18,108,3.08333,6.58333,2.58333,1,4.6068,4.61513,,70.35208129882812,103.44335174560547,104.19052124023438
조쉬 린드블럼,Joshua William Josh Lindblom,7882,MLB,2013,Rangers,0,0,8,5,31.1,5.45745,6.03192,3.15958,1.14894,4.4202,4.50465,0.289448,128.6415252685547,108.32164764404297,113.49506378173828
조쉬 린드블럼,Joshua William Josh Lindblom,7882,AAA,2014,Athletics (AAA),0,0,17,16,84,5.78571,6.42857,2.78571,1.07143,4.85514,5.07732,,139.51441955566406,110.14996337890625,109.4485092163086
조쉬 린드블럼,Joshua William Josh Lindblom,7882,MLB,2014,Athletics,0,1,1,1,4.2,3.85712,3.85712,3.85712,1.92856,6.98937,7.11698,-0.0905703,104.92752075195312,187.70176696777344,187.11106872558594
에스밀 로저스,Esmil Rogers,6317,R,2006,Rockies (R),0,0,15,15,63.1,6.96316,5.68421,3.41053,1.13684,5.81917,,,151.8079376220703,130.04559326171875,
에스밀 로저스,Esmil Rogers,6317,A,2007,Rockies (A),0,0,19,18,117.2,3.74788,6.88385,3.21246,0.458924,3.92125,4.47445,,78.34490203857422,86.51461791992188,
에스밀 로저스,Esmil Rogers,6317,A+,2008,Rockies (A+),0,0,25,25,143.2,3.94664,7.26682,2.81903,0.563805,4.00462,4.33412,,90.28349304199219,94.78756713867188,96.1128158569336
에스밀 로저스,Esmil Rogers,6317,AA,2009,Rockies (AA),0,0,15,15,94.1,2.48057,7.91873,1.81272,0.190813,2.58387,3.29244,,57.822628021240234,60.12607192993164,78.01033782958984
에스밀 로저스,Esmil Rogers,6317,AAA,2009,Rockies (AAA),0,0,12,11,60.2,7.41758,6.82418,5.19231,1.33516,5.76312,5.16646,,145.2201385498047,125.04959106445312,114.67415618896484
에스밀 로저스,Esmil Rogers,6317,MLB,2009,Rockies,0,1,1,1,4,4.5,6.75,4.5,0,3.09708,3.75345,0.0972189,97.39457702636719,69.443115234375,88.45278930664062
에스밀 로저스,Esmil Rogers,6317,AAA,2010,Rockies (AAA),0,0,12,11,61,5.7541,7.81967,2.80328,0.885246,4.25474,4.25646,,108.09089660644531,87.03311157226562,88.94731140136719
에스밀 로저스,Esmil Rogers,6317,MLB,2010,Rockies,0,0,28,8,72,6.125,8.25,3.25,0.625,3.43895,3.5878,1.2293,134.1224365234375,80.94607543945312,89.84015655517578
에스밀 로저스,Esmil Rogers,6317,AA,2011,Rockies (AA),0,1,1,1,4,2.25,4.5,2.25,2.25,6.37762,5.695,,50.85060119628906,140.0587615966797,129.40383911132812
에스밀 로저스,Esmil Rogers,6317,AAA,2011,Rockies (AAA),0,1,5,5,23,6.26087,5.86957,1.95652,1.17391,5.08767,4.86978,,110.00910949707031,97.52400970458984,95.01441192626953
에스밀 로저스,Esmil Rogers,6317,MLB,2011,Rockies,0,0,18,13,83,7.04819,6.83133,5.09639,1.51807,5.61575,4.9214,-0.321706,160.6333465576172,137.25357055664062,128.02053833007812
에스밀 로저스,Esmil Rogers,6317,MLB,2012,- - -,0,0,67,0,78.2,4.69068,9.49576,3.4322,0.800847,3.47581,3.58819,1.04211,108.6977767944336,83.27580261230469,88.53337097167969
에스밀 로저스,Esmil Rogers,6317,MLB,2012,Rockies,1,1,23,0,25.2,8.06492,10.1688,6.31168,0.701298,4.18536,4.31646,0.158651,174.53004455566406,99.25206756591797,110.32366180419922
에스밀 로저스,Esmil Rogers,6317,MLB,2012,Indians,1,0,44,0,53,3.0566,9.16981,2.03774,0.849057,3.13219,3.23551,0.883461,76.81670379638672,75.53885650634766,77.98082733154297
에스밀 로저스,Esmil Rogers,6317,MLB,2013,Blue Jays,0,0,44,20,137.2,4.7724,6.27603,2.87651,1.37288,4.72582,4.06261,0.115594,117.54349517822266,117.2868423461914,102.42527770996094
에스밀 로저스,Esmil Rogers,6317,AAA,2014,Blue Jays (AAA),0,0,12,7,48.2,3.14384,7.58219,3.32877,0.369863,3.43987,4.00683,,78.92510986328125,84.89298248291016,99.2404556274414
에스밀 로저스,Esmil Rogers,6317,MLB,2014,- - -,0,0,34,1,45.2,5.71532,8.67153,3.35036,1.57664,4.73079,4.02318,-0.240183,147.8670196533203,121.7132339477539,106.10980224609375
에스밀 로저스,Esmil Rogers,6317,MLB,2014,Blue Jays,1,1,16,0,20.2,6.96773,9.14515,3.04838,2.17742,5.40644,3.99561,-0.230629,179.4497528076172,140.63755798339844,105.38809967041016
에스밀 로저스,Esmil Rogers,6317,MLB,2014,Yankees,1,1,18,1,25,4.68,8.28,3.6,1.08,4.17225,4.04596,-0.00955334,121.75858306884766,106.06910705566406,106.70641326904297
재크 스튜어트,Zachary Robert Stewart,7397,A,2008,Reds (A),0,1,11,0,16.1,0.551021,7.16327,1.65306,0,2.42645,2.94584,,14.5944185256958,64.08561706542969,79.99530029296875
재크 스튜어트,Zachary Robert Stewart,7397,A+,2008,Reds (A+),0,1,13,0,16.2,1.62,12.42,5.94,0,2.6014,3.21579,,41.250816345214844,68.57557678222656,84.3427734375
재크 스튜어트,Zachary Robert Stewart,7397,A+,2009,Reds (A+),0,0,7,7,42.1,2.12598,6.80315,1.70079,0.212598,2.61532,2.82309,,57.93202590942383,73.77799224853516,79.23628997802734
재크 스튜어트,Zachary Robert Stewart,7397,AA,2009,Reds (AA),0,0,7,7,37,1.45946,7.54054,2.43243,0.243243,2.65619,2.76803,,38.2886848449707,68.4117660522461,71.95794677734375
재크 스튜어트,Zachary Robert Stewart,7397,AAA,2009,Reds (AAA),1,1,9,0,12.1,0.72973,11.6757,5.83784,0,2.50087,3.07586,,18.655385971069336,64.20026397705078,78.50310516357422
재크 스튜어트,Zachary Robert Stewart,7397,AAA,2009,Blue Jays (AAA),1,1,11,0,13.1,3.375,9.45,4.05,0.675,3.69691,3.64778,,70.6604232788086,80.75833129882812,80.96563720703125
재크 스튜어트,Zachary Robert Stewart,7397,AA,2010,Blue Jays (AA),0,0,26,26,136.1,3.63081,6.99755,3.56479,0.858191,4.34738,4.18842,,86.50359344482422,103.56060028076172,99.45426177978516
재크 스튜어트,Zachary Robert Stewart,7397,AA,2011,Blue Jays (AA),0,0,16,16,94.1,4.19788,7.06007,2.57597,0.572438,3.55846,3.80719,,102.17564392089844,87.42762756347656,93.81950378417969
재크 스튜어트,Zachary Robert Stewart,7397,AAA,2011,White Sox (AAA),0,1,1,1,6.1,4.26316,7.10527,0,0,1.65784,3.12997,,106.7376708984375,40.88418960571289,77.58668518066406
재크 스튜어트,Zachary Robert Stewart,7397,MLB,2011,- - -,0,0,13,11,67.1,5.88118,6.01485,2.40594,1.4703,4.7036,3.79257,0.243246,139.37319946289062,111.48138427734375,93.76697540283203
재크 스튜어트,Zachary Robert Stewart,7397,MLB,2011,Blue Jays,1,1,3,3,16.2,4.85999,5.39999,2.69999,1.08,4.46538,4.18677,0.0669825,116.5678482055664,108.27698516845703,103.42154693603516
재크 스튜어트,Zachary Robert Stewart,7397,MLB,2011,White Sox,1,0,10,8,50.2,6.2171,6.2171,2.30921,1.59868,4.78196,3.66289,0.176263,146.87496948242188,112.53546142578125,90.59112548828125
재크 스튜어트,Zachary Robert Stewart,7397,AAA,2012,Red Sox (AAA),0,0,11,11,59.1,3.94382,6.37079,2.1236,0.910112,3.86924,4.07264,,104.84745025634766,97.32891845703125,103.83927154541016
재크 스튜어트,Zachary Robert Stewart,7397,MLB,2012,- - -,0,0,20,3,35.2,8.57943,4.79439,1.00934,3.53271,7.55239,4.34322,-0.892108,202.292724609375,179.38949584960938,105.08312225341797
재크 스튜어트,Zachary Robert Stewart,7397,MLB,2012,White Sox,1,0,18,1,30,6,4.8,1.2,3,6.76112,4.28757,-0.526106,141.71641540527344,158.05628967285156,103.7214584350586
재크 스튜어트,Zachary Robert Stewart,7397,MLB,2012,Red Sox,1,1,2,2,5.2,22.2352,4.76468,0,6.3529,11.7415,4.63786,-0.366002,522.9889526367188,292.329345703125,112.2918701171875
재크 스튜어트,Zachary Robert Stewart,7397,AAA,2013,White Sox (AAA),0,0,28,28,167.1,4.249,6.56175,1.99004,0.860558,3.67103,3.54901,,111.10971069335938,94.5549545288086,91.88307189941406
재크 스튜어트,Zachary Robert Stewart,7397,R,2014,Braves (R),0,1,2,2,4,4.5,4.5,4.5,2.25,7.2574,4.4486,,112.37702178955078,189.84033203125,119.17034149169922
재크 스튜어트,Zachary Robert Stewart,7397,AAA,2014,Braves (AAA),0,0,20,14,106,4.58491,5.00943,2.88679,0.509434,4.08409,4.19725,,114.35086059570312,101.73515319824219,103.95664978027344
앤드루 시스코,Andrew Sisco,3706,MLB,2005,Royals,0,0,67,0,75.1,3.1062,9.07965,5.0177,0.716815,3.78994,4.16429,0.696795,69.39813232421875,87.62578582763672,96.21991729736328
앤드루 시스코,Andrew Sisco,3706,AAA,2006,Royals (AAA),0,1,3,0,4.2,1.92857,11.5714,1.92857,1.92857,4.17307,,,45.34115982055664,95.66062927246094,
앤드루 시스코,Andrew Sisco,3706,MLB,2006,Royals,0,0,65,0,58.1,7.09715,8.02286,6.17143,1.23429,5.25532,5.37794,-0.420763,155.68260192871094,117.51336669921875,118.76487731933594
앤드루 시스코,Andrew Sisco,3706,AAA,2007,White Sox (AAA),0,0,23,15,78.2,4.34746,8.69492,5.0339,1.14407,4.66531,4.25539,,107.40873718261719,111.47081756591797,
앤드루 시스코,Andrew Sisco,3706,MLB,2007,White Sox,0,1,19,0,14,8.35714,8.35714,7.07143,1.28571,5.81103,5.9252,-0.155572,179.52194213867188,124.4233169555664,132.80419921875
앤드루 시스코,Andrew Sisco,3706,AA,2010,Giants (AA),0,0,48,0,66.2,4.32,10.125,4.86,0.54,3.6045,3.93729,,103.41522979736328,87.21514892578125,93.49126434326172
앤드루 시스코,Andrew Sisco,3706,AAA,2011,Mexican (AAA),1,1,10,3,16.1,8.26531,7.71429,8.81633,1.65306,7.68656,6.63962,,163.4208526611328,143.8415985107422,127.37178802490234
앤드루 시스코,Andrew Sisco,3706,AAA,2011,Yankees (AAA),1,1,16,0,14.1,1.88372,9.41861,7.53489,0,3.65539,4.63111,,49.84339141845703,94.99954986572266,114.79740905761719
앤드루 시스코,Andrew Sisco,3706,AAA,2012,Mexican (AAA),1,1,4,0,3.1,2.7,8.10001,8.10001,0,4.44062,5.99554,,62.34844207763672,94.40431213378906,125.04563903808594
앤드루 시스코,Andrew Sisco,3706,AAA,2012,Mexican (AAA),1,1,3,0,0.2,0,13.4999,26.9999,0,9.54059,9.54059,,0,195.2306671142578,198.9764862060547
필 어윈,Phil Irwin,9489,A-,2009,Pirates (A-),0,1,10,7,29.2,2.1236,9.70786,1.82022,0.303371,2.43302,2.59114,,59.35704803466797,68.17178344726562,73.99940490722656
필 어윈,Phil Irwin,9489,A,2010,Pirates (A),0,0,23,20,113,3.34513,8.84071,1.59292,0.716814,3.30438,3.05154,,85.64437866210938,86.40556335449219,79.90310668945312
필 어윈,Phil Irwin,9489,A+,2011,Pirates (A+),0,0,10,10,53.1,2.025,6.75,2.025,0.50625,3.46329,3.55911,,49.21712112426758,85.37527465820312,90.42593383789062
필 어윈,Phil Irwin,9489,AA,2011,Pirates (AA),0,0,15,14,87.1,3.81298,7.11069,1.03053,0.927481,3.78792,3.3084,,95.94535827636719,95.72367858886719,81.52782440185547
필 어윈,Phil Irwin,9489,A+,2012,Pirates (A+),0,1,1,1,5,1.8,10.8,0,0,0.989691,1.58085,,44.700897216796875,24.928508758544922,41.03875732421875
필 어윈,Phil Irwin,9489,AA,2012,Pirates (AA),0,0,18,16,104.1,2.93291,7.15974,1.46645,0.603834,3.40218,3.41895,,77.205322265625,89.74595642089844,87.29601287841797
필 어윈,Phil Irwin,9489,AAA,2012,Pirates (AAA),0,1,4,4,21,2.57143,12,3,0.428571,2.25661,2.81193,,65.65167236328125,58.09164810180664,71.69512176513672
필 어윈,Phil Irwin,9489,AAA,2013,Pirates (AAA),0,1,2,2,10,0.9,7.2,2.7,0,3.1049,4.49045,,23.68423080444336,81.5388412475586,116.25654602050781
필 어윈,Phil Irwin,9489,MLB,2013,Pirates,0,1,1,1,4.2,7.71423,7.71423,7.71423,0,3.90499,4.49048,0.0680145,215.02529907226562,106.41835021972656,119.38481903076172
필 어윈,Phil Irwin,9489,AAA,2014,Rangers (AAA),1,0,11,10,51.1,3.50649,9.81818,4.38312,0,3.27181,4.22006,,79.51831817626953,71.37230682373047,90.96928405761719
필 어윈,Phil Irwin,9489,AAA,2014,Pirates (AAA),1,1,10,2,21.2,8.72308,7.47692,4.15385,1.66154,6.17306,4.84646,,223.24978637695312,156.76194763183594,120.03619384765625
필 어윈,Phil Irwin,9489,MLB,2014,Rangers,0,1,1,1,4,6.75,4.5,4.5,2.25,7.63225,6.23619,-0.0909723,169.39283752441406,197.9539794921875,164.0503692626953
메릴 켈리,Merrill Kelly,11156,A-,2010,Rays (A-),0,1,7,1,21.1,2.10938,8.01563,2.10938,0,2.535,3.06735,,56.27482604980469,70.42200469970703,80.80545806884766
메릴 켈리,Merrill Kelly,11156,A,2010,Rays (A),0,1,5,2,16.1,7.16327,5.51021,4.40816,0.551021,5.0478,5.28856,,181.7932891845703,121.3227767944336,128.1986083984375
메릴 켈리,Merrill Kelly,11156,A+,2011,Rays (A+),0,0,25,23,129,3.27907,4.88372,3.55814,0.418605,4.2565,4.54219,,83.36260986328125,106.36820220947266,115.40304565429688
메릴 켈리,Merrill Kelly,11156,AA,2012,Rays (AA),0,0,32,9,88.1,3.56604,6.21509,2.85283,0.407547,3.43848,4.04305,,92.74933624267578,87.92520904541016,104.946533203125
메릴 켈리,Merrill Kelly,11156,AA,2013,Rays (AA),0,0,13,12,73.2,4.15385,5.00905,3.78733,0.366516,3.71353,4.42681,,117.82984924316406,103.92993927001953,124.63697052001953
메릴 켈리,Merrill Kelly,11156,AAA,2013,Rays (AAA),0,0,15,14,84.2,3.18898,7.44095,3.61417,0.425197,3.47655,4.13379,,80.66795349121094,89.7679672241211,107.02287292480469
메릴 켈리,Merrill Kelly,11156,AAA,2014,Rays (AAA),0,0,28,15,114,2.76316,8.52632,2.92105,0.789474,3.73487,3.57021,,66.3004150390625,91.69232940673828,88.42637634277344
콜린 벨레스터,Collin Thomas Balester,6883,A+,2006,Nationals (A+),0,0,23,22,117.2,5.20113,6.65439,4.05382,0.917847,4.47448,,,131.8918914794922,114.55316925048828,
콜린 벨레스터,Collin Thomas Balester,6883,AA,2006,Nationals (AA),0,1,3,3,19.2,1.83051,4.57627,2.74576,0,3.31601,,,47.31999206542969,85.5343017578125,
콜린 벨레스터,Collin Thomas Balester,6883,AA,2007,Nationals (AA),0,0,17,17,98.2,3.73987,7.02365,2.28041,0.820946,3.80749,3.82575,,87.96356964111328,89.35868835449219,
콜린 벨레스터,Collin Thomas Balester,6883,AAA,2007,Nationals (AAA),0,0,10,10,51.2,4.18064,6.96774,4.00645,0.522581,3.86873,4.53288,,105.11971282958984,96.42745208740234,
콜린 벨레스터,Collin Thomas Balester,6883,AAA,2008,Nationals (AAA),0,0,15,15,78.2,4.00424,7.32203,2.63136,1.6017,5.03876,4.10724,,97.67549896240234,121.8375015258789,100.09017944335938
콜린 벨레스터,Collin Thomas Balester,6883,MLB,2008,Nationals,0,0,15,15,80,5.5125,5.625,3.15,1.35,5.10702,4.87166,0.54979,128.41754150390625,117.54492950439453,112.79071807861328
콜린 벨레스터,Collin Thomas Balester,6883,AAA,2009,Nationals (AAA),0,0,20,20,107.1,4.4441,5.95342,3.10248,0.419255,3.63399,4.28372,,112.43402862548828,92.54637908935547,109.33075714111328
콜린 벨레스터,Collin Thomas Balester,6883,MLB,2009,Nationals,0,0,7,7,30.1,6.82418,5.93407,4.15385,2.96704,7.44874,5.19703,-0.574685,162.6854248046875,175.4060516357422,122.84416961669922
콜린 벨레스터,Collin Thomas Balester,6883,AAA,2010,Nationals (AAA),0,0,35,5,69,5.86957,6.78261,4.17391,1.04348,4.77672,4.62598,,140.11610412597656,114.78185272216797,111.40203094482422
콜린 벨레스터,Collin Thomas Balester,6883,MLB,2010,Nationals,0,1,17,0,21,2.57143,12,4.71429,0.857143,3.50641,3.08248,0.0848199,63.92675018310547,87.27991485595703,77.28607940673828
콜린 벨레스터,Collin Thomas Balester,6883,AAA,2011,Nationals (AAA),0,0,28,0,39.1,4.34746,10.5254,3.4322,0.457627,2.77916,3.2737,,106.82575225830078,68.74085235595703,81.14958953857422
콜린 벨레스터,Collin Thomas Balester,6883,MLB,2011,Nationals,0,0,23,0,35.2,4.54205,8.57943,3.53271,1.76635,4.93193,3.85986,-0.433908,119.27030181884766,128.580078125,100.2291259765625
콜린 벨레스터,Collin Thomas Balester,6883,AAA,2012,Tigers (AAA),0,0,31,0,47,3.6383,8.61702,2.29787,1.34043,4.1401,3.39024,,95.88609313964844,109.39776611328125,86.44023895263672
콜린 벨레스터,Collin Thomas Balester,6883,MLB,2012,Tigers,0,1,11,0,18,6.5,6,5.5,2.5,7.70556,6.45997,-0.525313,155.888671875,185.73692321777344,156.8732452392578
콜린 벨레스터,Collin Thomas Balester,6883,AAA,2013,Rangers (AAA),0,1,6,5,27,7.33333,7.33333,3,1.33333,5.19939,4.79836,,167.32386779785156,116.74971008300781,108.32720184326172
콜린 벨레스터,Collin Thomas Balester,6883,R,2014,Pirates (R),1,1,6,0,6.2,2.7,6.75,2.7,1.35,4.91839,3.62033,,75.321533203125,137.00439453125,97.0240249633789
콜린 벨레스터,Collin Thomas Balester,6883,R,2014,Pirates (R),1,1,2,0,1.1,54.0001,6.75002,13.5,0,6.50741,7.16922,,999,176.5657501220703,192.05296325683594
콜린 벨레스터,Collin Thomas Balester,6883,AA,2014,Pirates (AA),0,1,10,0,11,6.54545,8.18182,7.36364,1.63636,6.35473,5.46524,,163.6681671142578,162.37847900390625,136.5287322998047
콜린 벨레스터,Collin Thomas Balester,6883,AA,2015,Pirates (AA),0,1,13,0,20.1,1.77049,6.19672,2.65574,0.442623,3.56373,3.49865,,47.934844970703125,98.77145385742188,95.24700164794922
콜린 벨레스터,Collin Thomas Balester,6883,AAA,2015,Reds (AAA),1,1,21,0,22,2.04545,5.31818,1.22727,0.409091,2.97521,3.34705,,55.52641677856445,81.59706115722656,92.5323715209961
콜린 벨레스터,Collin Thomas Balester,6883,AAA,2015,Pirates (AAA),1,1,8,0,14.2,3.06818,4.90909,3.06818,0.613636,3.97521,4.23211,,88.76834106445312,114.1479263305664,117.00066375732422
콜린 벨레스터,Collin Thomas Balester,6883,MLB,2015,Reds,0,1,15,0,15.2,7.46807,7.46807,7.46807,1.7234,6.64422,6.79224,-0.315061,189.71969604492188,167.1412811279297,174.40811157226562
앨런 웹스터,Carl Allen Webster,3993,R,2008,Dodgers (R),0,1,12,0,18.1,3.43636,6.38182,8.34546,0.490909,6.23675,5.92163,,86.97078704833984,160.9424285888672,156.99778747558594
앨런 웹스터,Carl Allen Webster,3993,R,2009,Dodgers (R),1,0,12,8,47.2,2.07692,10.5734,2.64336,0,3.18009,3.72451,,46.20367431640625,71.55204772949219,85.2651138305664
앨런 웹스터,Carl Allen Webster,3993,R,2009,Dodgers (R),1,1,4,3,21,3,9,1.71429,0.428571,3.07375,3.60246,,64.73123168945312,66.9732437133789,81.07913970947266
앨런 웹스터,Carl Allen Webster,3993,A,2010,Dodgers (A),0,0,26,23,131.1,2.87817,7.81218,3.63198,0.411167,3.93659,4.17426,,71.81778717041016,96.777587890625,101.1871109008789
앨런 웹스터,Carl Allen Webster,3993,A+,2011,Dodgers (A+),0,0,9,9,54,2.33333,10.3333,3.5,0.333333,3.52506,4.13023,,49.25118637084961,73.15091705322266,84.21772003173828
앨런 웹스터,Carl Allen Webster,3993,AA,2011,Dodgers (AA),0,0,18,17,91,5.04396,7.21978,3.56044,0.692308,4.15285,3.99531,,118.41561126708984,101.08812713623047,96.9952392578125
앨런 웹스터,Carl Allen Webster,3993,AA,2012,Red Sox (AA),1,1,2,2,9,8,12,4,1,3.97868,3.32697,,198.19618225097656,101.54725646972656,84.94744110107422
앨런 웹스터,Carl Allen Webster,3993,AA,2012,Dodgers (AA),1,0,27,22,121.2,3.55069,8.6548,4.21644,0.0739726,3.15236,3.65916,,88.97557067871094,82.29700469970703,94.9818115234375
앨런 웹스터,Carl Allen Webster,3993,AAA,2013,Red Sox (AAA),0,0,21,21,105,3.6,9.94286,3.68571,0.771429,3.79537,3.46268,,97.01256561279297,96.55282592773438,89.6479263305664
앨런 웹스터,Carl Allen Webster,3993,MLB,2013,Red Sox,0,0,8,7,30.1,8.60441,6.82418,5.34067,2.07693,6.5094,5.1758,-0.463786,205.3660125732422,167.2127227783203,130.30264282226562
앨런 웹스터,Carl Allen Webster,3993,AAA,2014,Red Sox (AAA),0,0,21,20,122,3.09836,7.37705,3.2459,0.663934,3.88227,3.93443,,80.26812744140625,94.65544128417969,97.44709777832031
앨런 웹스터,Carl Allen Webster,3993,MLB,2014,Red Sox,0,0,11,11,59,5.0339,5.49153,4.27119,0.457627,4.35259,4.96943,0.17828,125.36996459960938,115.94847106933594,130.8843536376953
앨런 웹스터,Carl Allen Webster,3993,AAA,2015,Diamondbacks (AAA),0,0,15,15,77,8.18182,7.24675,3.03896,0.935065,4.46952,4.00154,,169.7567901611328,98.51815032958984,91.49403381347656
앨런 웹스터,Carl Allen Webster,3993,MLB,2015,Diamondbacks,0,0,9,5,31,5.80645,4.93548,5.80645,2.90323,8.3594,6.02235,-0.831703,141.2049102783203,211.828125,154.72354125976562
아놀드 레온,Arnold Leon,5595,AAA,2006,Mexican (AAA),0,1,4,0,3.1,2.7,5.40001,5.40001,0,4.08213,,,51.52219009399414,79.57935333251953,
아놀드 레온,Arnold Leon,5595,AAA,2007,Mexican (AAA),0,0,35,0,41.2,1.944,8.208,5.184,0.432,4.07265,4.20994,,38.307273864746094,81.98779296875,
아놀드 레온,Arnold Leon,5595,A+,2008,Athletics (A+),0,1,20,0,28.1,2.85882,8.89412,2.85882,0.317647,3.32305,3.86426,,63.583404541015625,70.93875885009766,85.693359375
아놀드 레온,Arnold Leon,5595,AAA,2008,Mexican (AAA),0,1,13,0,14.2,4.29545,12.8864,1.22727,0,0.913032,1.42864,,90.6885986328125,19.69337272644043,31.38404655456543
아놀드 레온,Arnold Leon,5595,AA,2009,Athletics (AA),0,0,33,7,74.1,3.51121,7.6278,3.39013,0.363229,3.43435,3.88258,,79.76532745361328,82.91759490966797,91.99315643310547
아놀드 레온,Arnold Leon,5595,AA,2010,Athletics (AA),0,1,3,0,4.1,6.23077,2.07692,6.23077,2.07692,7.82905,6.02765,,151.59869384765625,200.03993225097656,151.1542510986328
아놀드 레온,Arnold Leon,5595,R,2011,Athletics (R),0,1,5,5,6.1,8.52632,11.3684,5.68421,0,3.74418,4.07133,,184.03244018554688,79.6148681640625,86.09580993652344
아놀드 레온,Arnold Leon,5595,A+,2012,Athletics (A+),0,1,12,0,15.1,5.28261,14.6739,2.93478,0.586957,2.57504,3.22675,,112.94014739990234,53.16469192504883,68.11119079589844
아놀드 레온,Arnold Leon,5595,AA,2012,Athletics (AA),0,1,10,0,15.2,2.29787,10.3404,1.7234,0,1.5567,2.13343,,54.90289306640625,39.460323333740234,52.91640853881836
아놀드 레온,Arnold Leon,5595,AAA,2012,Athletics (AAA),0,0,22,0,35.2,1.76635,7.82243,3.78505,1.00935,4.81733,4.4945,,42.12520217895508,108.09137725830078,95.82062530517578
아놀드 레온,Arnold Leon,5595,AA,2013,Athletics (AA),0,0,13,13,72.2,3.83945,5.94495,1.36239,1.11468,3.96461,3.81996,,97.55132293701172,106.31839752197266,100.96659088134766
아놀드 레온,Arnold Leon,5595,AAA,2013,Athletics (AAA),0,0,12,11,71.1,4.41589,6.18224,1.64019,0.504673,3.5978,4.24158,,111.5190200805664,85.48467254638672,95.75739288330078
아놀드 레온,Arnold Leon,5595,AAA,2014,Athletics (AAA),0,0,27,27,145,4.96552,7.94483,3.16552,0.744828,4.19003,4.51143,,119.73651885986328,95.06050109863281,97.25004577636719
아놀드 레온,Arnold Leon,5595,AAA,2015,Athletics (AAA),0,0,20,6,58,2.94828,8.53448,2.94828,1.08621,4.35801,3.96087,,74.76514434814453,106.83792877197266,90.5640640258789
아놀드 레온,Arnold Leon,5595,MLB,2015,Athletics,0,1,19,0,26.2,4.38749,6.41249,3.0375,1.0125,4.18359,4.32589,0.0197523,111.45518493652344,105.1222152709961,107.08462524414062
요한 플란데,Yohan Flande,5057,R,2006,Phillies (R),0,0,13,10,65,2.07692,8.30769,1.66154,0.138462,1.98303,,,65.5013198852539,60.93131637573242,
요한 플란데,Yohan Flande,5057,R,2007,Phillies (R),0,0,13,12,72.1,2.36406,7.71429,3.35945,0.248848,3.02393,2.97984,,67.98601531982422,84.71987915039062,
요한 플란데,Yohan Flande,5057,R,2008,Phillies (R),0,0,10,9,53.1,2.19375,6.58125,1.85625,0.84375,3.94073,3.31577,,54.81543731689453,101.91192626953125,87.90965270996094
요한 플란데,Yohan Flande,5057,A+,2009,Phillies (A+),0,0,13,13,82,2.52439,7.35366,2.63415,0.219512,2.8164,3.1904,,71.74496459960938,76.29428100585938,89.54569244384766
요한 플란데,Yohan Flande,5057,AA,2009,Phillies (AA),0,0,13,13,70.2,4.58491,6.36793,2.67453,0.636793,3.88187,3.75682,,114.20088195800781,93.95198059082031,96.41602325439453
요한 플란데,Yohan Flande,5057,AA,2010,Phillies (AA),0,0,27,27,158.1,4.37684,4.77474,2.50105,0.568421,4.14766,4.56066,,102.18809509277344,93.41307067871094,108.29314422607422
요한 플란데,Yohan Flande,5057,AAA,2011,Braves (AAA),0,0,33,19,137,4.0073,6.83212,2.49635,0.591241,3.49226,3.7016,,98.98155975341797,87.07633209228516,91.75647735595703
요한 플란데,Yohan Flande,5057,AAA,2012,Braves (AAA),0,0,29,27,147.2,4.20542,6.4605,3.35214,0.670429,3.91307,3.89589,,106.52532196044922,100.03236389160156,99.33277130126953
요한 플란데,Yohan Flande,5057,AA,2013,Braves (AA),0,1,1,1,4.2,9.64285,5.78571,3.85714,0,2.91263,3.12356,,288.56060791015625,85.21367645263672,87.94380187988281
요한 플란데,Yohan Flande,5057,AAA,2013,Braves (AAA),0,0,31,19,131.1,4.1802,6.30457,3.15228,0.616751,3.83688,3.91173,,107.7773208618164,99.60226440429688,101.27379608154297
요한 플란데,Yohan Flande,5057,AAA,2014,Rockies (AAA),0,0,18,16,88.1,5.60377,6.82642,3.36226,0.916981,4.69661,4.66782,,108.764892578125,99.52647399902344,100.62123107910156
요한 플란데,Yohan Flande,5057,MLB,2014,Rockies,0,0,16,10,59,5.18644,5.18644,2.44068,0.762712,3.99666,3.7329,0.628391,120.4815444946289,100.46571350097656,101.10781860351562
요한 플란데,Yohan Flande,5057,AA,2015,Rockies (AA),0,0,6,6,39.2,1.36134,6.80672,0.907563,0.226891,2.3863,2.58843,,37.105255126953125,65.71939849853516,70.46726989746094
요한 플란데,Yohan Flande,5057,AAA,2015,Rockies (AAA),0,0,6,6,31.2,7.10526,3.12632,1.98947,2.27368,6.94675,4.92921,,144.70599365234375,150.74221801757812,112.70484924316406
요한 플란데,Yohan Flande,5057,MLB,2015,Rockies,0,0,19,10,68.1,4.74147,5.66342,3.29268,1.8439,5.67994,4.20426,-0.349862,104.8790054321289,136.75750732421875,108.23878479003906
데이비드 허프,David Gregory Huff,4257,A-,2006,Indians (A-),0,1,4,4,7.2,5.86956,9.3913,8.21739,0,4.32767,,,171.4274139404297,124.23577117919922,
데이비드 허프,David Gregory Huff,4257,A+,2007,Indians (A+),0,0,11,11,59.2,2.71508,6.93855,2.26257,0.603352,3.4301,3.91026,,66.46183776855469,81.50191497802734,
데이비드 허프,David Gregory Huff,4257,AA,2008,Indians (AA),0,0,11,10,65.2,1.91878,8.49746,1.91878,0.685279,3.0331,3.07678,,45.188053131103516,72.06745147705078,72.84212493896484
데이비드 허프,David Gregory Huff,4257,AAA,2008,Indians (AAA),0,0,16,16,80.2,3.0124,9.03719,1.67355,0.892562,3.27307,3.1046,,71.17221069335938,79.49073028564453,75.65652465820312
데이비드 허프,David Gregory Huff,4257,AAA,2009,Indians (AAA),0,0,7,7,39.1,4.34746,7.32203,3.66102,1.14407,4.39529,4.10781,,101.9123764038086,105.37177276611328,104.84089660644531
데이비드 허프,David Gregory Huff,4257,MLB,2009,Indians,0,0,23,23,128.1,5.61039,4.55844,2.87533,1.12208,4.68669,5.0299,1.37879,127.30093383789062,107.48493194580078,113.71878051757812
데이비드 허프,David Gregory Huff,4257,AAA,2010,Indians (AAA),0,0,12,12,74.1,4.35874,6.29596,2.5426,0.96861,4.18323,4.31775,,96.4097671508789,94.62751770019531,103.97917175292969
데이비드 허프,David Gregory Huff,4257,MLB,2010,Indians,0,0,15,15,79.2,6.21339,4.17991,3.841,1.58159,5.8268,5.45845,-0.172867,154.9905548095703,142.2276153564453,131.07467651367188
데이비드 허프,David Gregory Huff,4257,AAA,2011,Indians (AAA),0,0,18,18,107,3.86916,5.5514,2.52336,0.841121,4.11529,4.53413,,88.0915298461914,95.82174682617188,112.3934097290039
데이비드 허프,David Gregory Huff,4257,MLB,2011,Indians,0,0,11,10,50.2,4.08552,6.39473,3.01973,1.06579,4.15039,4.66886,0.760855,103.900146484375,104.25519561767578,115.22870635986328
데이비드 허프,David Gregory Huff,4257,AA,2012,Indians (AA),0,1,1,1,4,0,6.75,2.25,0,2.4509,3.21532,,0,63.53971481323242,82.0968017578125
데이비드 허프,David Gregory Huff,4257,AAA,2012,Indians (AAA),0,0,24,22,134,4.97015,5.30597,2.28358,1.81343,5.40765,4.39661,,116.1080322265625,128.9971466064453,112.09931945800781
데이비드 허프,David Gregory Huff,4257,MLB,2012,Indians,0,1,6,4,26.2,3.375,6.41249,1.6875,1.6875,4.78195,4.49177,0.163338,84.8183364868164,115.94937896728516,108.71753692626953
데이비드 허프,David Gregory Huff,4257,AAA,2013,Indians (AAA),1,1,9,2,24.1,4.06849,10.3562,3.32877,1.47945,4.1501,3.54613,,97.67031860351562,100.91048431396484,91.808349609375
데이비드 허프,David Gregory Huff,4257,AAA,2013,Yankees (AAA),1,0,13,12,68,3.83824,8.47059,1.72059,0.529412,2.79313,3.43905,,104.19833374023438,74.81696319580078,89.03624725341797
데이비드 허프,David Gregory Huff,4257,MLB,2013,- - -,0,0,14,2,37.2,5.49557,7.40707,2.15044,1.67256,4.61422,3.61281,-0.0412473,136.21182250976562,112.440673828125,91.16095733642578
데이비드 허프,David Gregory Huff,4257,MLB,2013,Indians,1,1,3,0,3,15,15,3,0,0.714521,0.714521,0.0699821,377.5007019042969,18.590635299682617,18.579771041870117
데이비드 허프,David Gregory Huff,4257,MLB,2013,Yankees,1,0,11,2,34.2,4.67307,6.74999,2.07692,1.81731,4.9517,3.86362,-0.111229,115.33106994628906,120.56230163574219,97.4420166015625
데이비드 허프,David Gregory Huff,4257,AAA,2014,Giants (AAA),0,1,1,1,3,0,3,0,0,3.03371,6.98051,,0,65.0407485961914,150.4744415283203
데이비드 허프,David Gregory Huff,4257,MLB,2014,- - -,0,0,46,0,59,3.35593,5.94915,3.50847,0.762712,4.13225,4.24557,-0.203623,93.40821838378906,109.83078002929688,113.03533172607422
데이비드 허프,David Gregory Huff,4257,MLB,2014,Giants,1,1,16,0,20,6.3,4.95,2.7,0.9,4.38225,4.31821,-0.19183,181.89378356933594,125.44580841064453,117.08802795410156
데이비드 허프,David Gregory Huff,4257,MLB,2014,Yankees,1,0,30,0,39,1.84615,6.46154,3.92308,0.692308,4.00405,4.20831,-0.0117928,48.031002044677734,101.82307434082031,110.95702362060547
데이비드 허프,David Gregory Huff,4257,AAA,2015,Dodgers (AAA),0,0,23,4,57.1,2.19767,6.75,1.25581,0.627907,3.42497,3.64515,,50.01835632324219,78.77021789550781,83.34510040283203
데이비드 허프,David Gregory Huff,4257,MLB,2015,Dodgers,0,1,3,1,6,9,6,1.5,3,7.13359,4.27593,-0.165186,240.940673828125,186.68629455566406,110.0713882446289
헥터 노에시,Hector Noesi,3292,R,2006,Yankees (R),0,1,5,0,7,1.28571,14.1429,1.28571,0,0.687211,,,35.852657318115234,19.14482307434082,
헥터 노에시,Hector Noesi,3292,A,2007,Yankees (A),0,1,5,5,20,4.5,4.95,3.6,0.9,4.93882,5.19417,,108.20335388183594,117.0197525024414,
헥터 노에시,Hector Noesi,3292,R,2008,Yankees (R),0,1,9,2,24.2,3.64865,8.75676,1.09459,0.72973,3.10407,2.90594,,98.36516571044922,83.60258483886719,77.04389953613281
헥터 노에시,Hector Noesi,3292,A-,2008,Yankees (A-),0,1,5,5,24,3,11.625,2.625,1.875,4.73931,2.98448,,83.32939147949219,122.95968627929688,78.84574127197266
헥터 노에시,Hector Noesi,3292,A,2009,Yankees (A),0,0,17,11,75.2,2.37885,9.27753,1.30837,0.356828,2.36833,2.52967,,68.00384521484375,65.91989135742188,68.12529754638672
헥터 노에시,Hector Noesi,3292,A+,2009,Yankees (A+),0,0,9,9,41.1,3.91936,8.70968,0.870968,0.653226,2.55322,2.59398,,110.1604232788086,74.14661407470703,72.80585479736328
헥터 노에시,Hector Noesi,3292,A+,2010,Yankees (A+),0,0,8,8,43,2.72093,11.093,1.25581,0.627907,2.42619,2.23729,,74.64336395263672,68.80945587158203,60.87933349609375
헥터 노에시,Hector Noesi,3292,AA,2010,Yankees (AA),0,0,17,16,98.2,3.10135,7.8446,1.64189,0.638514,3.15166,3.57429,,78.4122314453125,77.89178466796875,84.87174224853516
헥터 노에시,Hector Noesi,3292,AAA,2010,Yankees (AAA),0,1,3,3,18.2,4.82143,6.75,1.92857,0.482143,3.25498,3.6514,,124.62294006347656,82.652587890625,87.93228912353516
헥터 노에시,Hector Noesi,3292,AAA,2011,Yankees (AAA),0,1,6,5,24.2,3.28378,6.2027,3.28378,0,3.19625,4.75541,,86.88883972167969,83.06685638427734,117.87860870361328
헥터 노에시,Hector Noesi,3292,MLB,2011,Yankees,0,0,30,2,56.1,4.47338,7.18935,3.51479,0.95858,4.09048,4.02159,0.165951,106.65409088134766,97.3089370727539,99.37602233886719
헥터 노에시,Hector Noesi,3292,AAA,2012,Mariners (AAA),0,0,11,11,64.1,5.73575,7.6943,3.07772,0.979275,4.49163,4.74295,,135.96737670898438,98.34029388427734,101.1174545288086
헥터 노에시,Hector Noesi,3292,MLB,2012,Mariners,0,0,22,18,106.2,5.82187,5.7375,3.29062,1.77187,5.53195,5.0786,-0.399278,152.0940704345703,138.9528350830078,123.07546997070312
헥터 노에시,Hector Noesi,3292,AA,2013,Mariners (AA),0,1,2,2,11,0,9.81818,2.45455,0,1.82172,2.89556,,0,50.49922561645508,81.5245361328125
헥터 노에시,Hector Noesi,3292,AAA,2013,Mariners (AAA),0,0,15,11,66.1,5.83417,6.64824,1.8995,1.62814,5.12253,4.46508,,145.4156951904297,116.62310028076172,100.80293273925781
헥터 노에시,Hector Noesi,3292,MLB,2013,Mariners,0,1,12,1,27.1,6.58537,6.91464,3.95122,0.987806,4.36493,4.73742,0.0607665,171.31105041503906,111.85890197753906,119.3244400024414
헥터 노에시,Hector Noesi,3292,MLB,2014,- - -,0,0,33,27,172.1,4.75242,6.4236,2.92457,1.46228,4.82664,4.29228,0.196835,123.06695556640625,123.91142272949219,113.15530395507812
헥터 노에시,Hector Noesi,3292,MLB,2014,Mariners,1,1,2,0,1,27,18,0,9,12.1323,2.84013,-0.104529,734.3193359375,323.8120422363281,75.13548278808594
헥터 노에시,Hector Noesi,3292,MLB,2014,Rangers,1,1,3,0,5.1,11.8126,6.75004,3.37502,0,2.75725,3.68422,0.0527761,296.4393005371094,72.0025405883789,97.23543548583984
헥터 노에시,Hector Noesi,3292,MLB,2014,White Sox,1,0,28,27,166,4.39157,6.34337,2.92771,1.46386,4.84912,4.32056,0.248588,113.8145523071289,124.37494659423828,113.89582061767578
헥터 노에시,Hector Noesi,3292,AAA,2015,White Sox (AAA),0,0,11,10,65,3.32308,7.75385,2.21538,0.969231,3.57241,3.14997,,84.1651840209961,91.53417205810547,87.0840072631836
헥터 노에시,Hector Noesi,3292,MLB,2015,White Sox,0,0,10,5,32.2,6.88775,6.06122,4.68367,1.92857,6.22543,5.60805,-0.279429,173.37014770507812,151.9370574951172,139.03903198242188
지크 스프루일,Ezekiel Stephen Zeke Spruill,3873,R,2008,Braves (R),0,0,10,3,40,2.925,7.2,1.8,0.225,2.90948,3.15396,,73.9563980102539,74.17735290527344,83.6197280883789
지크 스프루일,Ezekiel Stephen Zeke Spruill,3873,R,2009,Braves (R),0,1,4,4,19.2,4.57627,10.5254,2.28814,0.915254,3.47077,2.56662,,131.61277770996094,101.12371063232422,76.29471588134766
지크 스프루일,Ezekiel Stephen Zeke Spruill,3873,A,2009,Braves (A),0,0,20,19,116,3.02586,7.37069,1.86207,0.698276,3.65088,3.335,,82.39118957519531,101.20361328125,89.81292724609375
지크 스프루일,Ezekiel Stephen Zeke Spruill,3873,R,2010,Braves (R),0,1,2,2,3,3,3,3,0,3.78013,4.16834,,78.07344055175781,102.21177673339844,115.23979187011719
지크 스프루일,Ezekiel Stephen Zeke Spruill,3873,A+,2010,Braves (A+),0,0,14,13,65,5.53846,5.67692,1.8,0.553846,3.73918,3.97071,,142.22857666015625,94.96839141845703,101.36715698242188
지크 스프루일,Ezekiel Stephen Zeke Spruill,3873,A+,2011,Braves (A+),0,0,20,20,129.2,3.1928,6.3856,1.5964,0.485861,3.23061,3.26871,,84.26887512207031,86.15055847167969,86.74357604980469
지크 스프루일,Ezekiel Stephen Zeke Spruill,3873,AA,2011,Braves (AA),0,0,7,7,45,3.2,3.2,3.4,0.6,4.92892,5.65669,,82.06409454345703,123.07374572753906,137.32882690429688
지크 스프루일,Ezekiel Stephen Zeke Spruill,3873,AA,2012,Braves (AA),0,0,27,27,161.2,3.67423,5.90103,2.56082,0.445361,3.44105,3.68879,,101.43089294433594,92.64995574951172,95.75089263916016
지크 스프루일,Ezekiel Stephen Zeke Spruill,3873,AA,2013,Diamondbacks (AA),0,0,5,5,31.2,1.42105,5.68421,3.41053,0,2.78631,3.6256,,40.34438705444336,79.55155944824219,102.07888793945312
지크 스프루일,Ezekiel Stephen Zeke Spruill,3873,AAA,2013,Diamondbacks (AAA),0,0,16,16,92,4.20652,4.69565,3.22826,0.782609,4.83063,4.87344,,84.82479095458984,103.78063201904297,110.02204132080078
지크 스프루일,Ezekiel Stephen Zeke Spruill,3873,MLB,2013,Diamondbacks,0,1,6,2,11.1,5.55884,7.14708,3.9706,2.38236,6.48904,4.856,-0.209978,142.80357360839844,172.48558044433594,129.16221618652344
지크 스프루일,Ezekiel Stephen Zeke Spruill,3873,R,2014,Diamondbacks (R),0,1,3,2,6,7.5,9,1.5,0,2.52856,2.52856,,192.78091430664062,64.2130355834961,63.32857131958008
지크 스프루일,Ezekiel Stephen Zeke Spruill,3873,AAA,2014,Diamondbacks (AAA),0,0,28,11,79,6.03797,8.08861,2.39241,1.13924,4.5738,4.09395,,117.3801040649414,94.83175659179688,88.25066375732422
지크 스프루일,Ezekiel Stephen Zeke Spruill,3873,MLB,2014,Diamondbacks,0,1,6,1,22.2,3.57352,5.55882,1.58823,0,2.55872,3.64927,0.41483,93.02672576904297,68.48316955566406,98.82457733154297
지크 스프루일,Ezekiel Stephen Zeke Spruill,3873,AAA,2015,Red Sox (AAA),0,0,35,14,114.1,3.93586,5.27405,2.67638,0.629738,3.9442,3.82962,,114.502197265625,108.39307403564453,105.87345123291016
알렉산드로 마에스트리,Alessandro Maestri,sa328310,A-,2006,Cubs (A-),0,0,22,0,42.2,3.79687,7.38281,2.74219,0.84375,4.06226,,,95.70782470703125,105.25411224365234,
알렉산드로 마에스트리,Alessandro Maestri,sa328310,A,2007,Cubs (A),0,0,48,4,83.2,2.25896,8.92829,1.61355,0.752988,3.11669,2.92533,,62.35861587524414,83.97006225585938,
알렉산드로 마에스트리,Alessandro Maestri,sa328310,A+,2008,Cubs (A+),0,0,15,14,78,3.69231,7.61538,3.11538,0.576923,3.53474,3.5766,,90.29155731201172,90.82613372802734,93.80596923828125
알렉산드로 마에스트리,Alessandro Maestri,sa328310,AA,2008,Cubs (AA),0,1,2,2,11,6.54545,8.18182,2.45455,1.63636,4.90115,3.66272,,147.04342651367188,111.69700622558594,87.02035522460938
알렉산드로 마에스트리,Alessandro Maestri,sa328310,AA,2009,Cubs (AA),0,0,54,0,85.1,3.69141,7.69922,5.48438,0.84375,4.74097,4.34565,,90.73773956298828,118.22250366210938,112.96986389160156
알렉산드로 마에스트리,Alessandro Maestri,sa328310,A+,2010,Cubs (A+),0,0,22,0,35.2,3.78505,9.58878,3.78505,1.00935,4.35142,3.66083,,99.27568817138672,116.72045135498047,99.61526489257812
알렉산드로 마에스트리,Alessandro Maestri,sa328310,AA,2010,Cubs (AA),0,0,28,0,40.1,6.24793,7.1405,4.68595,0.669422,4.45297,4.3585,,149.41152954101562,107.35231018066406,108.91165924072266
파비오 카스티요,Fabio Castillo,2826,R,2006,Rangers (R),1,1,7,6,26,3.46154,12.8077,4.15385,0,1.72918,,,110.10858154296875,53.461875915527344,
파비오 카스티요,Fabio Castillo,2826,R,2006,Rangers (R),1,1,1,1,3,0,12,6,0,3.51409,,,0,75.47005462646484,
파비오 카스티요,Fabio Castillo,2826,A-,2007,Rangers (A-),0,0,14,14,62.1,5.91979,6.64171,3.8984,0.57754,4.74609,5.04084,,132.4875030517578,109.28307342529297,
파비오 카스티요,Fabio Castillo,2826,A,2008,Rangers (A),0,0,36,7,90.1,5.28044,7.77122,4.68266,1.09594,4.73378,4.0617,,141.58294677734375,128.7979278564453,110.29682159423828
파비오 카스티요,Fabio Castillo,2826,A,2009,Rangers (A),0,0,40,2,80,4.05,7.5375,2.8125,0.5625,3.70347,3.59015,,103.34194946289062,95.10427856445312,96.6844711303711
파비오 카스티요,Fabio Castillo,2826,A+,2010,Rangers (A+),0,0,36,0,51.2,1.91613,11.3226,4.52903,0.348387,3.40498,3.6849,,41.695072174072266,73.02837371826172,80.4705581665039
파비오 카스티요,Fabio Castillo,2826,AA,2010,Rangers (AA),0,1,3,0,3.2,4.90909,4.90909,9.81817,0,5.39548,7.37862,,126.02540588378906,134.6237030029297,185.03079223632812
파비오 카스티요,Fabio Castillo,2826,AA,2011,Rangers (AA),0,0,42,0,52.1,6.36306,6.36306,3.95541,1.03185,5.05915,4.89328,,145.50706481933594,113.4990234375,111.18679809570312
파비오 카스티요,Fabio Castillo,2826,AA,2012,Rangers (AA),0,0,21,0,37.1,2.89286,6.75,2.89286,0.241071,3.17296,3.73232,,71.38787841796875,76.19157409667969,92.57440948486328
파비오 카스티요,Fabio Castillo,2826,AAA,2012,Rangers (AAA),0,1,14,0,18.2,4.82143,6.26786,6.75,0.964286,5.9178,5.80075,,103.88793182373047,125.48637390136719,123.66923522949219
파비오 카스티요,Fabio Castillo,2826,AA,2013,Giants (AA),0,0,14,2,32.1,3.34021,12.2474,4.73196,0.278351,2.58263,3.25615,,85.0076675415039,65.63279724121094,81.1367416381836
파비오 카스티요,Fabio Castillo,2826,AAA,2013,Giants (AAA),0,0,23,5,57,6.47368,8.05263,4.10526,0.947368,4.6224,4.93288,,151.26495361328125,103.78791809082031,111.3639907836914
파비오 카스티요,Fabio Castillo,2826,AA,2014,Reds (AA),1,1,7,0,7.2,2.34783,5.86956,3.52174,2.34783,6.44781,3.87852,,60.52375793457031,164.6011505126953,100.61739349365234
파비오 카스티요,Fabio Castillo,2826,AA,2014,Orioles (AA),1,1,18,0,28,5.14286,7.07143,6.42857,0.964286,5.42616,5.19156,,124.7997817993164,131.3273468017578,129.6918182373047
파비오 카스티요,Fabio Castillo,2826,AAA,2014,Reds (AAA),0,1,15,0,23,2.73913,5.86957,4.69565,0,3.74898,4.67223,,66.47504425048828,92.54708862304688,115.7208480834961
파비오 카스티요,Fabio Castillo,2826,AAA,2015,Mexican (AAA),0,0,30,0,33,3.54545,5.45455,2.18182,0.272727,3.60752,3.97358,,76.42253112792969,78.42942810058594,86.01325988769531
에릭 서캠프,Eric M. Surkamp,2540,R,2008,Giants (R),0,1,2,0,3.1,2.7,18.9,0,0,-0.0838001,0.0890977,,64.3115005493164,-1.9638789892196655,2.0481534004211426
에릭 서캠프,Eric M. Surkamp,2540,A-,2008,Giants (A-),0,1,5,4,14,6.42857,10.2857,3.21429,0.642857,3.46417,3.36757,,149.5067901611328,82.69315338134766,81.6371841430664
에릭 서캠프,Eric M. Surkamp,2540,A,2009,Giants (A),0,0,23,23,131,3.29771,11.6107,2.67939,0.412214,2.47847,2.62275,,88.18891143798828,69.59038543701172,70.63191223144531
에릭 서캠프,Eric M. Surkamp,2540,A+,2010,Giants (A+),0,0,17,17,101.1,3.10855,9.59211,1.95395,0.444079,3.07283,3.6077,,73.11427307128906,69.19926452636719,78.78462219238281
에릭 서캠프,Eric M. Surkamp,2540,A+,2011,Giants (A+),0,1,1,1,6,0,7.5,1.5,0,2.78432,4.12665,,0,58.15787887573242,84.14476776123047
에릭 서캠프,Eric M. Surkamp,2540,AA,2011,Giants (AA),0,0,23,22,142.1,2.02342,10.4333,2.7822,0.316159,2.58101,3.11823,,50.26918411254883,64.81150817871094,76.841552734375
에릭 서캠프,Eric M. Surkamp,2540,MLB,2011,Giants,0,1,6,6,26.2,5.73749,4.38749,5.73749,0.3375,4.67538,5.83672,0.0165283,159.6967010498047,126.65977478027344,151.98361206054688
에릭 서캠프,Eric M. Surkamp,2540,A+,2013,Giants (A+),0,1,5,5,15.1,2.93478,9.97826,1.76087,1.17391,3.83701,2.84089,,67.51692962646484,84.91617584228516,61.037052154541016
에릭 서캠프,Eric M. Surkamp,2540,AAA,2013,Giants (AAA),0,0,11,11,71.1,2.7757,6.81308,2.52336,0.504673,3.70995,4.27573,,64.857421875,83.30055236816406,96.52840423583984
에릭 서캠프,Eric M. Surkamp,2540,MLB,2013,Giants,0,1,1,1,2.2,23.6247,0,0,6.74992,15.0477,9.90854,-0.261003,684.3319702148438,428.5921630859375,264.3129577636719
에릭 서캠프,Eric M. Surkamp,2540,AAA,2014,White Sox (AAA),0,0,18,11,78.2,4.69068,9.83898,2.28814,0.915254,3.52293,3.13923,,106.434814453125,80.86907196044922,77.7519302368164
에릭 서캠프,Eric M. Surkamp,2540,MLB,2014,White Sox,0,1,35,0,24.1,4.80823,7.39727,4.80823,1.10959,4.81719,4.58585,-0.231458,124.61296081542969,123.56085968017578,120.84162139892578
에릭 서캠프,Eric M. Surkamp,2540,AAA,2015,White Sox (AAA),1,1,11,1,25.2,2.80519,10.5195,3.15584,1.05195,3.39079,2.55899,,71.0484390258789,86.88064575195312,70.74576568603516
에릭 서캠프,Eric M. Surkamp,2540,AAA,2015,Dodgers (AAA),1,0,16,15,88.1,3.56604,7.13208,2.3434,0.815094,4.10882,4.19282,,81.1618423461914,94.49803924560547,95.86748504638672
에릭 서캠프,Eric M. Surkamp,2540,MLB,2015,Dodgers,0,1,1,0,3.1,10.8001,10.8001,2.70003,5.40005,11.2337,4.31901,-0.252862,289.1317138671875,293.54931640625,111.17274475097656
슈가 마리몬,Sugar Ray Marimon,6027,R,2007,Royals (R),0,0,14,10,44,2.04545,8.18182,3.68182,0.409091,3.58509,3.42763,,59.54084777832031,100.98844909667969,
슈가 마리몬,Sugar Ray Marimon,6027,R,2008,Royals (R),0,1,6,3,13,11.0769,8.30769,6.92308,1.38462,6.47663,5.66483,,273.16497802734375,154.64654541015625,138.0679473876953
슈가 마리몬,Sugar Ray Marimon,6027,R,2009,Royals (R),0,0,15,13,62.1,5.7754,6.7861,4.33155,0.721925,5.15065,5.42903,,128.79771423339844,119.52632904052734,122.18882751464844
슈가 마리몬,Sugar Ray Marimon,6027,A,2010,Royals (A),0,0,14,14,70,5.91429,6.42857,3.47143,0.9,4.96821,4.85348,,145.97410583496094,119.8034896850586,117.65181732177734
슈가 마리몬,Sugar Ray Marimon,6027,A,2011,Royals (A),0,0,13,13,66,3.68182,7.36364,2.72727,0.818182,3.90549,3.86246,,99.1502914428711,104.40859985351562,102.32328033447266
슈가 마리몬,Sugar Ray Marimon,6027,A+,2012,Royals (A+),0,0,14,9,68,2.11765,7.94118,2.38235,0.661765,3.54722,3.7351,,57.2451171875,93.95467376708984,94.57452392578125
슈가 마리몬,Sugar Ray Marimon,6027,AA,2012,Royals (AA),0,0,12,12,66.2,4.59,4.86,3.915,1.215,5.53011,5.537,,106.32225799560547,132.9976348876953,137.3367462158203
슈가 마리몬,Sugar Ray Marimon,6027,AA,2013,Royals (AA),0,0,27,26,148.1,4.30786,7.22022,2.73034,1.57753,4.72152,3.99832,,110.26904296875,123.96461486816406,105.68099975585938
슈가 마리몬,Sugar Ray Marimon,6027,R,2014,Royals (R),0,1,3,2,11.1,2.38235,6.35294,1.58824,1.58824,5.70753,4.72292,,46.85045623779297,122.50694274902344,99.56566619873047
슈가 마리몬,Sugar Ray Marimon,6027,AA,2014,Royals (AA),0,1,4,4,21,2.14286,3.85714,3,0,3.26299,3.98683,,56.9788703918457,88.5146484375,107.95816802978516
슈가 마리몬,Sugar Ray Marimon,6027,AAA,2014,Royals (AAA),0,0,15,15,83.1,3.564,7.236,2.808,1.08,4.76838,5.21335,,75.11493682861328,99.73755645751953,112.38096618652344
슈가 마리몬,Sugar Ray Marimon,6027,AAA,2015,Braves (AAA),0,0,17,14,81.2,3.30612,5.2898,2.86531,0.440816,3.68356,4.05182,,92.69768524169922,102.84530639648438,112.01629638671875
슈가 마리몬,Sugar Ray Marimon,6027,MLB,2015,Braves,0,1,16,0,25.2,7.36363,4.90908,4.90908,1.05195,5.19853,5.86381,-0.292476,189.2752227783203,137.42498779296875,150.6700897216797
요한 피노,Yohan Pino,6955,A,2006,Twins (A),0,0,42,7,94,1.91489,9.47872,1.91489,0.382979,2.4227,,,50.77743148803711,65.43280792236328,
요한 피노,Yohan Pino,6955,A+,2007,Twins (A+),0,0,19,9,67.2,1.72906,8.51232,2.26108,0.26601,2.70757,3.29696,,44.5804443359375,69.04148864746094,
요한 피노,Yohan Pino,6955,AA,2007,Twins (AA),0,0,9,8,47.1,5.1338,7.60563,1.71127,1.14085,3.92526,3.66077,,120.60303497314453,95.42753601074219,
요한 피노,Yohan Pino,6955,AA,2008,Twins (AA),0,0,26,18,109,4.54128,6.27523,3.05505,1.3211,5.02612,4.63265,,105.78069305419922,121.15670013427734,109.67700958251953
요한 피노,Yohan Pino,6955,AA,2009,Twins (AA),0,0,32,4,62,3.19355,9.29032,2.32258,0.580645,2.93634,3.08461,,82.08698272705078,77.49795532226562,79.16427612304688
요한 피노,Yohan Pino,6955,AAA,2009,Indians (AAA),1,1,2,2,14,1.28571,9,1.28571,0,1.57809,2.95297,,30.139474868774414,37.83292770385742,75.36671447753906
요한 피노,Yohan Pino,6955,AAA,2009,Twins (AAA),1,0,8,8,51,2.82353,7.76471,1.94118,0.882353,3.40442,3.4608,,69.26005554199219,85.73711395263672,88.32788848876953
요한 피노,Yohan Pino,6955,AAA,2010,Indians (AAA),0,0,26,26,145.2,5.746,7.04348,2.90389,1.54462,5.0742,4.64719,,127.0938720703125,114.78185272216797,111.91259002685547
요한 피노,Yohan Pino,6955,AA,2011,Indians (AA),1,1,2,0,1.1,0,13.5,0,0,0.410046,1.14176,,0,10.223428726196289,28.134681701660156
요한 피노,Yohan Pino,6955,AA,2011,Blue Jays (AA),1,0,36,10,95.2,4.13937,9.78397,1.31707,1.41115,3.80727,2.96211,,100.75152587890625,93.54043579101562,72.99430847167969
요한 피노,Yohan Pino,6955,AAA,2011,Blue Jays (AAA),0,1,1,0,1.2,10.8,0,10.8,0,7.38332,8.95202,,198.75762939453125,141.77606201171875,174.66110229492188
요한 피노,Yohan Pino,6955,AA,2012,Blue Jays (AA),0,0,25,22,134,3.5597,7.52239,1.94776,1.14179,3.98449,3.55982,,89.0322036743164,100.94556427001953,90.89291381835938
요한 피노,Yohan Pino,6955,AAA,2012,Blue Jays (AAA),0,1,3,3,9.1,22.1786,7.71429,2.89286,0.964286,4.31065,4.44877,,446.00738525390625,90.44755554199219,94.84574127197266
요한 피노,Yohan Pino,6955,AA,2013,Reds (AA),0,1,4,1,11,0,9,0,0,0.912625,1.80749,,0,25.285015106201172,50.890052795410156
요한 피노,Yohan Pino,6955,AAA,2013,Reds (AAA),0,0,31,16,121.1,3.26374,7.93681,2.22527,0.519231,2.95765,3.56918,,83.89148712158203,77.4916763305664,92.40528869628906
요한 피노,Yohan Pino,6955,AAA,2014,Twins (AAA),0,0,16,9,73,2.46575,8.87671,2.9589,1.10959,4.09741,3.85213,,61.51445007324219,102.90925598144531,95.40880584716797
요한 피노,Yohan Pino,6955,MLB,2014,Twins,0,0,11,11,60.1,5.07183,7.45857,2.0884,1.19337,3.94441,4.08483,0.879809,130.38722229003906,103.37508392333984,107.72401428222656
요한 피노,Yohan Pino,6955,AAA,2015,Royals (AAA),0,0,16,14,78.2,4.69068,7.89407,2.28814,1.37288,4.62905,4.37395,,105.96841430664062,102.52698516845703,100.00895690917969
요한 피노,Yohan Pino,6955,MLB,2015,Royals,0,1,7,1,19.1,3.25863,6.05173,1.39655,0.931036,3.59911,4.31514,0.158231,79.9721450805664,90.90263366699219,106.81678009033203
조쉬 로위,Josh Lowey,sa560990,AAA,2014,Mexican (AAA),0,0,20,19,122.2,4.1087,7.33696,2.4212,0.293478,3.22238,3.59699,,87.78480529785156,67.86648559570312,75.50006866455078
조쉬 로위,Josh Lowey,sa560990,AAA,2015,Mexican (AAA),0,0,23,23,142.2,3.02804,9.1472,2.90187,0.693925,3.57969,3.4004,,67.30506896972656,78.62541961669922,73.60595703125
브라울리오 라라,Braulio Lara,sa506176,R,2008,Rays (R),0,0,17,3,34,3.97059,10.3235,5.55882,0.264706,3.67337,3.6798,,107.63734436035156,102.02022552490234,99.85527801513672
브라울리오 라라,Braulio Lara,sa506176,R,2009,Rays (R),0,0,13,8,55.1,3.57831,9.43374,3.41566,0.325301,3.08626,3.03543,,95.77884674072266,84.62576293945312,81.32955932617188
브라울리오 라라,Braulio Lara,sa506176,R,2010,Rays (R),0,0,13,13,66,2.18182,7.90909,3.40909,0.272727,3.4627,3.91452,,59.47554397583008,93.31681823730469,102.49176025390625
브라울리오 라라,Braulio Lara,sa506176,A,2011,Rays (A),0,0,25,25,120.1,4.93629,8.30194,4.11357,0.747922,4.09134,3.8091,,136.90899658203125,107.46605682373047,100.90982055664062
브라울리오 라라,Braulio Lara,sa506176,A+,2012,Rays (A+),0,0,25,21,112,5.70536,6.58929,4.66071,0.883929,4.88969,4.51679,,148.74581909179688,125.95130157470703,117.25593566894531
브라울리오 라라,Braulio Lara,sa506176,AA,2013,Rays (AA),0,0,45,0,72,4.375,6.625,5.375,0.75,4.35707,4.35379,,124.1032485961914,121.94058227539062,122.58114624023438
브라울리오 라라,Braulio Lara,sa506176,AAA,2013,Rays (AAA),0,1,1,0,3,0,9,3,0,2.2049,2.91544,,0,56.9326286315918,75.47990417480469
브라울리오 라라,Braulio Lara,sa506176,AA,2014,Rays (AA),0,0,36,0,46.2,5.01429,8.87143,3.66429,0.385714,3.18694,3.6137,,128.80899047851562,81.66242218017578,93.74744415283203
브라울리오 라라,Braulio Lara,sa506176,AAA,2014,Rays (AAA),0,1,9,0,11,9,9,9.81818,1.63636,6.99404,5.54965,,215.94992065429688,171.70602416992188,137.45277404785156
브라울리오 라라,Braulio Lara,sa506176,AA,2015,Giants (AA),0,1,20,0,22.1,4.02985,6.85075,4.02985,0.80597,4.52238,4.09017,,114.01683044433594,127.30316162109375,111.35057067871094
브라울리오 라라,Braulio Lara,sa506176,AAA,2015,Giants (AAA),0,1,12,5,28,7.71429,9.32143,3.21429,0.642857,3.52796,3.75338,,189.90243530273438,82.36592864990234,85.81979370117188
로버트 코엘로,Robert Coello,1149,R,2007,Angels (R),0,1,20,0,26.1,1.36709,8.88608,2.39241,0,3.50381,4.22688,,30.036941528320312,78.41932678222656,
로버트 코엘로,Robert Coello,1149,A+,2009,Red Sox (A+),0,0,33,0,66,2.04545,11.1818,4.63636,0.545455,3.51209,3.67815,,51.13444900512695,89.15386199951172,92.2887954711914
로버트 코엘로,Robert Coello,1149,AAA,2009,Red Sox (AAA),0,1,1,0,1.1,0,6.75002,0,0,1.64952,3.16912,,0,41.11078643798828,80.88343811035156
로버트 코엘로,Robert Coello,1149,AA,2010,Red Sox (AA),0,0,14,4,43.1,3.32308,10.5923,2.90769,0.830769,3.24911,3.59232,,76.30596160888672,76.71295166015625,85.29981231689453
로버트 코엘로,Robert Coello,1149,AAA,2010,Red Sox (AAA),0,0,18,9,64,4.21875,11.1094,4.21875,1.40625,4.50498,4.10497,,102.97189331054688,105.8570785522461,98.85501098632812
로버트 코엘로,Robert Coello,1149,MLB,2010,Red Sox,0,1,6,0,5.2,4.76468,7.94113,7.94113,0,3.96019,5.8998,0.0590148,109.62267303466797,96.14691162109375,141.73617553710938
로버트 코엘로,Robert Coello,1149,AA,2011,Cubs (AA),0,1,4,4,21,3,6.85714,3,0.428571,3.40194,4.04658,,70.09649658203125,80.1194839477539,98.23983001708984
로버트 코엘로,Robert Coello,1149,AAA,2011,Cubs (AAA),0,0,30,11,95,4.45263,8.90526,3.88421,1.04211,4.69911,4.84512,,92.63932037353516,95.70008087158203,94.53314208984375
로버트 코엘로,Robert Coello,1149,AAA,2012,Blue Jays (AAA),0,0,19,3,42,3,9.21429,3.85714,0.857143,4.14399,4.0683,,60.32928466796875,86.95045471191406,86.73420715332031
로버트 코엘로,Robert Coello,1149,MLB,2012,Blue Jays,0,1,6,0,6.1,12.7895,15.6317,5.68424,2.84212,6.09447,4.30749,-0.0890518,303.4665832519531,144.52420043945312,104.20874786376953
로버트 코엘로,Robert Coello,1149,AA,2013,Angels (AA),0,1,1,0,1,0,18,0,0,-0.943646,0.23956,,0,-26.412399291992188,6.3318891525268555
로버트 코엘로,Robert Coello,1149,AAA,2013,Angels (AAA),0,1,15,0,18.2,4.82143,13.9821,5.30357,0.482143,3.08762,3.34499,,102.54283905029297,69.25019836425781,75.51600646972656
로버트 코엘로,Robert Coello,1149,MLB,2013,Angels,0,1,16,0,17,3.70588,12.1765,4.23529,0.529412,2.51844,3.28061,0.38672,97.83755493164062,66.06004333496094,82.84186553955078
로버트 코엘로,Robert Coello,1149,AAA,2014,Orioles (AAA),1,1,20,0,23.2,1.90141,9.50704,5.70422,0.760563,4.49852,4.76715,,48.99701690673828,112.201171875,118.07184600830078
로버트 코엘로,Robert Coello,1149,AAA,2014,Yankees (AAA),1,0,26,0,32,1.6875,12.375,5.90625,0.28125,3.07643,3.80775,,43.203670501708984,77.95915985107422,94.30957794189453
로버트 코엘로,Robert Coello,1149,AAA,2015,Rangers (AAA),1,0,6,5,30.1,5.63736,3.85714,3.85714,1.18681,5.84114,5.88999,,133.93101501464844,134.5207061767578,134.67274475097656
로버트 코엘로,Robert Coello,1149,AAA,2015,Giants (AAA),1,0,11,11,64.1,3.49741,6.85492,3.9171,0.559586,4.37659,4.91919,,86.095703125,102.17860412597656,112.47579193115234
스콧 맥그레거,Scott McGregor,sa455250,R,2008,Cardinals (R),1,1,2,0,4,6.75,2.25,2.25,2.25,7.75948,5.20397,,174.53140258789062,201.05690002441406,137.9707794189453
스콧 맥그레거,Scott McGregor,sa455250,R,2008,Cardinals (R),1,1,7,3,27,0.333333,6.66667,1,0,2.63617,3.58966,,8.270517349243164,64.61222076416016,87.4903335571289
스콧 맥그레거,Scott McGregor,sa455250,A,2008,Cardinals (A),0,1,3,0,6.1,2.84211,2.84211,1.42105,0,3.59938,4.80492,,77.3325424194336,97.06360626220703,130.4793701171875
스콧 맥그레거,Scott McGregor,sa455250,A,2009,Cardinals (A),0,0,34,17,115,5.55652,6.10435,2.03478,0.391304,3.65789,3.75858,,140.02586364746094,91.05108642578125,94.79766082763672
스콧 맥그레거,Scott McGregor,sa455250,A+,2010,Cardinals (A+),0,0,16,8,57,2.68421,2.84211,2.05263,0.157895,3.86478,4.26461,,77.53135681152344,108.85332489013672,116.04486083984375
스콧 맥그레거,Scott McGregor,sa455250,AA,2010,Cardinals (AA),0,0,15,12,80.2,3.45868,5.46694,1.00413,0.780992,3.68474,3.52246,,84.20152282714844,90.09196472167969,88.33160400390625
스콧 맥그레거,Scott McGregor,sa455250,A+,2012,Cardinals (A+),0,1,2,2,8,2.25,3.375,2.25,0,4.88969,5.81337,,61.443450927734375,130.53944396972656,150.91513061523438
스콧 맥그레거,Scott McGregor,sa455250,AA,2012,Cardinals (AA),0,0,12,11,59,6.86441,4.57627,2.74576,1.67797,5.80553,4.62608,,166.07595825195312,140.67918395996094,114.74270629882812
스콧 맥그레거,Scott McGregor,sa455250,AA,2013,Cardinals (AA),0,0,8,8,48,2.4375,9,2.0625,0.9375,3.22302,2.80556,,62.85348892211914,82.93492126464844,74.15467071533203
스콧 맥그레거,Scott McGregor,sa455250,AAA,2013,Cardinals (AAA),0,0,18,17,100.2,4.82782,5.99007,2.59272,0.89404,4.51347,4.65909,,116.47315216064453,102.58003997802734,105.18302154541016
스콧 맥그레거,Scott McGregor,sa455250,AA,2014,Nationals (AA),0,1,8,6,29.1,5.21591,6.75,2.45455,0.613636,3.55927,3.84356,,130.8655548095703,88.729736328125,96.01701354980469
스콧 맥그레거,Scott McGregor,sa455250,AAA,2014,Cardinals (AAA),1,0,13,13,61,6.34426,4.86885,4.86885,1.47541,6.96267,6.53533,,146.52566528320312,150.83697509765625,140.8781280517578
스콧 맥그레거,Scott McGregor,sa455250,AAA,2014,Nationals (AAA),1,1,4,4,23,3.91304,5.08696,2.34783,0.782609,4.14029,4.15292,,95.77352905273438,102.41513061523438,102.8586654663086
스콧 맥그레거,Scott McGregor,sa455250,AAA,2015,Nationals (AAA),0,0,27,15,107,4.03738,5.29907,2.94393,1.00935,4.67105,4.34306,,110.8483657836914,129.8109588623047,120.06797790527344
재크 페트릭,Zachary Bernard Petrick,sa659444,R,2012,Cardinals (R),0,0,13,7,45.2,2.16788,9.85401,1.77372,0.394161,2.99901,3.39913,,48.307498931884766,68.98333740234375,81.81414031982422
재크 페트릭,Zachary Bernard Petrick,sa659444,A,2013,Cardinals (A),0,0,16,0,32.2,0.82653,12.6735,2.20408,0.27551,1.83806,2.13302,,23.038299560546875,49.54092788696289,55.52436447143555
재크 페트릭,Zachary Bernard Petrick,sa659444,A+,2013,Cardinals (A+),0,0,9,4,33.1,0.27,8.64,1.08,0,1.68095,2.30704,,7.536513328552246,46.822509765625,62.299049377441406
재크 페트릭,Zachary Bernard Petrick,sa659444,AA,2013,Cardinals (AA),0,0,9,9,47.1,3.99296,8.3662,2.85211,0.570423,3.09861,3.37455,,102.9626693725586,79.73351287841797,89.19376373291016
재크 페트릭,Zachary Bernard Petrick,sa659444,AA,2014,Cardinals (AA),0,1,3,3,18.2,0.482143,7.23214,2.41071,0,2.31657,3.51089,,12.79394245147705,60.88261795043945,95.07037353515625
재크 페트릭,Zachary Bernard Petrick,sa659444,AAA,2014,Cardinals (AAA),0,0,24,20,115,4.61739,6.41739,2.81739,1.25217,5.12647,4.79353,,106.6422348022461,111.05799865722656,103.33110046386719
재크 페트릭,Zachary Bernard Petrick,sa659444,AAA,2015,Cardinals (AAA),0,0,28,28,157.1,4.51907,6.46398,1.6589,0.800847,3.9871,4.15461,,112.25725555419922,91.83812713623047,94.99384307861328
앤서니 레나도,Anthony Ranaudo,11424,A,2011,Red Sox (A),0,0,10,10,46,3.32609,9.78261,3.13043,0.782609,3.78845,3.86488,,79.68582153320312,89.86307525634766,93.63552856445312
앤서니 레나도,Anthony Ranaudo,11424,A+,2011,Red Sox (A+),0,0,16,16,81,4.33333,7.44444,3.33333,0.666667,3.9837,4.05973,,114.57417297363281,106.95507049560547,107.73515319824219
앤서니 레나도,Anthony Ranaudo,11424,AA,2012,Red Sox (AA),0,0,9,9,37.2,6.69026,6.45133,6.45133,0.955752,5.53719,5.59078,,165.74798583984375,141.32469177246094,142.7494659423828
앤서니 레나도,Anthony Ranaudo,11424,AA,2013,Red Sox (AA),0,0,19,19,109.2,2.95441,8.69909,3.28268,0.738602,3.63493,3.63392,,71.26297760009766,89.95831298828125,90.55012512207031
앤서니 레나도,Anthony Ranaudo,11424,AAA,2013,Red Sox (AAA),0,0,6,5,30.1,2.96703,6.23077,2.07692,0.296703,2.94116,3.88291,,79.95549774169922,74.82199096679688,100.52767181396484
앤서니 레나도,Anthony Ranaudo,11424,AAA,2014,Red Sox (AAA),0,0,24,24,138,2.6087,7.23913,3.52174,0.586957,3.85768,4.31412,,67.58255004882812,94.05590057373047,106.85126495361328
앤서니 레나도,Anthony Ranaudo,11424,MLB,2014,Red Sox,0,0,7,7,39.1,4.80509,3.43221,3.66102,2.28814,6.89497,5.78947,-0.762664,119.67142486572266,183.21665954589844,152.3544158935547
앤서니 레나도,Anthony Ranaudo,11424,AAA,2015,Rangers (AAA),0,0,21,21,118,4.57627,6.86441,3.50847,1.0678,4.88752,4.81816,,108.72176361083984,112.5588607788086,110.1656494140625
앤서니 레나도,Anthony Ranaudo,11424,MLB,2015,Rangers,0,1,4,2,15.1,7.63045,6.45654,4.69566,1.17392,5.15534,5.76944,0.0411894,181.7361297607422,125.3718490600586,143.06114196777344
앤서니 레나도,Anthony Ranaudo,11424,AAA,2016,White Sox (AAA),1,0,16,16,96.2,3.35172,6.05172,1.02414,1.39655,4.27613,3.51656,,84.27745819091797,108.7736587524414,96.51640319824219
앤서니 레나도,Anthony Ranaudo,11424,AAA,2016,Rangers (AAA),1,1,3,3,13.1,2.025,12.15,2.7,0,2.37088,3.27347,,47.68284225463867,53.53236389160156,73.4253921508789
앤서니 레나도,Anthony Ranaudo,11424,MLB,2016,- - -,0,0,9,5,31.1,9.4787,5.1702,5.74467,2.87233,8.06144,6.62355,-0.784534,224.510009765625,189.10101318359375,156.4507293701172
앤서니 레나도,Anthony Ranaudo,11424,MLB,2016,Rangers,1,1,2,0,3.2,17.1817,4.90905,19.6362,2.45452,12.1465,10.8723,-0.301942,379.5262451171875,277.5168762207031,257.4229736328125
앤서니 레나도,Anthony Ranaudo,11424,MLB,2016,White Sox,1,1,7,5,27.2,8.45782,5.20481,3.90361,2.92771,7.52005,6.06045,-0.482592,203.9655303955078,177.38316345214844,143.06875610351562
팻 딘,Patrick Michael Dean,11350,R,2010,Twins (R),1,1,4,0,5,0,9,0,0,1.44679,1.91264,,0,40.76329040527344,52.87786865234375
팻 딘,Patrick Michael Dean,11350,R,2010,Twins (R),1,1,5,5,24.1,2.58904,11.8356,0.369863,1.10959,2.6495,1.81142,,66.77066802978516,67.3060531616211,47.42732238769531
팻 딘,Patrick Michael Dean,11350,A,2011,Twins (A),0,0,8,8,44,2.86364,7.56818,1.84091,0.818182,3.54186,3.55576,,75.82683563232422,93.75213623046875,94.19832611083984
팻 딘,Patrick Michael Dean,11350,A+,2011,Twins (A+),0,0,11,11,58,6.67241,5.58621,2.32759,1.24138,4.92277,4.60766,,172.6502685546875,124.8831558227539,117.06658172607422
팻 딘,Patrick Michael Dean,11350,AA,2011,Twins (AA),0,1,1,1,6,4.5,4.5,1.5,0,2.91005,3.88566,,112.48120880126953,74.21864318847656,95.75323486328125
팻 딘,Patrick Michael Dean,11350,A+,2012,Twins (A+),0,0,28,28,153.1,3.9913,4.75435,1.93696,0.645652,4.00926,4.18024,,104.39295196533203,104.79296875,108.5191421508789
팻 딘,Patrick Michael Dean,11350,AA,2013,Twins (AA),0,0,22,22,125,4.68,4.392,1.224,0.864,4.0529,4.1187,,117.50408935546875,103.41177368164062,102.62979888916016
팻 딘,Patrick Michael Dean,11350,AAA,2013,Twins (AAA),0,0,6,6,40,2.025,4.95,1.125,0,2.5549,3.80722,,51.71684646606445,65.66610717773438,98.56800079345703
팻 딘,Patrick Michael Dean,11350,AA,2014,Twins (AA),0,0,26,26,144,4.8125,5.1875,1.9375,1.25,4.82,4.45187,,121.1375961303711,123.29708099365234,111.21333312988281
팻 딘,Patrick Michael Dean,11350,AAA,2015,Twins (AAA),0,0,27,27,179,2.81564,4.92737,1.81006,0.502793,3.44194,3.82007,,77.22100067138672,95.80689239501953,105.60946655273438
팻 딘,Patrick Michael Dean,11350,AAA,2016,Twins (AAA),0,0,16,16,87.1,5.56489,5.04962,1.95802,1.03053,4.25702,4.24529,,151.99807739257812,117.9677505493164,116.51717376708984
팻 딘,Patrick Michael Dean,11350,MLB,2016,Twins,0,0,19,9,67.1,6.28218,6.68317,3.07426,1.73762,5.19607,4.71457,0.0909355,146.1818084716797,120.4771499633789,111.08390045166016
파커 마켈,Parker Markel,12106,R,2010,Rays (R),0,1,7,0,10.1,1.74194,11.3226,2.6129,0,1.80163,2.25245,,48.257328033447266,49.62540054321289,62.27234649658203
파커 마켈,Parker Markel,12106,A-,2011,Rays (A-),0,0,13,13,57.1,3.13954,6.90698,3.61047,0.47093,3.97502,3.83383,,83.65755462646484,110.2847671508789,102.14701080322266
파커 마켈,Parker Markel,12106,A,2012,Rays (A),0,0,24,24,120,3.525,7.2,2.55,0.45,3.40082,3.62562,,95.21768951416016,86.96842193603516,93.3889389038086
파커 마켈,Parker Markel,12106,A+,2013,Rays (A+),0,0,18,16,82,6.36585,7.79268,3.84146,0.768293,3.93608,3.52197,,173.4839630126953,106.82628631591797,95.1069564819336
파커 마켈,Parker Markel,12106,A+,2014,Rays (A+),0,0,29,0,48.2,5.17808,6.84246,3.14384,0.369863,3.76089,4.07579,,138.11544799804688,100.50347137451172,108.64620971679688
파커 마켈,Parker Markel,12106,AA,2014,Rays (AA),0,1,16,0,16.2,3.78,7.56,4.86,0,3.12694,3.72114,,97.10203552246094,80.12498474121094,96.53459167480469
파커 마켈,Parker Markel,12106,AA,2015,Rays (AA),0,0,42,0,53,3.22642,6.62264,4.41509,0.679245,4.39793,4.10122,,83.56366729736328,114.27570343017578,107.66477966308594
파커 마켈,Parker Markel,12106,AAA,2015,Rays (AAA),0,1,5,0,7.1,4.90909,8.59091,6.13637,1.22727,5.06612,3.65442,,129.4395751953125,140.07493591308594,101.03001403808594
파커 마켈,Parker Markel,12106,AA,2016,Rays (AA),0,1,9,0,10.2,4.21875,9.28125,1.6875,0,1.82003,2.97166,,113.7022476196289,48.76511001586914,80.27879333496094
파커 마켈,Parker Markel,12106,AAA,2016,Rays (AAA),0,0,34,1,60.2,2.52198,6.97253,3.56044,0.148352,3.36703,3.93692,,68.012939453125,93.66093444824219,108.05355072021484
닉 애디튼,Nick Additon,sa393067,R,2007,Cardinals (R),0,0,14,9,52.2,3.75949,10.424,1.87975,1.02532,3.73247,3.35484,,91.82543182373047,90.07018280029297,
닉 애디튼,Nick Additon,sa393067,A-,2007,Cardinals (A-),0,1,3,0,5.1,0,8.4375,1.6875,0,2.16636,3.10137,,0,56.18845748901367,
닉 애디튼,Nick Additon,sa393067,A,2008,Cardinals (A),0,0,25,19,119,2.4958,8.16807,2.64706,0.907563,3.78779,3.65314,,67.90931701660156,102.14442443847656,99.20223236083984
닉 애디튼,Nick Additon,sa393067,A+,2008,Cardinals (A+),0,1,3,3,18,0.5,6.5,2.5,0.5,3.47918,4.03694,,13.77889633178711,95.37093353271484,105.87950897216797
닉 애디튼,Nick Additon,sa393067,A+,2009,Cardinals (A+),0,0,19,15,79.1,3.06303,7.4874,4.19748,0.113445,3.27049,4.0224,,90.84777069091797,95.42022705078125,112.89753723144531
닉 애디튼,Nick Additon,sa393067,AA,2009,Cardinals (AA),0,0,8,8,48,3.1875,4.875,3.9375,0.9375,4.98124,5.15408,,73.24542236328125,114.80756378173828,122.11981201171875
닉 애디튼,Nick Additon,sa393067,AA,2010,Cardinals (AA),0,0,28,27,150.1,4.43015,6.5255,3.17295,1.31707,4.90324,4.37588,,107.85221862792969,119.88446807861328,109.73259735107422
닉 애디튼,Nick Additon,sa393067,AA,2011,Cardinals (AA),0,0,10,10,61.1,2.93478,7.04348,2.20109,1.17391,4.43741,4.68822,,65.13127136230469,98.85443878173828,106.52735137939453
닉 애디튼,Nick Additon,sa393067,AAA,2011,Cardinals (AAA),0,0,18,16,96.2,4.56207,7.44828,3.72414,1.30345,5.28332,5.42906,,95.85906219482422,104.97079467773438,105.92647552490234
닉 애디튼,Nick Additon,sa393067,R,2012,Cardinals (R),0,1,2,2,6,0,10.5,0,0,1.10042,1.66102,,0,31.757747650146484,48.373191833496094
닉 애디튼,Nick Additon,sa393067,AAA,2012,Cardinals (AAA),0,0,16,16,87,4.55172,8.37931,4.24138,1.03448,4.85171,5.28729,,103.77255249023438,104.42254638671875,112.72273254394531
닉 애디튼,Nick Additon,sa393067,AAA,2013,Cardinals (AAA),0,0,24,21,131.2,4.10127,7.99747,2.59747,1.02532,4.20774,4.27332,,98.9448471069336,95.6314697265625,96.4739761352539
닉 애디튼,Nick Additon,sa393067,AA,2014,Orioles (AA),0,1,5,5,29.1,2.45455,7.67046,2.76136,0.306818,3.11609,3.68097,,59.5635986328125,75.41764831542969,91.9552993774414
닉 애디튼,Nick Additon,sa393067,AAA,2014,Orioles (AAA),0,0,27,9,89.2,4.31599,6.72491,3.9145,0.501859,4.06028,4.63223,,111.21788024902344,101.27064514160156,114.7302017211914
닉 애디튼,Nick Additon,sa393067,AA,2015,Orioles (AA),0,0,6,6,36.1,2.97248,6.19266,1.98165,0.495413,3.35122,3.83542,,77.69381713867188,87.1854476928711,104.41526794433594
닉 애디튼,Nick Additon,sa393067,AAA,2015,Brewers (AAA),0,0,21,11,74.1,5.32735,6.29596,3.26906,0.484305,4.19131,4.99068,,99.56470489501953,92.21334075927734,114.11045837402344
닉 애디튼,Nick Additon,sa393067,AAA,2016,Orioles (AAA),0,0,16,13,80.1,3.80913,5.60166,2.57676,0.784232,3.95346,4.30775,,111.57209777832031,110.74604797363281,118.23152923583984
제프 맨쉽,Jeff Manship,6865,R,2006,Twins (R),0,1,2,0,5.2,0,15.8823,1.58823,0,0.401499,,,0,11.147491455078125,
제프 맨쉽,Jeff Manship,6865,A+,2006,Twins (A+),0,1,4,3,8.2,2.07692,12.4615,2.07692,0,1.13305,,,55.8763542175293,30.14810562133789,
제프 맨쉽,Jeff Manship,6865,A,2007,Twins (A),0,0,13,13,77.2,1.50644,8.92275,1.04292,0.463519,2.40479,2.38595,,39.30009841918945,63.89837646484375,
제프 맨쉽,Jeff Manship,6865,A+,2007,Twins (A+),0,0,13,13,71.1,3.15421,7.44393,3.15421,0.630841,3.72078,3.68578,,81.32493591308594,94.87785339355469,
제프 맨쉽,Jeff Manship,6865,A+,2008,Twins (A+),0,0,13,13,78.2,2.86017,7.20763,2.28814,0,2.51496,3.18749,,76.59707641601562,66.61150360107422,83.60055541992188
제프 맨쉽,Jeff Manship,6865,AA,2008,Twins (AA),0,0,14,14,76.2,4.46087,7.27826,2.81739,0.939131,4.04195,3.70279,,103.90753936767578,97.43299102783203,87.66283416748047
제프 맨쉽,Jeff Manship,6865,AA,2009,Twins (AA),0,0,13,13,75.2,4.28194,5.35242,2.37885,0.237885,3.17245,3.68186,,110.06291198730469,83.72950744628906,94.4924087524414
제프 맨쉽,Jeff Manship,6865,AAA,2009,Twins (AAA),0,0,8,8,50.1,3.21854,5.36424,3.03974,0.178808,3.2886,4.11718,,78.94963073730469,82.82007598876953,105.0802001953125
제프 맨쉽,Jeff Manship,6865,MLB,2009,Twins,0,0,11,5,31.2,5.6842,5.96841,4.26315,1.13684,4.92866,4.90329,0.0382447,129.38040161132812,114.42749786376953,110.88253784179688
제프 맨쉽,Jeff Manship,6865,AAA,2010,Twins (AAA),0,0,19,18,98.1,5.12542,7.59661,2.01356,1.18983,4.01769,3.62921,,120.34249877929688,96.22364807128906,87.3978500366211
제프 맨쉽,Jeff Manship,6865,MLB,2010,Twins,0,1,13,1,29,5.27586,6.51724,1.86207,0.931035,3.59508,3.72417,0.25807,126.57219696044922,87.14274597167969,89.18012237548828
제프 맨쉽,Jeff Manship,6865,R,2011,Twins (R),0,1,2,2,6,1.5,7.5,0,0,1.75293,2.07285,,38.93450164794922,46.7491340637207,54.477848052978516
제프 맨쉽,Jeff Manship,6865,AAA,2011,Twins (AAA),0,1,11,3,25,4.32,7.56,1.44,1.44,4.11679,3.24884,,104.06612396240234,101.43846893310547,80.53330993652344
제프 맨쉽,Jeff Manship,6865,MLB,2011,Twins,0,1,5,0,3.1,8.10008,5.40005,10.8001,0,5.42541,8.81734,-0.0298157,197.02023315429688,135.43759155273438,216.8310089111328
제프 맨쉽,Jeff Manship,6865,AAA,2012,Twins (AAA),0,0,22,11,80.1,2.91286,5.82573,3.92116,0.560166,4.0203,4.27896,,72.8908920288086,101.91240692138672,109.09980010986328
제프 맨쉽,Jeff Manship,6865,MLB,2012,Twins,0,1,12,0,21.2,7.8923,4.98461,2.90769,1.66154,5.49445,4.58529,-0.22296,191.77359008789062,134.92349243164062,111.00572204589844
제프 맨쉽,Jeff Manship,6865,AAA,2013,Rockies (AAA),0,0,24,17,104,4.84615,6.14423,2.76923,0.692308,4.1563,4.36536,,98.50851440429688,92.24232482910156,98.55178833007812
제프 맨쉽,Jeff Manship,6865,MLB,2013,Rockies,0,0,11,4,30.2,7.04347,5.2826,3.52174,1.76087,5.59133,4.42886,-0.153099,160.45718383789062,138.03884887695312,117.73638916015625
제프 맨쉽,Jeff Manship,6865,R,2014,Phillies (R),0,1,2,2,3,0,6,3,0,3.17407,3.32113,,0,86.556396484375,88.96739959716797
제프 맨쉽,Jeff Manship,6865,AAA,2014,Phillies (AAA),0,1,8,5,25.1,4.61842,7.46053,6.39474,0.355263,4.34452,4.62966,,112.179931640625,107.61286926269531,114.66651153564453
제프 맨쉽,Jeff Manship,6865,MLB,2014,Phillies,0,1,20,0,23,6.65217,6.26087,5.47826,0.391304,4.13225,4.91047,0.02348,183.74998474121094,109.29719543457031,133.25794982910156
제프 맨쉽,Jeff Manship,6865,AAA,2015,Indians (AAA),0,0,23,0,31.2,1.98947,8.81053,2.55789,0.852632,3.28334,2.80423,,52.10551071166992,85.99371337890625,77.52558898925781
제프 맨쉽,Jeff Manship,6865,MLB,2015,Indians,0,0,32,0,39.1,0.915255,7.55085,2.28814,0.228814,2.62512,3.34509,0.629646,22.29411506652832,64.54373931884766,82.64093780517578
제프 맨쉽,Jeff Manship,6865,MLB,2016,Indians,0,0,53,0,43.1,3.11539,7.47693,4.56923,1.45385,5.1081,4.81464,-0.329586,71.14492797851562,119.6412353515625,113.46198272705078
제프 맨쉽,Jeff Manship,6865,MLB,2016,Indians,1,1,3,0,2.1,0,7.7143,3.85715,0,2.71799,5.57334,,0,63.21485137939453,131.4925994873047
돈 로치,Donn Roach,10620,R,2010,Angels (R),0,0,16,10,53.2,6.03727,9.89441,2.68323,1.00621,4.55314,3.8603,,132.0005340576172,98.45196533203125,84.32945251464844
돈 로치,Donn Roach,10620,A,2011,Angels (A),0,0,45,0,70.1,3.45498,8.70142,2.55924,0.127962,2.59227,2.918,,88.03156280517578,67.23153686523438,77.30282592773438
돈 로치,Donn Roach,10620,A+,2012,Padres (A+),1,0,8,7,46.2,1.73571,8.48571,2.12143,0.192857,3.17131,3.56697,,39.06523132324219,71.11837005615234,75.29264068603516
돈 로치,Donn Roach,10620,A+,2012,Angels (A+),1,0,6,6,41.2,2.16,6.264,0.648,0.216,3.02217,3.20391,,49.55352783203125,67.61490631103516,67.6291275024414
돈 로치,Donn Roach,10620,AA,2012,Padres (AA),0,1,4,3,17,1.58824,2.64706,4.23529,0,4.28011,5.01091,,42.30494689941406,111.00057220458984,124.28782653808594
돈 로치,Donn Roach,10620,AA,2013,Padres (AA),0,0,28,28,142.2,3.53271,4.85748,2.52336,0.441589,3.56103,3.75253,,98.05902099609375,98.2649154663086,99.18429565429688
돈 로치,Donn Roach,10620,AAA,2014,Padres (AAA),0,0,19,13,77.1,5.23707,5.12069,4.65517,0.232759,4.72193,5.25334,,108.85449981689453,99.99012756347656,113.24295043945312
돈 로치,Donn Roach,10620,MLB,2014,Padres,0,0,16,1,30.1,4.74726,5.04396,4.45055,0.593407,4.74764,4.66467,-0.334268,136.12892150878906,131.3963165283203,126.54705810546875
돈 로치,Donn Roach,10620,AAA,2015,Reds (AAA),1,0,7,7,42,6,3.85714,1.5,0.428571,3.49036,3.62776,,162.8774871826172,95.72542572021484,100.2928466796875
돈 로치,Donn Roach,10620,AAA,2015,Cubs (AAA),1,0,15,15,89,2.32584,3.33708,1.61798,0.606742,4.37467,4.24941,,55.023170471191406,103.5329360961914,97.16136932373047
돈 로치,Donn Roach,10620,AAA,2015,Blue Jays (AAA),1,1,3,1,12,1.5,1.5,2.25,0,3.57369,4.01495,,42.03303146362305,98.44432830810547,110.99720764160156
돈 로치,Donn Roach,10620,MLB,2015,Cubs,0,1,1,1,3.1,10.8001,2.70003,2.70003,0,3.4336,4.31901,0.0503672,274.9750671386719,88.23445129394531,111.17274475097656
돈 로치,Donn Roach,10620,AAA,2016,Mariners (AAA),1,0,22,17,108,4.08333,5.16667,1.58333,0.583333,4.05421,4.24793,,98.60455322265625,91.4546890258789,95.28295135498047
돈 로치,Donn Roach,10620,AAA,2016,Tigers (AAA),1,1,5,5,29.2,3.03371,6.37079,1.51685,0.303371,2.79845,2.93041,,83.84654998779297,79.28192901611328,80.42860412597656
돈 로치,Donn Roach,10620,MLB,2016,Mariners,0,1,4,0,5.1,8.43755,3.37502,3.37502,1.68751,6.52158,5.02097,-0.140254,210.93971252441406,156.6977996826172,118.3655776977539
스캇 다이아몬드,Scott Michael Diamond,5089,A,2008,Braves (A),0,0,9,9,52.2,3.07595,6.49367,1.87975,0.341772,3.28638,3.85383,,76.82074737548828,84.28184509277344,95.800537109375
스캇 다이아몬드,Scott Michael Diamond,5089,A+,2008,Braves (A+),0,0,17,15,100,2.79,7.65,2.52,0.54,3.48443,3.56588,,66.51875305175781,82.16316223144531,84.51585388183594
스캇 다이아몬드,Scott Michael Diamond,5089,AA,2009,Braves (AA),0,0,23,23,131,3.50382,7.62595,3.64122,0.343511,3.14969,3.42538,,94.76285552978516,85.35663604736328,89.04640197753906
스캇 다이아몬드,Scott Michael Diamond,5089,AA,2010,Braves (AA),0,0,17,17,102.1,3.51792,7.91531,3.42997,0.351792,3.3132,3.56158,,91.75801086425781,85.84992980957031,88.99794006347656
스캇 다이아몬드,Scott Michael Diamond,5089,AAA,2010,Braves (AAA),0,0,10,10,56.1,3.35503,5.27219,2.39645,0.319527,3.39699,4.02184,,80.50836181640625,82.28677368164062,96.85306549072266
스캇 다이아몬드,Scott Michael Diamond,5089,AAA,2011,Twins (AAA),0,0,23,23,123,5.56098,6.58537,2.63415,0.804878,3.83841,3.83177,,133.96046447753906,94.57927703857422,94.98320770263672
스캇 다이아몬드,Scott Michael Diamond,5089,MLB,2011,Twins,0,0,7,7,39,5.07692,4.38462,3.92308,0.692308,4.35872,4.87267,0.323468,123.48722839355469,108.98468780517578,120.22034454345703
스캇 다이아몬드,Scott Michael Diamond,5089,AAA,2012,Twins (AAA),0,0,6,6,34.2,2.59615,6.75,1.81731,0.259615,2.72868,3.43624,,64.96553802490234,69.17070007324219,87.61298370361328
스캇 다이아몬드,Scott Michael Diamond,5089,MLB,2012,Twins,0,0,27,27,173,3.53757,4.68208,1.61272,0.884393,3.93838,3.92549,2.39436,85.9588851928711,96.37327575683594,94.86247253417969
스캇 다이아몬드,Scott Michael Diamond,5089,A+,2013,Twins (A+),0,1,1,1,5,7.2,5.4,0,1.8,4.64095,2.7366,,196.9176483154297,125.73383331298828,73.89900970458984
스캇 다이아몬드,Scott Michael Diamond,5089,AAA,2013,Twins (AAA),0,0,6,6,41,2.41463,4.17073,1.97561,0.878049,4.2049,4.18438,,61.667781829833984,108.07447814941406,108.33252716064453
스캇 다이아몬드,Scott Michael Diamond,5089,MLB,2013,Twins,0,0,24,24,131,5.42748,3.57252,2.47328,1.44275,5.18526,4.7073,0.067694,134.59524536132812,130.42677307128906,118.5700912475586
스캇 다이아몬드,Scott Michael Diamond,5089,AAA,2014,Reds (AAA),1,0,9,7,43.1,6.64615,3.94615,2.07692,1.03846,4.67306,4.52648,,161.29342651367188,115.35887908935547,112.1109848022461
스캇 다이아몬드,Scott Michael Diamond,5089,AAA,2014,Twins (AAA),1,0,17,15,80,6.525,5.2875,2.475,1.125,4.67018,4.38498,,162.78260803222656,117.29488372802734,108.60640716552734
스캇 다이아몬드,Scott Michael Diamond,5089,AAA,2015,Rays (AAA),0,0,28,25,150.1,3.71175,5.44789,1.55654,0.77827,3.64927,3.33522,,97.86852264404297,100.89971923828125,92.20523834228516
스캇 다이아몬드,Scott Michael Diamond,5089,AAA,2016,Blue Jays (AAA),0,0,28,28,166,4.5,5.42169,1.73494,0.596386,3.49453,3.56926,,124.70592498779297,95.61155700683594,97.9627914428711
스캇 다이아몬드,Scott Michael Diamond,5089,MLB,2016,Blue Jays,0,1,1,0,1,27,0,18,0,9.14656,12.4778,-0.0285627,643.0381469726562,215.67147827148438,295.57666015625
션 오설리반,Sean Daniel O'Sullivan,9137,R,2006,Angels (R),0,0,14,14,71.1,2.14486,6.93925,0.883178,0.252336,3.0147,,,49.5989990234375,68.35160064697266,
션 오설리반,Sean Daniel O'Sullivan,9137,A,2007,Angels (A),0,0,25,25,158.1,2.21684,7.10526,2.27368,0.341053,3.17393,3.50499,,58.024227142333984,83.76353454589844,
션 오설리반,Sean Daniel O'Sullivan,9137,A+,2008,Angels (A+),0,0,28,25,158,4.72785,6.32278,2.8481,0.455696,4.19327,4.60505,,108.03524780273438,94.0960922241211,102.12092590332031
션 오설리반,Sean Daniel O'Sullivan,9137,AA,2009,Angels (AA),0,1,3,3,18.2,5.30357,6.75,0,0.482143,2.46934,2.87236,,136.1142578125,61.798587799072266,68.05702209472656
션 오설리반,Sean Daniel O'Sullivan,9137,AAA,2009,Angels (AAA),0,0,14,13,69,5.47826,6.26087,2.6087,1.17391,4.77626,4.72333,,114.26488494873047,103.47783660888672,104.83858489990234
션 오설리반,Sean Daniel O'Sullivan,9137,MLB,2009,Angels,0,0,12,10,51.2,5.92258,5.05161,2.7871,2.09032,5.98095,4.9434,-0.258604,134.5759735107422,136.3363037109375,111.78109741210938
션 오설리반,Sean Daniel O'Sullivan,9137,AAA,2010,Angels (AAA),0,0,15,15,85,4.76471,6.14118,3.28235,0.847059,4.64143,4.81882,,93.65589904785156,95.01329803466797,100.698974609375
션 오설리반,Sean Daniel O'Sullivan,9137,MLB,2010,- - -,0,0,19,14,83.2,5.48605,4.6255,3.33466,1.61355,5.52804,4.97814,-0.220593,132.11585998535156,134.46585083007812,119.47190856933594
션 오설리반,Sean Daniel O'Sullivan,9137,MLB,2010,Angels,1,1,5,1,13,2.07692,4.15385,2.76923,0.692308,4.07784,4.86273,0.0388284,52.14042663574219,100.05192565917969,116.68412780761719
션 오설리반,Sean Daniel O'Sullivan,9137,MLB,2010,Royals,1,0,14,13,70.2,6.1132,4.71226,3.43868,1.78302,5.79482,4.99937,-0.259421,146.82830810546875,140.7967071533203,119.98475646972656
션 오설리반,Sean Daniel O'Sullivan,9137,AAA,2011,Royals (AAA),0,0,14,14,74.2,4.21875,6.62947,1.92857,0.723214,4.15832,4.88197,,82.06867218017578,79.61726379394531,95.25225067138672
션 오설리반,Sean Daniel O'Sullivan,9137,MLB,2011,Royals,0,0,12,10,58.1,7.25143,2.93143,4.01143,1.54286,6.04253,5.66604,-0.571675,174.42738342285156,149.987548828125,139.65113830566406
션 오설리반,Sean Daniel O'Sullivan,9137,AAA,2012,Royals (AAA),1,0,17,5,53.1,6.75,4.3875,3.88125,1.0125,5.56155,5.86285,,143.48153686523438,116.35441589355469,124.99336242675781
션 오설리반,Sean Daniel O'Sullivan,9137,AAA,2012,Blue Jays (AAA),1,0,14,14,89.1,2.72015,4.43284,2.31716,0.503731,4.35063,4.96928,,54.70157241821289,91.28636169433594,105.9428939819336
션 오설리반,Sean Daniel O'Sullivan,9137,AAA,2013,Padres (AAA),0,0,20,20,115,3.83478,7.74783,2.42609,0.547826,3.57846,3.85154,,82.46861267089844,80.04581451416016,86.95175170898438
션 오설리반,Sean Daniel O'Sullivan,9137,MLB,2013,Padres,0,1,7,3,25,3.96,4.32,5.04,0,3.88785,5.63653,0.183393,111.25371551513672,105.3365707397461,150.04061889648438
션 오설리반,Sean Daniel O'Sullivan,9137,AAA,2014,Phillies (AAA),0,0,25,25,148.2,4.29821,5.69058,3.02691,1.02915,4.64916,4.42771,,104.40186309814453,115.15864562988281,109.66468811035156
션 오설리반,Sean Daniel O'Sullivan,9137,MLB,2014,Phillies,0,1,3,2,12.2,6.39472,4.97367,1.42105,2.13157,5.57961,4.06188,-0.0939298,176.63845825195312,147.85597229003906,110.08967590332031
션 오설리반,Sean Daniel O'Sullivan,9137,A,2015,Phillies (A),0,1,1,1,4.1,2.07692,10.3846,2.07692,0,2.56127,3.28229,,59.641517639160156,71.79364776611328,86.26123046875
션 오설리반,Sean Daniel O'Sullivan,9137,AAA,2015,Phillies (AAA),0,0,9,9,56.1,3.19527,6.5503,3.0355,0.47929,3.4588,3.89445,,86.21723175048828,95.83509826660156,107.6657943725586
션 오설리반,Sean Daniel O'Sullivan,9137,MLB,2015,Phillies,0,0,13,13,71,6.08451,4.43662,2.53521,2.02817,6.17585,5.36625,-0.653431,155.98037719726562,153.8067626953125,137.94859313964844
션 오설리반,Sean Daniel O'Sullivan,9137,AAA,2016,Red Sox (AAA),0,0,19,19,105.1,4.01582,7.26266,2.30696,0.598101,3.41607,3.59594,,116.23470306396484,93.52326965332031,98.69495391845703
션 오설리반,Sean Daniel O'Sullivan,9137,MLB,2016,Red Sox,0,1,5,4,21.1,6.75001,5.48438,2.53125,1.26563,4.88094,5.16084,0.139824,153.19134521484375,116.56900024414062,121.68952178955078
제이크 브리검,Jake Brigham,2851,R,2006,Rangers (R),0,0,14,11,58.1,3.70286,8.94857,2.93143,0.771429,4.54076,,,76.270751953125,97.5191421508789,
제이크 브리검,Jake Brigham,2851,A-,2007,Rangers (A-),0,0,15,15,77,3.15584,7.5974,3.97403,1.05195,5.28773,4.76863,,70.62918853759766,121.75469207763672,
제이크 브리검,Jake Brigham,2851,A,2009,Rangers (A),0,0,25,17,89.2,5.52045,8.13011,3.81413,1.00372,4.76099,4.10193,,140.86257934570312,122.2613754272461,110.46671295166016
제이크 브리검,Jake Brigham,2851,A,2010,Rangers (A),0,0,14,13,83,3.36145,7.26506,2.60241,0.542169,3.76978,3.51935,,83.44351959228516,94.17202758789062,92.15263366699219
제이크 브리검,Jake Brigham,2851,A+,2010,Rangers (A+),0,0,11,10,49.1,6.93243,7.11487,4.74324,0.912162,5.29483,5.48462,,150.8502960205078,113.56077575683594,119.77273559570312
제이크 브리검,Jake Brigham,2851,AA,2011,Rangers (AA),0,0,35,14,114.1,4.48688,8.97376,4.32945,1.02332,4.40969,4.1666,,102.60359954833984,98.92879486083984,94.67486572265625
제이크 브리검,Jake Brigham,2851,AA,2012,Cubs (AA),1,1,2,2,3.2,19.6363,7.36363,9.81817,2.45454,8.32595,6.45738,,490.4280700683594,210.32640075683594,167.61517333984375
제이크 브리검,Jake Brigham,2851,AA,2012,Rangers (AA),1,0,21,21,124,4.28226,8.41935,3.33871,1.37903,4.65914,3.83305,,105.67443084716797,111.87873840332031,95.07302856445312
제이크 브리검,Jake Brigham,2851,AA,2013,Rangers (AA),0,1,7,0,13.2,0,11.1951,4.60976,0,2.32465,3.36356,,0,59.620506286621094,88.90335845947266
제이크 브리검,Jake Brigham,2851,AAA,2013,Rangers (AAA),0,0,26,18,113.2,4.5132,6.17595,3.64223,0.554252,4.42314,5.03227,,102.97708129882812,99.31925201416016,113.60773468017578
제이크 브리검,Jake Brigham,2851,A-,2014,Pirates (A-),0,1,2,2,7,0,11.5714,3.85714,0,2.58413,2.9522,,0,72.62474060058594,83.36697387695312
제이크 브리검,Jake Brigham,2851,AAA,2014,Pirates (AAA),0,0,18,14,92.1,4.28881,6.8231,2.72924,1.16968,4.73313,4.34681,,109.76372528076172,120.19564056396484,107.66090393066406
제이크 브리검,Jake Brigham,2851,AA,2015,Braves (AA),0,0,12,12,65,3.04615,6.78462,1.93846,0.138462,2.82667,3.33693,,84.27342224121094,78.0120620727539,87.600830078125
제이크 브리검,Jake Brigham,2851,AAA,2015,Braves (AAA),0,1,8,3,26,4.5,6.92308,2.42308,0.346154,3.04164,3.32233,,126.17190551757812,84.9229736328125,91.84907531738281
제이크 브리검,Jake Brigham,2851,MLB,2015,Braves,0,1,12,0,16.2,8.63998,6.47999,4.31999,0.539999,4.09359,4.46462,-0.0147704,222.08277893066406,108.3783187866211,114.8956069946289
세스 프랭코프,Seth Frankoff,11346,R,2010,Athletics (R),0,1,8,4,27.2,2.27711,11.3855,4.55422,0,3.29282,3.65811,,57.656898498535156,82.72270965576172,92.4263916015625
세스 프랭코프,Seth Frankoff,11346,A-,2010,Athletics (A-),0,0,7,7,30,3.3,9.3,3.9,0,2.80096,3.66326,,90.37596130371094,76.38304138183594,98.84991455078125
세스 프랭코프,Seth Frankoff,11346,A-,2011,Athletics (A-),0,0,14,14,73,2.34247,7.76712,3.32877,0.123288,3.17277,3.62091,,65.54933166503906,85.98091888427734,96.47402954101562
세스 프랭코프,Seth Frankoff,11346,A,2011,Athletics (A),0,1,5,5,12,11.25,5.25,6.75,0,4.94337,5.84807,,284.55303955078125,125.84981536865234,154.9257049560547
세스 프랭코프,Seth Frankoff,11346,A,2012,Athletics (A),0,0,36,9,104.1,4.83067,7.24601,3.45048,0.948882,4.49139,4.04515,,118.80098724365234,111.17623901367188,104.19512939453125
세스 프랭코프,Seth Frankoff,11346,A+,2013,Athletics (A+),0,0,48,0,74.1,2.78475,11.2601,2.78475,0.726457,3.44892,3.45779,,60.395626068115234,71.89091491699219,74.29119873046875
세스 프랭코프,Seth Frankoff,11346,AA,2014,Athletics (AA),0,0,27,0,33.2,2.40594,12.5644,2.94059,0.80198,2.46667,2.06076,,62.43999481201172,67.25564575195312,55.80264663696289
세스 프랭코프,Seth Frankoff,11346,AAA,2014,Athletics (AAA),0,0,22,0,30.2,4.40217,6.45652,2.93478,0.880435,4.61342,4.80028,,106.15216064453125,104.66600799560547,103.47664642333984
세스 프랭코프,Seth Frankoff,11346,AA,2015,Athletics (AA),0,0,38,0,50,3.24,9,2.52,0.9,3.4367,3.00726,,76.8961410522461,87.52237701416016,75.87818908691406
세스 프랭코프,Seth Frankoff,11346,AAA,2015,Athletics (AAA),0,1,9,0,10.2,5.90625,5.90625,7.59375,1.6875,7.53688,6.03949,,149.7757568359375,184.76889038085938,138.0908966064453
세스 프랭코프,Seth Frankoff,11346,R,2016,Dodgers (R),0,1,3,0,6,1.5,16.5,1.5,0,0.956602,1.24868,,38.875362396240234,23.886241912841797,31.389568328857422
세스 프랭코프,Seth Frankoff,11346,AA,2016,Dodgers (AA),0,0,21,9,60.2,4.15385,8.60439,2.22527,0.296703,2.48995,3.02723,,111.73749542236328,64.57878875732422,81.6723403930664
세스 프랭코프,Seth Frankoff,11346,AAA,2016,Dodgers (AAA),0,1,4,1,7.1,3.68182,4.90909,2.45455,1.22727,5.22088,5.41744,,82.2059326171875,117.79398345947266,121.5157699584961
세스 프랭코프,Seth Frankoff,11346,AAA,2017,Cubs (AAA),0,0,24,21,116.2,4.39714,9.18,3.62571,1.38857,5.10078,4.29723,,96.2256851196289,111.37161254882812,90.84998321533203
세스 프랭코프,Seth Frankoff,11346,MLB,2017,Cubs,0,1,1,0,2,9,9,0,4.5,7.65764,3.82585,-0.0764565,208.1740264892578,176.61166381835938,88.53618621826172
팀 아델만,Timothy Max Adleman,10968,A-,2010,Orioles (A-),0,0,13,13,68,3.44118,8.20588,3.30882,0.794118,4.20779,3.75826,,89.05950164794922,108.48684692382812,99.00650024414062
팀 아델만,Timothy Max Adleman,10968,A,2011,Orioles (A),0,0,28,9,88.1,6.01132,7.33585,2.44528,1.01887,4.5238,4.11402,,153.02896118164062,111.992919921875,99.67161560058594
팀 아델만,Timothy Max Adleman,10968,A+,2014,Reds (A+),0,1,8,0,8,12.375,9,7.875,3.375,9.24266,6.14875,,264.2294921875,193.3801727294922,133.24880981445312
팀 아델만,Timothy Max Adleman,10968,AA,2014,Reds (AA),0,0,30,6,79,2.8481,7.86076,2.27848,0.797468,3.42744,3.17585,,73.42048645019531,87.49678802490234,82.38866424560547
팀 아델만,Timothy Max Adleman,10968,AA,2015,Reds (AA),0,0,27,26,150,2.64,6.78,2.94,0.42,3.42359,3.50943,,68.4454116821289,88.67852020263672,92.12928009033203
팀 아델만,Timothy Max Adleman,10968,R,2016,Reds (R),0,1,1,1,1.2,0,16.2,10.8,0,4.12327,4.47376,,0,103.69013977050781,112.46236419677734
팀 아델만,Timothy Max Adleman,10968,AAA,2016,Reds (AAA),0,0,10,10,56.2,2.38235,6.03529,1.58824,0.635294,3.381,3.52675,,65.53150939941406,92.67292785644531,96.79585266113281
팀 아델만,Timothy Max Adleman,10968,MLB,2016,Reds,0,0,13,13,69.2,4.00478,6.07177,2.58373,1.67943,5.29967,5.14511,0.136841,94.3138198852539,124.84915924072266,124.28724670410156
팀 아델만,Timothy Max Adleman,10968,AAA,2017,Reds (AAA),0,1,1,1,7,2.57143,7.71429,1.28571,1.28571,3.90897,2.57328,,64.53225708007812,98.05435180664062,64.81584167480469
팀 아델만,Timothy Max Adleman,10968,MLB,2017,Reds,0,0,30,20,122.1,5.51771,7.94551,3.75204,2.13352,5.87154,5.21808,-0.250734,124.26155090332031,132.74148559570312,120.61127471923828
리살베르토 보니야,Lisalverto Bonilla,11266,R,2009,Phillies (R),0,0,11,11,70,1.41429,9.77143,2.05714,0.257143,2.48884,2.49065,,40.29303741455078,68.41493225097656,66.7330551147461
리살베르토 보니야,Lisalverto Bonilla,11266,R,2010,Phillies (R),0,0,6,6,32.1,1.94845,10.5773,1.39175,0.835052,2.85917,2.15725,,52.06098937988281,78.00691986083984,59.64033126831055
리살베르토 보니야,Lisalverto Bonilla,11266,A-,2010,Phillies (A-),0,1,10,3,26.1,6.49367,6.1519,4.10127,1.70886,6.05478,4.55045,,175.94009399414062,160.15057373046875,119.8757095336914
리살베르토 보니야,Lisalverto Bonilla,11266,A,2011,Phillies (A),0,0,26,15,106,2.80189,8.06604,2.46226,0.679245,3.59362,3.49741,,72.98039245605469,92.10545349121094,84.73284912109375
리살베르토 보니야,Lisalverto Bonilla,11266,A+,2012,Phillies (A+),0,1,10,0,13.1,1.35,12.15,2.7,0,1.58969,1.97764,,34.32484817504883,39.79271697998047,51.33936309814453
리살베르토 보니야,Lisalverto Bonilla,11266,AA,2012,Phillies (AA),0,0,21,0,33,1.63636,12.5455,4.63636,0.272727,2.44333,2.72887,,41.071739196777344,59.057861328125,69.67626190185547
리살베르토 보니야,Lisalverto Bonilla,11266,AA,2013,Rangers (AA),0,0,21,0,30.1,0.296703,14.8352,2.67033,0,0.847562,1.35465,,7.664973258972168,21.73746681213379,35.80519104003906
리살베르토 보니야,Lisalverto Bonilla,11266,AAA,2013,Rangers (AAA),0,0,26,2,43,7.95349,11.7209,5.02326,1.67442,5.1279,3.69267,,181.473876953125,115.14443969726562,83.36520385742188
리살베르토 보니야,Lisalverto Bonilla,11266,AAA,2014,Rangers (AAA),0,0,39,6,74.2,4.09821,11.0893,3.01339,1.08482,3.8477,3.63745,,92.93693542480469,83.9350357055664,78.4101791381836
리살베르토 보니야,Lisalverto Bonilla,11266,MLB,2014,Rangers,0,1,5,3,20.2,3.04838,7.40321,5.2258,0.870966,4.63225,4.57027,0.168393,76.49987030029297,120.44538116455078,120.43376922607422
리살베르토 보니야,Lisalverto Bonilla,11266,AA,2016,Dodgers (AA),0,0,7,7,37.1,3.375,9.40179,3.13393,0.482143,2.9144,3.12829,,90.7868423461914,75.58724212646484,84.39875793457031
리살베르토 보니야,Lisalverto Bonilla,11266,AAA,2016,Dodgers (AAA),0,0,24,6,73.2,4.27602,9.65158,3.29864,0.488688,3.42224,3.82723,,95.47247314453125,77.21275329589844,85.84661102294922
리살베르토 보니야,Lisalverto Bonilla,11266,AAA,2017,Reds (AAA),0,0,18,8,62.2,3.59043,8.4734,3.30319,0.861702,3.8003,3.58467,,90.1048355102539,95.32859802246094,90.29073333740234
리살베르토 보니야,Lisalverto Bonilla,11266,MLB,2017,Reds,0,0,10,4,36.2,8.09999,6.87272,5.4,1.96363,6.43036,5.53452,-0.373434,182.41574096679688,145.3385467529297,127.90150451660156
타일러 윌슨,Tylor Wilson,12691,R,2011,Orioles (R),0,1,2,2,3,0,9,3,0,2.4196,3.27272,,0,64.27629089355469,86.01229858398438
타일러 윌슨,Tylor Wilson,12691,A-,2011,Orioles (A-),0,0,6,6,30,2.1,7.2,1.2,1.2,3.99789,2.90842,,55.142276763916016,105.1268310546875,77.49057006835938
타일러 윌슨,Tylor Wilson,12691,A,2012,Orioles (A),0,0,6,6,32,5.0625,8.15625,3.09375,1.125,4.51688,3.89567,,125.26818084716797,109.88008880615234,93.13707733154297
타일러 윌슨,Tylor Wilson,12691,A+,2012,Orioles (A+),0,0,19,19,111,3.48649,9.24324,1.54054,0.972973,3.41249,3.03366,,88.07818603515625,82.71830749511719,76.813720703125
타일러 윌슨,Tylor Wilson,12691,A+,2013,Orioles (A+),0,0,11,11,62.1,4.47594,6.93048,3.60963,0.57754,3.89486,3.97391,,112.28363800048828,92.91677856445312,99.96172332763672
타일러 윌슨,Tylor Wilson,12691,AA,2013,Orioles (AA),0,0,16,16,89.1,3.82836,7.05224,2.21642,1.3097,4.4555,4.15333,,94.05713653564453,108.67915344238281,103.49268341064453
타일러 윌슨,Tylor Wilson,12691,AA,2014,Orioles (AA),0,0,16,16,96.2,3.72414,8.47241,2.04828,0.931035,3.53059,3.27119,,90.37222290039062,85.44961547851562,81.71854400634766
타일러 윌슨,Tylor Wilson,12691,AAA,2014,Orioles (AAA),0,0,12,12,70,3.6,8.48571,2.7,1.02857,3.90054,3.44044,,92.767822265625,97.28632354736328,85.21215057373047
타일러 윌슨,Tylor Wilson,12691,AAA,2015,Orioles (AAA),0,0,17,17,94.1,3.24382,6.0106,1.71731,0.763251,3.62346,3.31619,,94.9080810546875,101.64005279541016,91.67919158935547
타일러 윌슨,Tylor Wilson,12691,MLB,2015,Orioles,0,0,9,5,36,3.5,3.25,2.75,0.25,3.77248,4.92804,0.420737,86.26094055175781,90.2371826171875,122.09153747558594
타일러 윌슨,Tylor Wilson,12691,AAA,2016,Orioles (AAA),0,1,6,6,23.2,4.56338,7.60563,1.14084,0.380282,2.40867,2.70809,,133.66441345214844,67.47262573242188,74.32694244384766
타일러 윌슨,Tylor Wilson,12691,MLB,2016,Orioles,0,0,24,13,94,5.26596,5.26596,2.29787,1.43617,4.94443,4.78363,0.423109,124.5521469116211,112.83827209472656,112.7251968383789
타일러 윌슨,Tylor Wilson,12691,AAA,2017,Orioles (AAA),0,0,20,20,114,4.73684,5.36842,2.76316,0.789474,4.39017,4.54127,,125.42200469970703,113.14869689941406,114.3854751586914
타일러 윌슨,Tylor Wilson,12691,MLB,2017,Orioles,0,1,9,1,15.1,7.04349,5.28262,2.34783,1.76087,5.50547,4.93415,-0.0711731,158.15878295898438,120.10799407958984,112.36730194091797
펠릭스 듀브론트,Felix Antonio Doubront,1478,R,2006,Red Sox (R),0,0,11,11,53.2,2.51553,6.03727,2.18012,1.00621,4.40771,,,68.77456665039062,122.1868896484375,
펠릭스 듀브론트,Felix Antonio Doubront,1478,A-,2006,Red Sox (A-),0,1,2,2,11,4.90909,5.72727,2.45455,0.818182,4.28419,,,147.5685272216797,131.0579376220703,
펠릭스 듀브론트,Felix Antonio Doubront,1478,A-,2007,Red Sox (A-),0,0,8,8,35,5.65714,6.42857,2.82857,0.514286,3.90743,3.95838,,146.7819366455078,103.17376708984375,
펠릭스 듀브론트,Felix Antonio Doubront,1478,A,2007,Red Sox (A),0,0,11,11,42.1,8.92914,4.67717,3.61417,1.70079,6.23173,5.0977,,204.45228576660156,140.63601684570312,
펠릭스 듀브론트,Felix Antonio Doubront,1478,A,2008,Red Sox (A),0,0,23,23,115.1,3.66763,9.20809,1.87283,0.702312,3.24873,3.38511,,90.50199127197266,79.0117416381836,84.1488265991211
펠릭스 듀브론트,Felix Antonio Doubront,1478,A+,2008,Red Sox (A+),0,1,3,3,14,3.85714,12.8571,2.57143,0.642857,2.71045,3.06366,,77.55292510986328,57.74843978881836,67.93939971923828
펠릭스 듀브론트,Felix Antonio Doubront,1478,AA,2009,Red Sox (AA),0,0,26,26,121,3.34711,7.5124,3.86777,0.595041,3.8485,4.00044,,83.38411712646484,98.35089874267578,102.6684799194336
펠릭스 듀브론트,Felix Antonio Doubront,1478,AA,2010,Red Sox (AA),0,0,8,8,43,2.51163,7.95349,3.55814,0,2.92264,4.01611,,57.67306900024414,69.00472259521484,95.3628921508789
펠릭스 듀브론트,Felix Antonio Doubront,1478,AAA,2010,Red Sox (AAA),0,0,9,8,37,3.16216,8.27027,3.89189,0.243243,3.39012,4.04416,,77.18253326416016,79.66022491455078,97.39070892333984
펠릭스 듀브론트,Felix Antonio Doubront,1478,MLB,2010,Red Sox,0,1,12,3,25,4.32,8.28,3.6,1.08,4.11784,4.16988,0.219363,99.39180755615234,100.00605773925781,99.94708251953125
펠릭스 듀브론트,Felix Antonio Doubront,1478,A-,2011,Red Sox (A-),0,1,1,1,2,0,18,0,0,-0.635445,-0.313514,,0,-17.13564682006836,-8.35313606262207
펠릭스 듀브론트,Felix Antonio Doubront,1478,AA,2011,Red Sox (AA),0,1,1,1,5,1.8,16.2,0,0,-0.189947,0.39542,,42.48177719116211,-4.652286052703857,9.744208335876465
펠릭스 듀브론트,Felix Antonio Doubront,1478,AAA,2011,Red Sox (AAA),0,0,18,16,70.1,4.22275,7.80569,3.32701,1.27962,4.54484,3.82328,,106.94536590576172,109.87638092041016,94.77257537841797
펠릭스 듀브론트,Felix Antonio Doubront,1478,MLB,2011,Red Sox,0,1,11,0,10.1,6.09679,5.22582,6.96776,0.870971,5.44475,5.28084,-0.119409,143.59298706054688,136.97938537597656,130.2170867919922
펠릭스 듀브론트,Felix Antonio Doubront,1478,MLB,2012,Red Sox,0,0,29,29,161,4.86335,9.3354,3.96894,1.34161,4.37396,3.81312,1.19461,114.39000701904297,108.141357421875,92.11321258544922
펠릭스 듀브론트,Felix Antonio Doubront,1478,MLB,2013,Red Sox,0,0,29,27,162.1,4.32444,7.70637,3.93635,0.720739,3.78091,4.13686,2.26319,103.21366882324219,97.41752624511719,104.28458404541016
펠릭스 듀브론트,Felix Antonio Doubront,1478,MLB,2013,Red Sox,1,1,4,0,7,1.28571,5.14286,3.85714,0,3.61928,5.57093,,30.68684196472168,93.28296661376953,140.19775390625
펠릭스 듀브론트,Felix Antonio Doubront,1478,AA,2014,Cubs (AA),1,1,1,1,4.1,6.23077,10.3846,6.23077,0,2.95617,4.41052,,159.9858856201172,75.7580795288086,114.41870880126953
펠릭스 듀브론트,Felix Antonio Doubront,1478,AA,2014,Red Sox (AA),1,1,1,1,4,4.5,4.5,0,0,2.35473,2.35473,,109.56774139404297,58.785186767578125,58.824092864990234
펠릭스 듀브론트,Felix Antonio Doubront,1478,AAA,2014,Red Sox (AAA),1,1,2,2,9.2,1.86207,12.1034,4.65517,0,2.21975,3.05658,,48.23979187011719,54.120826721191406,75.70482635498047
펠릭스 듀브론트,Felix Antonio Doubront,1478,AAA,2014,Cubs (AAA),1,1,2,2,10,5.4,9.9,2.7,0,2.70038,3.88442,,121.98033905029297,60.29884719848633,83.73396301269531
펠릭스 듀브론트,Felix Antonio Doubront,1478,MLB,2014,- - -,0,0,21,14,79.2,5.53557,5.76151,3.72804,1.35565,5.12807,4.82992,-0.248373,140.45217895507812,136.99951171875,128.158447265625
펠릭스 듀브론트,Felix Antonio Doubront,1478,MLB,2014,Red Sox,1,0,17,10,59.1,6.06742,6.52248,3.94382,1.51685,5.28956,4.88999,-0.29885,151.1099395751953,140.73944091796875,128.80450439453125
펠릭스 듀브론트,Felix Antonio Doubront,1478,MLB,2014,Cubs,1,1,4,4,20.1,3.98361,3.54099,3.09837,0.885247,4.65685,4.65464,0.0504775,109.35247039794922,126.08624267578125,126.27323150634766
펠릭스 듀브론트,Felix Antonio Doubront,1478,AAA,2015,Blue Jays (AAA),0,0,9,9,48,2.4375,8.0625,3.375,0.1875,2.76119,3.15225,,68.30368041992188,76.06243896484375,87.14697265625
펠릭스 듀브론트,Felix Antonio Doubront,1478,MLB,2015,- - -,0,0,16,12,75.1,5.49557,6.69026,3.10619,1.19469,4.44775,4.30877,0.526665,138.52178955078125,111.21009826660156,106.65787506103516
펠릭스 듀브론트,Felix Antonio Doubront,1478,MLB,2015,Blue Jays,1,1,5,4,22.2,4.7647,5.16176,1.98529,0.397058,3.35418,3.8223,0.402767,117.44203186035156,82.1534652709961,94.53417205810547
펠릭스 듀브론트,Felix Antonio Doubront,1478,MLB,2015,Athletics,1,0,11,8,52.2,5.81012,7.3481,3.58861,1.53797,4.9184,4.51813,0.123899,147.59410095214844,123.71549987792969,111.87567138671875
펠릭스 듀브론트,Felix Antonio Doubront,1478,AAA,2017,Athletics (AAA),0,0,29,2,42,3.85714,10.7143,4.07143,1.07143,4.38745,3.90972,,90.44146728515625,99.45360565185547,82.65733337402344
키버스 샘슨,Keyvius Sampson,10039,R,2009,Padres (R),0,1,2,1,3,3,9,0,0,3.33394,4.24448,,69.31974792480469,75.08787536621094,97.16886138916016
키버스 샘슨,Keyvius Sampson,10039,A-,2009,Padres (A-),0,1,2,1,5,3.6,9,5.4,0,3.55813,4.06568,,86.2958984375,84.1157455444336,95.06356811523438
키버스 샘슨,Keyvius Sampson,10039,A-,2010,Padres (A-),0,0,10,10,43,3.55814,12.1395,3.55814,0.837209,3.30484,2.73253,,105.23181915283203,90.66210174560547,73.73489379882812
키버스 샘슨,Keyvius Sampson,10039,A,2011,Padres (A),0,0,24,24,118,2.89831,10.9068,3.73729,0.610169,3.21597,3.25465,,74.90217590332031,83.48694610595703,86.22135162353516
키버스 샘슨,Keyvius Sampson,10039,AA,2012,Padres (AA),0,0,26,25,122.1,5.00273,8.97548,4.19346,0.809264,3.9504,4.04629,,133.25485229492188,102.45010375976562,100.36212158203125
키버스 샘슨,Keyvius Sampson,10039,AA,2013,Padres (AA),0,0,19,18,103.1,2.26452,9.58065,2.87419,0.783871,3.10474,3.23202,,62.85721969604492,85.67391967773438,85.42675018310547
키버스 샘슨,Keyvius Sampson,10039,AAA,2013,Padres (AAA),0,0,9,9,38,7.10526,5.92105,6.86842,1.18421,6.33292,6.14512,,152.80166625976562,141.65980529785156,138.73143005371094
키버스 샘슨,Keyvius Sampson,10039,AAA,2014,Padres (AAA),0,0,38,14,91.2,6.67636,9.22909,6.67636,1.86545,6.66765,5.32219,,138.7706756591797,141.1920623779297,114.7271728515625
키버스 샘슨,Keyvius Sampson,10039,AA,2015,Reds (AA),0,0,8,8,43.2,1.85496,8.45038,4.94656,0.412214,3.80741,4.00493,,48.092247009277344,98.62020111083984,105.13717651367188
키버스 샘슨,Keyvius Sampson,10039,AAA,2015,Reds (AAA),0,0,8,7,39,5.07692,7.61538,5.07692,0.230769,3.64421,4.26128,,137.8194122314453,99.94476318359375,117.80713653564453
키버스 샘슨,Keyvius Sampson,10039,MLB,2015,Reds,0,0,13,12,52.1,6.53504,7.22293,4.47134,1.20382,4.7578,4.96458,0.343668,166.01681518554688,119.89363861083984,127.67862701416016
키버스 샘슨,Keyvius Sampson,10039,AAA,2016,Reds (AAA),0,0,18,9,62.1,1.87701,8.95187,3.03209,0.433155,2.86442,3.20547,,51.630943298339844,78.51356506347656,87.97817993164062
키버스 샘슨,Keyvius Sampson,10039,MLB,2016,Reds,0,0,18,2,39.1,4.34746,9.61018,6.17797,2.05932,6.19741,5.34012,-0.240123,102.38400268554688,145.83900451660156,128.96165466308594
키버스 샘슨,Keyvius Sampson,10039,AAA,2017,Diamondbacks (AAA),1,0,12,9,42.2,6.75,9.70312,6.32812,1.05469,5.19734,4.98239,,132.78414916992188,108.89928436279297,105.33527374267578
키버스 샘슨,Keyvius Sampson,10039,AAA,2017,Marlins (AAA),1,0,14,6,36.1,4.95413,9.41285,7.43119,0.990826,5.785,5.77795,,113.54502868652344,124.99049377441406,122.15457153320312
제이슨 휠러,Jason Wheeler,13128,A,2012,Twins (A),0,0,27,27,156.2,3.44681,6.60638,2.47021,0.689362,3.81677,3.75258,,88.74091339111328,98.23094177246094,96.65916442871094
제이슨 휠러,Jason Wheeler,13128,A+,2013,Twins (A+),0,0,26,26,143.1,3.70465,5.71395,3.64186,1.00465,4.84561,4.37482,,101.3210220336914,131.27830505371094,118.13733673095703
제이슨 휠러,Jason Wheeler,13128,A+,2014,Twins (A+),0,0,13,13,79,2.50633,6.49367,2.16456,0.227848,3.0366,3.5675,,68.08059692382812,81.87938690185547,95.09698486328125
제이슨 휠러,Jason Wheeler,13128,AA,2014,Twins (AA),0,0,12,12,74.1,2.78475,6.65919,1.93722,1.08969,4.25607,4.08079,,70.09630584716797,108.87153625488281,101.94347381591797
제이슨 휠러,Jason Wheeler,13128,AAA,2014,Twins (AAA),0,1,1,1,5,3.6,5.4,3.6,0,3.35768,5.58226,,89.81109619140625,84.33051300048828,138.2602996826172
제이슨 휠러,Jason Wheeler,13128,AA,2015,Twins (AA),0,0,10,10,59.2,3.92179,7.5419,2.41341,1.05587,4.10806,3.48102,,98.22233581542969,106.58645629882812,91.38352966308594
제이슨 휠러,Jason Wheeler,13128,AAA,2015,Twins (AAA),0,0,15,15,78,6.57692,4.61538,2.76923,1.26923,5.0801,4.44609,,180.37680053710938,141.40528869628906,122.91649627685547
제이슨 휠러,Jason Wheeler,13128,AA,2016,Twins (AA),0,1,4,4,24,1.875,8.25,1.125,0,1.9867,2.93725,,48.32466125488281,53.04429244995117,79.34917449951172
제이슨 휠러,Jason Wheeler,13128,AAA,2016,Twins (AAA),0,0,24,24,145.1,3.52982,6.99771,2.29128,0.805046,3.60272,3.81469,,96.41262817382812,99.8362045288086,104.69884490966797
제이슨 휠러,Jason Wheeler,13128,AA,2017,Dodgers (AA),0,1,1,0,1,0,0,0,0,3.31467,6.77177,,0,80.93719482421875,172.00399780273438
제이슨 휠러,Jason Wheeler,13128,AAA,2017,Orioles (AAA),1,0,13,6,41,3.07317,7.2439,2.41463,1.09756,4.26437,4.0738,,81.37134552001953,109.9063720703125,102.61083984375
제이슨 휠러,Jason Wheeler,13128,AAA,2017,Twins (AAA),1,0,8,7,44,4.5,7.56818,2.04545,1.02273,3.81481,3.88611,,112.81407165527344,96.845947265625,97.88343048095703
제이슨 휠러,Jason Wheeler,13128,AAA,2017,Dodgers (AAA),1,1,3,1,8.2,10.3846,3.11538,2.07692,1.03846,5.22078,6.07753,,218.53720092773438,111.02265930175781,128.4879150390625
제이슨 휠러,Jason Wheeler,13128,MLB,2017,Twins,0,1,2,0,3,9,0,12,3,11.491,8.93645,-0.124031,203.77183532714844,260.5249328613281,203.83023071289062
데이비드 헤일,David E. Hale,9756,R,2009,Braves (R),0,1,7,1,16,1.125,6.75,2.8125,0,3.46685,4.05395,,29.648061752319336,89.74248504638672,99.51991271972656
데이비드 헤일,David E. Hale,9756,A,2010,Braves (A),0,0,28,7,93.2,4.13167,6.62989,4.22776,0.0960854,3.71962,4.38504,,107.22601318359375,98.70257568359375,114.82030487060547
데이비드 헤일,David E. Hale,9756,A+,2011,Braves (A+),0,0,28,13,101,4.09901,7.66337,2.67327,0.80198,3.87417,3.57401,,108.18679809570312,103.31246948242188,94.84537506103516
데이비드 헤일,David E. Hale,9756,AA,2012,Braves (AA),0,0,27,27,145.2,3.76888,7.66133,4.13959,0.679634,4.00913,4.01032,,104.04385375976562,107.94551086425781,104.0969009399414
데이비드 헤일,David E. Hale,9756,AAA,2013,Braves (AAA),0,0,22,20,114.2,3.21802,6.04361,2.82558,0.627907,3.89385,3.98142,,82.96958923339844,101.08124542236328,103.07799530029297
데이비드 헤일,David E. Hale,9756,MLB,2013,Braves,0,1,2,2,11,0.818182,11.4545,0.818182,0,0.775127,1.27191,0.573386,22.216005325317383,20.542255401611328,33.29091262817383
데이비드 헤일,David E. Hale,9756,MLB,2013,Braves,1,1,1,0,0.1,0,0,0,0,3.04785,3.04785,,0,82.9764404296875,80.79583740234375
데이비드 헤일,David E. Hale,9756,MLB,2014,Braves,0,0,45,6,87.1,3.29771,4.53435,4.01909,0.515267,4.31164,4.61463,-0.0257822,90.51407623291016,120.20166778564453,125.18092346191406
데이비드 헤일,David E. Hale,9756,A+,2015,Rockies (A+),0,1,1,1,2.1,0,11.5714,3.85715,0,2.49302,2.49302,,0,62.06560516357422,58.55595779418945
데이비드 헤일,David E. Hale,9756,AAA,2015,Rockies (AAA),0,0,11,11,50,6.66,6.66,3.78,0.72,4.53939,4.4576,,135.6378936767578,98.50318145751953,101.92154693603516
데이비드 헤일,David E. Hale,9756,MLB,2015,Rockies,0,0,17,12,78.1,6.08936,7.00851,2.29787,1.60851,4.74211,4.01996,0.386426,134.6938934326172,114.292236328125,103.52674102783203
데이비드 헤일,David E. Hale,9756,AAA,2016,Orioles (AAA),1,0,20,20,94,5.84043,5.3617,2.20213,0.957447,4.15859,3.82155,,171.07015991210938,116.4922103881836,104.88701629638672
데이비드 헤일,David E. Hale,9756,AAA,2016,Rockies (AAA),1,1,2,2,6,1.5,10.5,3,0,2.38755,3.39042,,29.968917846679688,50.825103759765625,76.04875946044922
데이비드 헤일,David E. Hale,9756,MLB,2016,Rockies,0,1,2,0,2,13.5,4.5,9,4.5,11.6466,8.47776,-0.093739,280.04107666015625,262.9473571777344,204.16868591308594
데이비드 헤일,David E. Hale,9756,AA,2017,Dodgers (AA),0,1,6,5,29,3.72414,6.51724,2.17241,0.931035,4.14226,3.91006,,94.31526184082031,101.14507293701172,99.31614685058594
데이비드 헤일,David E. Hale,9756,AAA,2017,Dodgers (AAA),0,0,9,9,52.2,4.27215,6.66456,1.1962,0.683544,3.68281,4.42772,,89.90483093261719,78.3169174194336,93.60874938964844
로건 베렛,Scott Logan Verrett,12905,A,2012,Mets (A),0,0,11,11,64.2,3.06186,9.32474,1.25258,0.974227,3.47113,2.95801,,79.74227905273438,88.12133026123047,70.71971893310547
로건 베렛,Scott Logan Verrett,12905,A+,2012,Mets (A+),0,0,6,6,38.2,2.09483,6.05172,0.931034,0.931034,3.70004,3.44451,,52.19566345214844,93.94413757324219,89.4195556640625
로건 베렛,Scott Logan Verrett,12905,AA,2013,Mets (AA),0,0,24,24,146,4.25342,8.13699,1.91096,1.29452,4.08517,3.30705,,108.12213897705078,102.40644073486328,82.4052505493164
로건 베렛,Scott Logan Verrett,12905,AAA,2014,Mets (AAA),0,0,28,28,162,4.33333,6.61111,1.88889,0.944444,4.3547,4.41167,,88.1091079711914,91.34565734863281,95.09969329833984
로건 베렛,Scott Logan Verrett,12905,AAA,2015,Mets (AAA),0,0,18,11,64.2,4.59278,7.37629,2.64433,0.835052,4.09423,4.04245,,99.05216979980469,91.09435272216797,92.42929077148438
로건 베렛,Scott Logan Verrett,12905,MLB,2015,- - -,0,0,18,4,47.2,3.58741,7.36363,2.83217,1.13287,4.20352,4.14603,0.143118,92.99161529541016,107.2425765991211,105.86900329589844
로건 베렛,Scott Logan Verrett,12905,MLB,2015,Rangers,1,1,4,0,9,6,3,4,1,5.2447,4.94801,-0.0724382,142.90330505371094,127.5575180053711,122.58924102783203
로건 베렛,Scott Logan Verrett,12905,MLB,2015,Mets,1,0,14,4,38.2,3.02586,8.3793,2.56034,1.16379,3.96118,3.95936,0.215556,81.37425231933594,102.51409912109375,101.97722625732422
로건 베렛,Scott Logan Verrett,12905,AAA,2016,Mets (AAA),0,1,2,2,12,1.5,3.75,6,0.75,5.97088,6.49215,,31.7077693939209,130.83155822753906,145.62188720703125
로건 베렛,Scott Logan Verrett,12905,MLB,2016,Mets,0,0,35,12,91.2,5.20363,6.48,4.22182,1.57091,5.51383,4.97091,-0.736948,132.9847412109375,135.41250610351562,120.11188507080078
로건 베렛,Scott Logan Verrett,12905,AAA,2017,Orioles (AAA),0,0,40,2,60,5.1,7.35,3.3,1.35,4.9542,4.38317,,135.03768920898438,127.68568420410156,110.40339660644531
로건 베렛,Scott Logan Verrett,12905,MLB,2017,Orioles,0,1,4,0,10.2,4.21874,7.59373,2.53124,2.53124,6.53263,5.37783,-0.236446,94.73001861572266,142.58641052246094,122.50660705566406
왕웨이중,Wei-Chung Wang,14382,R,2013,Pirates (R),0,0,12,11,47.1,3.23239,7.98592,0.760563,0.380282,2.55163,2.44252,,93.41349029541016,72.31956481933594,68.7726058959961
왕웨이중,Wei-Chung Wang,14382,R,2014,Brewers (R),0,1,2,2,3.2,0,7.36363,0,0,2.3922,2.91306,,0,59.37117385864258,72.9587173461914
왕웨이중,Wei-Chung Wang,14382,A,2014,Brewers (A),0,1,3,3,13.2,3.29268,6.58536,2.63415,0,2.89953,3.97073,,87.00626373291016,76.4515151977539,105.19457244873047
왕웨이중,Wei-Chung Wang,14382,A+,2014,Brewers (A+),0,1,2,1,9.2,1.86207,8.37931,0,0,1.52896,2.326,,51.45853805541992,41.370025634765625,62.00293731689453
왕웨이중,Wei-Chung Wang,14382,MLB,2014,Brewers,0,1,14,0,17.1,10.9039,6.75001,4.15385,3.11539,7.68995,5.2578,-0.42394,289.2229309082031,200.9491729736328,142.74093627929688
왕웨이중,Wei-Chung Wang,14382,A+,2015,Brewers (A+),0,0,25,25,139.2,3.54415,5.86396,2.51313,0.579952,3.58061,3.40702,,114.20426940917969,112.96708679199219,105.89712524414062
왕웨이중,Wei-Chung Wang,14382,AAA,2015,Brewers (AAA),0,1,1,1,6,0,7.5,0,0,1.93272,2.11842,,0,42.52185821533203,48.43697738647461
왕웨이중,Wei-Chung Wang,14382,AA,2016,Brewers (AA),0,0,19,19,107.1,3.52174,7.63043,2.76708,0.586957,3.42252,3.384,,97.70340728759766,90.57078552246094,91.41802978515625
왕웨이중,Wei-Chung Wang,14382,AAA,2016,Brewers (AAA),0,1,5,5,26,4.84615,7.96154,0.692308,0.692308,3.18242,3.66359,,88.851318359375,68.68692016601562,82.17599487304688
왕웨이중,Wei-Chung Wang,14382,AAA,2017,Brewers (AAA),0,0,47,0,57,2.05263,7.57895,1.89474,0.947368,4.03657,4.0776,,35.47116470336914,82.1158676147461,86.20670318603516
왕웨이중,Wei-Chung Wang,14382,MLB,2017,Brewers,0,1,8,0,1.1,13.5003,13.5003,0,6.75017,9.90781,2.82584,-0.0472434,308.04693603515625,226.7620849609375,65.49739837646484
앙헬 산체스,Angel Luis Sanchez,11776,A,2011,Dodgers (A),0,0,20,16,99,2.81818,7.63636,3.54545,0.454545,3.62267,3.7759,,76.8344955444336,97.55966186523438,100.03023529052734
앙헬 산체스,Angel Luis Sanchez,11776,A+,2012,Dodgers (A+),0,0,27,23,130,6.57692,7.13077,3.53077,1.8,6.12186,5.07645,,143.70960998535156,131.5103759765625,107.1550521850586
앙헬 산체스,Angel Luis Sanchez,11776,A,2013,Dodgers (A),0,0,14,14,72,4.875,8.75,3.5,0.75,3.72695,3.60921,,129.7986297607422,98.06683349609375,93.9508285522461
앙헬 산체스,Angel Luis Sanchez,11776,A+,2013,Marlins (A+),1,0,10,10,50.1,3.21854,7.50993,3.75497,0.89404,4.17473,3.71259,,90.34516906738281,117.12435913085938,100.25444030761719
앙헬 산체스,Angel Luis Sanchez,11776,A+,2013,Dodgers (A+),1,1,2,1,9,3,12,2,0,1.77179,3.09602,,66.72216796875,38.74130630493164,66.51854705810547
앙헬 산체스,Angel Luis Sanchez,11776,A+,2014,White Sox (A+),0,1,2,2,12.2,4.26316,6.39474,2.13158,0.710526,4.07017,3.59683,,105.01648712158203,102.62721252441406,91.55753326416016
앙헬 산체스,Angel Luis Sanchez,11776,AA,2014,Pirates (AA),1,0,6,5,33.1,4.32,5.67,2.7,1.35,4.94473,4.16798,,108.0210952758789,126.34963989257812,104.12144470214844
앙헬 산체스,Angel Luis Sanchez,11776,AA,2014,Rays (AA),1,1,2,2,9,8,6,2,2,5.40916,3.72068,,205.5073699951172,138.60488891601562,96.5227279663086
앙헬 산체스,Angel Luis Sanchez,11776,AA,2014,Marlins (AA),1,0,12,12,52.1,6.87898,5.15924,3.09554,0.343949,3.74108,4.34528,,183.77316284179688,98.35709381103516,112.72610473632812
앙헬 산체스,Angel Luis Sanchez,11776,AA,2014,White Sox (AA),1,1,3,3,15,6.6,5.4,3,1.2,4.72027,3.88725,,172.97793579101562,122.93119049072266,100.84375762939453
앙헬 산체스,Angel Luis Sanchez,11776,AA,2015,Pirates (AA),0,0,13,13,77.1,2.7931,5.70259,2.21121,0.465517,3.48848,3.64148,,75.62126159667969,96.68571472167969,99.13542938232422
앙헬 산체스,Angel Luis Sanchez,11776,AAA,2015,Pirates (AAA),0,0,10,10,60,2.55,7.5,2.25,0.9,3.69036,3.25817,,73.77651977539062,105.96856689453125,90.07527923583984
앙헬 산체스,Angel Luis Sanchez,11776,AAA,2017,Pirates (AAA),0,0,39,0,55.1,3.74096,10.5723,2.43976,0.650602,2.79537,2.86711,,100.43949127197266,74.09736633300781,72.21688842773438
앙헬 산체스,Angel Luis Sanchez,11776,MLB,2017,Pirates,0,1,8,0,12.1,8.75678,7.29732,0.729732,3.64866,7.04954,4.23113,-0.254284,205.53875732421875,163.08303833007812,97.87334442138672
덱 맥과이어,William Deck McGuire,11596,A+,2011,Blue Jays (A+),0,0,19,18,104.2,2.75159,8.7707,3.26752,0.773885,3.81822,3.78181,,67.6905517578125,95.52484130859375,96.08417510986328
덱 맥과이어,William Deck McGuire,11596,AA,2011,Blue Jays (AA),0,1,4,3,20.2,4.35484,9.58064,3.04839,1.74194,4.95844,3.43366,,105.99578857421875,121.82350158691406,84.61458587646484
덱 맥과이어,William Deck McGuire,11596,AA,2012,Blue Jays (AA),0,0,28,28,144,5.875,6.0625,3.875,1.375,5.25646,4.68593,,146.94046020507812,133.1705780029297,119.64601135253906
덱 맥과이어,William Deck McGuire,11596,AA,2013,Blue Jays (AA),0,0,27,26,157.1,4.86229,8.18008,3.375,0.686441,3.6999,4.0469,,117.84384155273438,91.35892486572266,100.84064483642578
덱 맥과이어,William Deck McGuire,11596,AA,2014,Blue Jays (AA),0,0,10,10,60.1,2.98343,7.01105,2.53591,0.447514,3.4376,4.13503,,70.92122650146484,84.62581634521484,103.2983627319336
덱 맥과이어,William Deck McGuire,11596,AAA,2014,Athletics (AAA),1,0,7,6,34.2,8.04808,4.15385,4.15385,1.29808,6.03692,6.05941,,194.0679473876953,136.96121215820312,130.61898803710938
덱 맥과이어,William Deck McGuire,11596,AAA,2014,Blue Jays (AAA),1,0,10,10,55,5.56364,6.21818,3.76364,1.96364,6.12132,4.64544,,139.67361450195312,151.06866455078125,115.05732727050781
덱 맥과이어,William Deck McGuire,11596,AA,2015,Dodgers (AA),0,0,18,9,71,3.5493,8.3662,2.40845,0.633803,3.15586,3.45154,,89.2911605834961,76.54822540283203,87.08830261230469
덱 맥과이어,William Deck McGuire,11596,AAA,2015,Dodgers (AAA),0,0,12,9,65.2,3.83756,7.26396,2.32995,0.822335,4.0867,4.17144,,87.34160614013672,93.98918914794922,95.37866973876953
덱 맥과이어,William Deck McGuire,11596,AA,2016,Cardinals (AA),0,1,1,1,7,0,10.2857,3.85714,0,2.61082,4.61981,,0,67.9030990600586,124.63884735107422
덱 맥과이어,William Deck McGuire,11596,AAA,2016,Cardinals (AAA),0,0,26,26,134,5.10448,7.45522,3.35821,1.47761,5.42984,4.84023,,124.74723815917969,122.73919677734375,108.56871032714844
덱 맥과이어,William Deck McGuire,11596,AA,2017,Reds (AA),0,0,28,27,168,2.78571,9.10714,3.05357,0.696429,3.18452,3.23508,,76.73523712158203,87.98832702636719,89.89161682128906
덱 맥과이어,William Deck McGuire,11596,MLB,2017,Reds,0,1,6,2,13.2,2.63414,7.24388,1.31707,0.658535,3.15764,5.46033,0.280979,59.32210159301758,71.56490325927734,126.19230651855469
덱 맥과이어,William Deck McGuire,11596,AAA,2018,Rangers (AAA),1,1,1,0,1.2,26.9999,0,21.6,5.39999,18.7453,15.6408,,633.4298095703125,414.9293518066406,339.1957702636719
덱 맥과이어,William Deck McGuire,11596,AAA,2018,Angels (AAA),1,1,6,3,11,4.90909,8.18182,4.09091,1.63636,5.92715,5.46066,,103.57689666748047,127.67321014404297,118.42518615722656
덱 맥과이어,William Deck McGuire,11596,AAA,2018,Blue Jays (AAA),1,0,8,8,44.2,3.22388,8.0597,3.82836,0.604478,3.82561,4.03028,,84.44862365722656,99.0922622680664,104.67845153808594
덱 맥과이어,William Deck McGuire,11596,MLB,2018,- - -,0,0,21,4,38,6.15789,7.81579,6.15789,2.13158,6.94991,5.73989,-0.683808,144.6447296142578,162.0067596435547,135.26840209960938
덱 맥과이어,William Deck McGuire,11596,MLB,2018,Blue Jays,1,1,4,0,8.1,6.48003,7.56003,5.40002,2.16001,6.40044,5.46057,-0.111015,150.62701416015625,149.55300903320312,128.72714233398438
덱 맥과이어,William Deck McGuire,11596,MLB,2018,Angels,1,1,17,4,29.2,6.06741,7.88763,6.37078,2.12359,7.10425,5.81835,-0.572793,142.96432495117188,165.50498962402344,137.1058349609375
저스틴 헤일리,Justin Case Haley,13572,A-,2012,Red Sox (A-),0,0,13,12,33.1,1.89,8.91,4.32,0.27,3.36253,3.46043,,53.57893371582031,95.59115600585938,97.83594512939453
저스틴 헤일리,Justin Case Haley,13572,A,2013,Red Sox (A),0,0,26,24,124.2,3.68182,8.95187,5.34225,0.721925,4.31519,4.07105,,96.02605438232422,112.3511734008789,107.95745849609375
저스틴 헤일리,Justin Case Haley,13572,A+,2014,Red Sox (A+),0,0,19,11,92.2,2.81655,7.18705,2.23381,0.388489,3.42041,3.77471,,70.04328918457031,87.73609161376953,96.08540344238281
저스틴 헤일리,Justin Case Haley,13572,AA,2014,Red Sox (AA),0,0,6,6,37.2,1.19469,7.88495,3.82301,0.477876,3.72641,3.66924,,29.088754653930664,93.02886962890625,91.66223907470703
저스틴 헤일리,Justin Case Haley,13572,AA,2015,Red Sox (AA),0,0,27,27,124,5.15323,6.89516,3.62903,0.508065,3.8251,3.87595,,135.908203125,103.82170867919922,105.51862335205078
저스틴 헤일리,Justin Case Haley,13572,AA,2016,Red Sox (AA),0,0,12,12,61.1,2.20109,8.65761,2.78804,0.146739,2.67277,3.61176,,54.73912048339844,67.41156768798828,91.31304931640625
저스틴 헤일리,Justin Case Haley,13572,AAA,2016,Red Sox (AAA),0,0,15,14,85.1,3.58594,7.06641,2.74219,0.84375,3.80204,3.64873,,103.79203033447266,104.09034729003906,100.14390563964844
저스틴 헤일리,Justin Case Haley,13572,R,2017,Twins (R),0,1,1,1,1,0,9,0,0,1.42453,1.42453,,0,37.60165023803711,37.65768051147461
저스틴 헤일리,Justin Case Haley,13572,A+,2017,Twins (A+),0,1,1,1,2,0,9,4.5,0,2.8106,3.22582,,0,78.85405731201172,91.92959594726562
저스틴 헤일리,Justin Case Haley,13572,AAA,2017,Red Sox (AAA),1,0,7,7,44,2.65909,7.15909,1.43182,1.43182,4.36026,3.64709,,70.17052459716797,109.48966979980469,91.86282348632812
저스틴 헤일리,Justin Case Haley,13572,AAA,2017,Twins (AAA),1,1,5,4,17.1,3.63462,5.71154,1.55769,1.55769,4.83754,3.78088,,91.11923217773438,122.80982971191406,95.23274993896484
저스틴 헤일리,Justin Case Haley,13572,MLB,2017,Twins,0,1,10,0,18,6,7,3,1.5,4.93542,4.25109,-0.0492493,135.84788513183594,111.67497253417969,96.75767517089844
저스틴 헤일리,Justin Case Haley,13572,AAA,2018,Red Sox (AAA),0,0,22,22,113.2,3.80059,8.47214,2.6129,0.791789,3.54421,3.37868,,103.4190902709961,91.77174377441406,87.75464630126953
저스틴 헤일리,Justin Case Haley,13572,MLB,2018,Red Sox,0,1,4,0,7.2,4.69563,0,3.52172,2.34782,7.72563,7.13489,-0.16574,105.31414794921875,183.45834350585938,167.93753051757812
벤 라이블리,Bennett Lively,14932,R,2013,Reds (R),0,0,12,12,37,0.72973,11.9189,2.91892,0,2.49441,3.36727,,15.862606048583984,53.529457092285156,68.53421783447266
벤 라이블리,Bennett Lively,14932,A,2013,Reds (A),0,1,1,1,4,2.25,15.75,2.25,0,0.588061,1.19437,,59.109310150146484,15.370704650878906,31.09033966064453
벤 라이블리,Bennett Lively,14932,A+,2014,Reds (A+),0,0,13,13,79,2.27848,10.8228,1.82278,0.683544,2.97051,3.35093,,48.64984893798828,62.15071487426758,72.61748504638672
벤 라이블리,Bennett Lively,14932,AA,2014,Reds (AA),0,0,13,13,72,3.875,9.5,4.5,0.875,4.00638,3.9304,,99.89265441894531,102.27609252929688,101.96327209472656
벤 라이블리,Bennett Lively,14932,AA,2015,Phillies (AA),0,0,25,25,143.2,4.13457,6.9536,2.81903,0.87703,4.07608,3.77914,,109.0355453491211,104.31001281738281,102.88317108154297
벤 라이블리,Bennett Lively,14932,AA,2016,Phillies (AA),0,0,9,9,53,1.86792,8.32076,2.54717,0.169811,2.60283,3.67016,,45.19923400878906,61.85773849487305,92.78958892822266
벤 라이블리,Bennett Lively,14932,AAA,2016,Phillies (AAA),0,0,19,19,117.2,3.05949,6.88385,2.06516,0.764873,3.50918,3.68914,,80.00103759765625,95.07948303222656,101.25308990478516
벤 라이블리,Bennett Lively,14932,AAA,2017,Phillies (AAA),0,0,16,16,97,3.15464,7.60825,2.04124,0.278351,2.853,3.95618,,76.37191009521484,71.8237533569336,99.64833068847656
벤 라이블리,Bennett Lively,14932,MLB,2017,Phillies,0,0,15,15,88.2,4.26316,5.27819,2.43609,1.31955,4.97343,5.57513,0.901252,97.968017578125,112.26058197021484,128.83714294433594
벤 라이블리,Bennett Lively,14932,R,2018,Phillies (R),1,1,1,1,1,0,18,0,0,-0.342822,-0.342822,,0,-9.038329124450684,-8.687162399291992
벤 라이블리,Bennett Lively,14932,R,2018,Phillies (R),1,1,2,0,3,0,12,3,0,1.99051,2.60499,,0,50.16522979736328,66.01082611083984
벤 라이블리,Bennett Lively,14932,AAA,2018,Phillies (AAA),0,0,11,8,52,2.42308,8.13461,2.59615,0.519231,3.19846,3.5506,,61.05461883544922,83.16791534423828,92.21991729736328
벤 라이블리,Bennett Lively,14932,MLB,2018,- - -,0,0,10,5,30.1,5.63735,8.01097,4.45054,1.18681,4.87471,5.28394,0.174453,139.56686401367188,116.70451354980469,128.87753295898438
벤 라이블리,Bennett Lively,14932,MLB,2018,Phillies,1,1,5,5,23.2,6.84506,8.36619,3.80281,1.52112,5.14634,5.18233,0.123611,170.1656494140625,123.12212371826172,127.70580291748047
벤 라이블리,Bennett Lively,14932,MLB,2018,Royals,1,1,5,0,6.2,1.34999,6.74997,6.74997,0,3.91043,5.64462,0.0508422,30.941539764404297,93.92207336425781,133.03717041015625
케이시 켈리,Casey Patrick Kelly,9174,A,2009,Red Sox (A),0,0,9,9,48.1,1.11724,7.26207,1.67586,0,2.42329,3.15678,,29.701892852783203,63.83481979370117,85.01347351074219
케이시 켈리,Casey Patrick Kelly,9174,A+,2009,Red Sox (A+),0,0,8,8,46.2,3.08571,6.75,1.35,0.771428,3.474,3.32338,,77.1399154663086,88.18682098388672,83.38727569580078
케이시 켈리,Casey Patrick Kelly,9174,AA,2010,Red Sox (AA),0,0,21,21,95,5.30526,7.67368,3.31579,0.947368,4.19608,3.99352,,121.82170867919922,99.07115936279297,94.82637786865234
케이시 켈리,Casey Patrick Kelly,9174,AA,2011,Padres (AA),0,0,27,27,142.1,3.98361,6.63934,2.90866,0.505855,3.77107,4.14069,,97.17613220214844,89.3215103149414,94.08627319335938
케이시 켈리,Casey Patrick Kelly,9174,R,2012,Padres (R),0,1,3,3,9,4,7,0,0,3.15348,3.85613,,84.54657745361328,65.65709686279297,81.6610107421875
케이시 켈리,Casey Patrick Kelly,9174,AA,2012,Padres (AA),0,1,3,3,16.2,3.78,9.72,1.62,0.54,2.62011,2.92435,,100.6855697631836,67.95004272460938,72.53397369384766
케이시 켈리,Casey Patrick Kelly,9174,AAA,2012,Padres (AAA),0,1,2,2,12,2.25,10.5,0,0,1.58446,2.08061,,45.69451904296875,33.47021484375,44.357688903808594
케이시 켈리,Casey Patrick Kelly,9174,MLB,2012,Padres,0,1,6,6,29,6.2069,8.06897,3.10345,1.55172,4.78411,3.85909,-0.0666093,170.5294189453125,126.5757064819336,98.7476577758789
케이시 켈리,Casey Patrick Kelly,9174,A+,2014,Padres (A+),0,1,2,2,8.1,4.32,9.72,0,0,1.58266,2.72256,,100.76213836669922,36.5108757019043,59.00017547607422
케이시 켈리,Casey Patrick Kelly,9174,AA,2014,Padres (AA),0,1,2,2,12,0.75,6,0.75,0,2.5368,3.63462,,21.594444274902344,71.86190032958984,98.42076873779297
케이시 켈리,Casey Patrick Kelly,9174,AA,2015,Padres (AA),0,0,27,14,82,4.93902,6.58537,3.73171,0.768293,4.26012,4.14728,,132.64830017089844,112.60539245605469,104.6428451538086
케이시 켈리,Casey Patrick Kelly,9174,AAA,2015,Padres (AAA),0,1,4,3,15.2,6.31915,8.04255,2.87234,0,3.15258,3.86377,,139.31732177734375,70.80970764160156,88.34382629394531
케이시 켈리,Casey Patrick Kelly,9174,MLB,2015,Padres,0,1,3,2,11.1,7.9412,5.55884,2.38236,0.79412,4.10419,4.3894,0.00852809,213.25155639648438,107.8000259399414,112.9724349975586
케이시 켈리,Casey Patrick Kelly,9174,AAA,2016,Braves (AAA),0,0,15,12,74,3.52703,5.71622,3.40541,0.72973,4.20977,4.17004,,97.7166519165039,117.16346740722656,114.45178985595703
케이시 켈리,Casey Patrick Kelly,9174,MLB,2016,Braves,0,1,10,1,21.2,5.81538,2.90769,2.90769,0.415384,4.34656,6.28339,0.215235,140.13258361816406,108.10829162597656,151.5712127685547
케이시 켈리,Casey Patrick Kelly,9174,AAA,2017,Cubs (AAA),1,0,12,11,60,4.65,6.45,3.45,1.35,5.58745,4.81757,,101.7591552734375,121.99761199951172,101.85065460205078
케이시 켈리,Casey Patrick Kelly,9174,AAA,2017,Giants (AAA),1,0,7,7,41,4.17073,8.56098,3.29268,1.53659,5.20859,4.38396,,94.93314361572266,112.43850708007812,92.6835708618164
케이시 켈리,Casey Patrick Kelly,9174,AAA,2018,Giants (AAA),0,0,24,24,136,4.76471,7.34559,2.51471,1.25735,4.85562,4.65063,,110.81959533691406,106.98081970214844,100.8580551147461
케이시 켈리,Casey Patrick Kelly,9174,MLB,2018,Giants,0,1,7,3,23.2,3.04225,6.0845,1.90141,1.14084,4.21677,4.45312,0.149582,78.06303405761719,108.63500213623047,109.61073303222656
제이콥 터너,Jacob Edward Turner,10185,A,2010,Tigers (A),0,0,11,10,54,3.66667,8.5,1.5,0.666667,3.26926,3.37242,,90.117431640625,81.36209106445312,81.7498779296875
제이콥 터너,Jacob Edward Turner,10185,A+,2010,Tigers (A+),0,0,13,13,61.1,2.93478,7.4837,2.05435,0.440217,3.42619,3.60268,,79.5721664428711,92.9367904663086,98.03319549560547
제이콥 터너,Jacob Edward Turner,10185,AA,2011,Tigers (AA),0,0,17,17,113.2,3.48387,7.1261,2.53372,0.71261,3.88513,3.9201,,82.89728546142578,90.91454315185547,96.60192108154297
제이콥 터너,Jacob Edward Turner,10185,AAA,2011,Tigers (AAA),0,1,3,3,17.1,3.11539,10.3846,1.55769,0.519231,2.19832,2.8603,,78.94921875,55.73215866088867,70.90193176269531
제이콥 터너,Jacob Edward Turner,10185,MLB,2011,Tigers,0,1,3,3,12.2,8.52629,5.6842,2.8421,2.13157,6.02538,4.73164,-0.116828,204.2982940673828,147.7726287841797,116.76634979248047
제이콥 터너,Jacob Edward Turner,10185,A+,2012,Tigers (A+),0,1,4,4,21.2,1.66154,7.06154,2.90769,0.415385,3.52815,3.54204,,43.865989685058594,91.66934204101562,91.95148468017578
제이콥 터너,Jacob Edward Turner,10185,AAA,2012,Tigers (AAA),1,0,10,10,62.2,3.15957,5.74468,3.44681,0.287234,3.54436,4.08764,,83.26945495605469,93.65583801269531,104.2215576171875
제이콥 터너,Jacob Edward Turner,10185,AAA,2012,Marlins (AAA),1,1,5,5,27.1,1.97561,5.26829,3.95122,0.658537,4.76536,5.29532,,47.201866149902344,104.49173736572266,112.89387512207031
제이콥 터너,Jacob Edward Turner,10185,MLB,2012,- - -,0,0,10,10,55,4.41818,5.89091,2.61818,1.47273,4.78536,4.3399,0.216975,110.51980590820312,122.31124877929688,109.35861206054688
제이콥 터너,Jacob Edward Turner,10185,MLB,2012,Tigers,1,1,3,3,12.1,8.02705,5.10812,5.10812,2.91893,7.87825,5.56678,-0.315645,192.51168823242188,189.92564392089844,135.01983642578125
제이콥 터너,Jacob Edward Turner,10185,MLB,2012,Marlins,1,0,7,7,42.2,3.375,6.11718,1.89844,1.05469,3.89133,3.98526,0.532619,86.81910705566406,102.76653289794922,101.9409408569336
제이콥 터너,Jacob Edward Turner,10185,AAA,2013,Marlins (AAA),0,0,10,10,56.1,4.47337,5.59172,2.23669,1.11834,4.84787,4.29916,,113.18760681152344,112.3422622680664,97.05718994140625
제이콥 터너,Jacob Edward Turner,10185,MLB,2013,Marlins,0,0,20,20,118,3.73729,5.87288,4.11864,0.838983,4.42921,4.71085,0.284147,101.59903717041016,121.51763153076172,125.27955627441406
제이콥 터너,Jacob Edward Turner,10185,A+,2014,Marlins (A+),0,1,2,2,11,2.45455,8.18182,0.818182,0.818182,3.02739,2.2913,,67.35567474365234,84.1913070678711,61.07795715332031
제이콥 터너,Jacob Edward Turner,10185,MLB,2014,- - -,0,0,28,18,113,6.13274,5.65487,2.62832,0.955752,4.1588,4.04704,0.464246,169.57638549804688,115.0695571899414,109.68450927734375
제이콥 터너,Jacob Edward Turner,10185,MLB,2014,Marlins,1,0,20,12,78.1,5.97447,6.20426,2.64255,0.919149,4.00034,3.90338,0.405999,165.775634765625,111.88208770751953,105.76216125488281
제이콥 터너,Jacob Edward Turner,10185,MLB,2014,Cubs,1,0,8,6,34.2,6.49038,4.41346,2.59615,1.03846,4.51687,4.37167,0.058247,178.16461181640625,122.2719955444336,118.54750061035156
제이콥 터너,Jacob Edward Turner,10185,AA,2015,Cubs (AA),0,1,2,2,9,2,7,2,1,3.85915,3.23912,,51.90986251831055,100.34605407714844,85.032958984375
제이콥 터너,Jacob Edward Turner,10185,AAA,2016,White Sox (AAA),0,0,18,18,107,4.71028,7.14953,2.43925,0.841121,3.6926,3.46566,,118.43773651123047,93.93012237548828,95.11927795410156
제이콥 터너,Jacob Edward Turner,10185,MLB,2016,White Sox,0,1,18,2,24.2,6.56756,6.56756,5.83783,1.82432,6.51142,5.15925,-0.467963,158.3806915283203,153.46334838867188,121.65174865722656
제이콥 터너,Jacob Edward Turner,10185,AAA,2017,Nationals (AAA),0,0,14,14,65.2,5.20812,7.26396,4.52284,0.685279,4.40353,4.61806,,129.85186767578125,111.43376922607422,116.31981658935547
제이콥 터너,Jacob Edward Turner,10185,MLB,2017,Nationals,0,0,18,2,39,5.07692,5.30769,3.46154,1.84615,5.87559,5.44383,-0.406461,114.5527114868164,133.0941162109375,125.812255859375
제이콥 터너,Jacob Edward Turner,10185,AAA,2018,Tigers (AAA),1,0,15,15,82.1,3.49798,6.34008,3.17004,0.65587,4.07396,4.03152,,93.70198822021484,110.4509048461914,104.71063995361328
제이콥 터너,Jacob Edward Turner,10185,AAA,2018,Marlins (AAA),1,1,11,0,21.2,5.81538,7.06154,3.32308,1.66154,6.09918,5.26433,,136.72276306152344,135.17823791503906,114.16717529296875
제이콥 터너,Jacob Edward Turner,10185,MLB,2018,- - -,0,1,5,1,6.2,20.2499,4.04998,8.09996,2.69999,8.8604,8.67654,-0.28867,509.6872253417969,219.7674560546875,213.1110076904297
제이콥 터너,Jacob Edward Turner,10185,MLB,2018,Marlins,1,1,4,0,5.2,15.8823,3.17645,7.94113,1.58823,7.3957,8.89057,-0.170638,417.04547119140625,188.72569274902344,219.7240447998047
제이콥 터너,Jacob Edward Turner,10185,MLB,2018,Tigers,1,1,1,1,1,45,9,9,9,17.1604,7.46366,-0.118031,999,395.67181396484375,175.63690185546875
조 윌랜드,Joseph Andrew Wieland,6109,R,2008,Rangers (R),0,0,13,7,43.2,1.44275,8.45038,1.64885,0.412214,3.65819,3.5643,,31.44758415222168,83.13877868652344,81.96849060058594
조 윌랜드,Joseph Andrew Wieland,6109,A,2009,Rangers (A),0,0,19,18,83,5.31325,7.91566,2.60241,0.759036,3.86401,3.49849,,135.57577514648438,99.22696685791016,94.21590423583984
조 윌랜드,Joseph Andrew Wieland,6109,A,2010,Rangers (A),0,0,15,15,89,3.33708,7.17978,1.51685,0.404494,3.11228,3.33759,,82.83863067626953,77.74701690673828,87.39328002929688
조 윌랜드,Joseph Andrew Wieland,6109,A+,2010,Rangers (A+),0,0,11,10,59,5.18644,9.45763,1.52542,0.915254,3.56453,3.83652,,112.8572998046875,76.45011138916016,83.78153228759766
조 윌랜드,Joseph Andrew Wieland,6109,A+,2011,Rangers (A+),0,0,14,13,85.2,2.10117,10.0856,0.420234,0.735409,2.26174,2.21135,,55.926185607910156,59.79844284057617,58.68373489379883
조 윌랜드,Joseph Andrew Wieland,6109,AA,2011,Padres (AA),1,1,5,5,26,2.76923,6.23077,2.07692,0,2.91609,4.59476,,67.55261993408203,69.07042694091797,104.4036636352539
조 윌랜드,Joseph Andrew Wieland,6109,AA,2011,Rangers (AA),1,0,7,7,44,1.22727,7.36364,2.25,0.409091,3.08217,3.92082,,28.064613342285156,69.14659118652344,89.09033203125
조 윌랜드,Joseph Andrew Wieland,6109,AAA,2012,Padres (AAA),0,1,2,2,7.2,3.52174,12.913,2.34783,0,1.58084,2.04679,,71.52154541015625,33.39387130737305,43.63673782348633
조 윌랜드,Joseph Andrew Wieland,6109,MLB,2012,Padres,0,1,5,5,27.2,4.55421,7.80722,2.92771,1.6265,4.79325,4.14207,0.00771937,125.12323760986328,126.81534576416016,105.90969848632812
조 윌랜드,Joseph Andrew Wieland,6109,R,2014,Padres (R),0,1,3,3,6,3,15,1.5,0,1.19523,1.51353,,75.07652282714844,29.862422943115234,37.90689468383789
조 윌랜드,Joseph Andrew Wieland,6109,AA,2014,Padres (AA),0,1,2,2,9,2,6,1,1,3.56458,3.2461,,57.585182189941406,100.97650909423828,87.90020751953125
조 윌랜드,Joseph Andrew Wieland,6109,AAA,2014,Padres (AAA),0,1,4,4,23.2,3.42253,7.60563,1.52113,0.380282,3.06658,3.96259,,71.13858032226562,64.93687438964844,85.41898345947266
조 윌랜드,Joseph Andrew Wieland,6109,MLB,2014,Padres,0,1,4,2,11.1,7.14708,6.35296,3.9706,2.38236,6.4852,4.89796,-0.295897,204.94447326660156,179.7872772216797,132.91644287109375
조 윌랜드,Joseph Andrew Wieland,6109,AAA,2015,Dodgers (AAA),0,0,22,21,113.2,4.59238,7.28446,1.97947,0.554252,3.52021,3.94491,,104.52088165283203,80.96062469482422,90.19918060302734
조 윌랜드,Joseph Andrew Wieland,6109,MLB,2015,Dodgers,0,1,2,2,8.2,8.30766,4.15383,5.19229,2.07692,6.94127,5.64398,-0.153306,222.4059295654297,181.67367553710938,145.04945373535156
조 윌랜드,Joseph Andrew Wieland,6109,AAA,2016,Mariners (AAA),0,0,26,24,124.1,5.42895,8.54156,2.82306,1.08579,4.45278,4.24919,,131.0987091064453,100.44561767578125,95.31131744384766
조 윌랜드,Joseph Andrew Wieland,6109,MLB,2016,Mariners,0,1,1,1,5,10.8,5.4,0,1.8,4.54656,3.61216,0.0266395,270.0011291503906,108.9476318359375,84.88507843017578
제이크 톰슨,Jake Thompson,14371,R,2012,Tigers (R),0,1,7,7,28.1,1.90588,9.84706,3.17647,0.317647,2.86905,2.74941,,56.26221466064453,83.53341674804688,80.07003021240234
제이크 톰슨,Jake Thompson,14371,A,2013,Tigers (A),0,0,17,16,83.1,3.132,9.828,3.456,0.432,3.32606,3.48783,,82.18009948730469,87.87357330322266,90.79117584228516
제이크 톰슨,Jake Thompson,14371,A+,2014,Tigers (A+),0,0,16,16,83,3.14458,8.56627,2.71084,0.325301,3.11392,3.53856,,85.05827331542969,81.40714263916016,94.3255386352539
제이크 톰슨,Jake Thompson,14371,AA,2014,Rangers (AA),1,0,7,6,35.2,3.28037,11.1028,4.54206,0.757009,3.34444,3.04652,,85.41517639160156,88.27890014648438,82.49580383300781
제이크 톰슨,Jake Thompson,14371,AA,2014,Tigers (AA),1,1,2,2,11,2.45455,5.72727,3.27273,0,3.44564,4.3995,,60.93904113769531,84.81509399414062,109.90510559082031
제이크 톰슨,Jake Thompson,14371,AA,2015,Phillies (AA),1,0,7,7,45,1.8,6.8,2.4,0.6,3.42421,3.33598,,47.46902084350586,87.62816619873047,90.81851959228516
제이크 톰슨,Jake Thompson,14371,AA,2015,Rangers (AA),1,0,17,17,87.2,4.72243,8.00761,3.07985,0.718631,3.82142,3.70376,,114.19068908691406,94.38964080810547,93.45218658447266
제이크 톰슨,Jake Thompson,14371,AAA,2016,Phillies (AAA),0,0,21,21,129.2,2.49871,6.03856,2.56812,0.694087,3.82476,3.89839,,65.33760833740234,103.63007354736328,106.99607849121094
제이크 톰슨,Jake Thompson,14371,MLB,2016,Phillies,0,0,10,10,53.2,5.70186,5.36646,4.69565,1.67702,6.16519,5.63603,-0.351168,137.68272399902344,145.9945526123047,136.0543670654297
제이크 톰슨,Jake Thompson,14371,AAA,2017,Phillies (AAA),0,0,22,22,118.1,5.24789,6.84507,3.57465,0.912676,4.40233,4.57495,,127.04822540283203,110.82772064208984,115.23383331298828
제이크 톰슨,Jake Thompson,14371,MLB,2017,Phillies,0,0,11,8,46.1,3.88489,6.79857,4.27338,1.7482,5.92023,5.54498,-0.0827922,89.27550506591797,133.55865478515625,128.1424560546875
제이크 톰슨,Jake Thompson,14371,AAA,2018,Brewers (AAA),1,1,5,0,5.1,1.6875,10.125,5.0625,0,3.74533,4.72355,,29.91393280029297,78.1568603515625,102.43954467773438
제이크 톰슨,Jake Thompson,14371,AAA,2018,Phillies (AAA),1,0,28,4,47,4.59574,9.38298,4.97872,0.957447,4.41818,3.91317,,115.79964447021484,114.8837661743164,101.63673400878906
제이크 톰슨,Jake Thompson,14371,MLB,2018,Phillies,0,1,9,0,16.1,4.95919,7.7143,6.06124,0.551022,4.26247,5.18559,-0.0087187,123.28369903564453,101.82765197753906,127.78658294677734
브록 다익손,Brock D. Dykxhoorn,sa658513,R,2014,Astros (R),0,0,12,4,31.1,4.30851,10.3404,2.29787,0.574468,2.86626,2.96121,,120.77253723144531,78.31079864501953,79.3597640991211
브록 다익손,Brock D. Dykxhoorn,sa658513,A,2015,Astros (A),0,0,22,18,109,3.88073,7.76147,2.14679,0.66055,3.42259,3.30274,,108.62419128417969,96.59359741210938,91.98165893554688
브록 다익손,Brock D. Dykxhoorn,sa658513,A+,2016,Astros (A+),0,0,24,21,123.2,5.02156,6.62264,2.25606,1.5283,5.34798,4.80095,,103.2208251953125,115.63977813720703,109.99532318115234
브록 다익손,Brock D. Dykxhoorn,sa658513,AA,2017,Astros (AA),0,0,25,16,99.1,4.62081,7.61074,3.62416,0.815436,4.16031,4.45578,,121.80644989013672,105.19612884521484,113.1776351928711
브록 다익손,Brock D. Dykxhoorn,sa658513,AA,2018,Astros (AA),0,0,11,9,52.2,3.07595,7.86076,3.93038,1.02532,4.61,4.9229,,76.3094711303711,110.10811614990234,117.88140106201172
브록 다익손,Brock D. Dykxhoorn,sa658513,AAA,2018,Astros (AAA),0,0,14,12,74.1,4.6009,9.56502,1.93722,0.96861,3.74533,4.04824,,104.09093475341797,82.91773986816406,87.79401397705078
워릭 서폴드,Warwick Anthony Saupold,13211,A,2012,Tigers (A),0,0,28,1,58,2.7931,9,1.55172,0.465517,2.74737,2.88428,,73.11332702636719,72.28330993652344,74.29338836669922
워릭 서폴드,Warwick Anthony Saupold,13211,A+,2012,Tigers (A+),0,0,7,5,31,3.77419,6.96774,3.19355,0.580645,3.93808,4.00517,,99.64198303222656,102.32012939453125,103.97423553466797
워릭 서폴드,Warwick Anthony Saupold,13211,AA,2013,Tigers (AA),0,0,22,22,129,3.27907,5.72093,3.55814,0.837209,4.63498,4.42915,,79.68378448486328,112.05967712402344,110.36554718017578
워릭 서폴드,Warwick Anthony Saupold,13211,AA,2014,Tigers (AA),0,0,27,27,140,5.01429,8.03571,4.17857,1.02857,4.59758,4.04529,,124.48975372314453,113.17054748535156,101.05657958984375
워릭 서폴드,Warwick Anthony Saupold,13211,AA,2015,Tigers (AA),0,0,23,15,103.1,4.00645,6.18387,3.13548,0.435484,3.65575,3.85538,,107.83335876464844,98.26115417480469,104.95857238769531
워릭 서폴드,Warwick Anthony Saupold,13211,AAA,2015,Tigers (AAA),0,1,6,3,20.1,4.42623,10.1803,2.65574,0.442623,2.56686,2.62196,,124.62930297851562,73.50646209716797,72.48658752441406
워릭 서폴드,Warwick Anthony Saupold,13211,A+,2016,Tigers (A+),0,1,2,2,5.2,1.58823,1.58823,6.35294,0,5.01748,5.43617,,43.964202880859375,132.90948486328125,151.66555786132812
워릭 서폴드,Warwick Anthony Saupold,13211,AAA,2016,Tigers (AAA),0,0,18,11,74.1,2.30045,6.05381,2.66368,0.363229,3.31721,3.60321,,63.58060073852539,93.97899627685547,98.8945541381836
워릭 서폴드,Warwick Anthony Saupold,13211,MLB,2016,Tigers,0,1,6,0,9.2,7.44825,9.31031,2.79309,0,2.31898,3.5251,0.167951,176.49127197265625,53.49424743652344,82.81600952148438
워릭 서폴드,Warwick Anthony Saupold,13211,AAA,2017,Tigers (AAA),0,0,7,7,40.1,2.90083,7.36364,3.79339,0.446281,3.68464,4.21653,,74.97789764404297,96.60092163085938,106.20603942871094
워릭 서폴드,Warwick Anthony Saupold,13211,MLB,2017,Tigers,0,0,45,0,62.2,4.88298,6.31915,4.45213,1.29255,5.39168,5.56839,-0.318789,110.34481048583984,121.28015899658203,126.86151885986328
워릭 서폴드,Warwick Anthony Saupold,13211,AAA,2018,Tigers (AAA),0,0,15,8,53.1,4.89375,7.25625,2.86875,1.0125,4.36432,3.97642,,131.09130859375,118.32296752929688,103.27954864501953
워릭 서폴드,Warwick Anthony Saupold,13211,MLB,2018,Tigers,0,0,31,0,34.1,4.45632,4.19418,3.40777,1.57282,5.81092,5.31897,-0.523624,102.46160125732422,134.53439331054688,125.4109878540039
채드 벨,Chadwick Micah Bell,10297,A-,2010,Rangers (A-),0,0,8,8,44.1,3.24812,9.54135,2.43609,0.609023,3.1744,2.80956,,88.36231994628906,85.4786376953125,75.81348419189453
채드 벨,Chadwick Micah Bell,10297,A,2010,Rangers (A),0,0,26,4,60.1,2.98343,7.45856,2.68508,0.745856,3.83169,3.59574,,74.0596923828125,95.71846771240234,94.1528549194336
채드 벨,Chadwick Micah Bell,10297,A+,2011,Rangers (A+),0,0,32,9,81.2,2.97551,7.60408,2.53469,0.220408,2.77755,3.43817,,79.19832611083984,73.43602752685547,91.24049377441406
채드 벨,Chadwick Micah Bell,10297,A+,2012,Rangers (A+),0,1,4,0,11.1,1.58824,9.52941,3.17647,0,2.32664,2.88522,,40.33499526977539,58.69302749633789,73.05499267578125
채드 벨,Chadwick Micah Bell,10297,AA,2012,Rangers (AA),0,0,13,7,50.2,2.8421,7.10526,2.30921,0.532895,3.29984,3.5555,,70.13534545898438,79.2383041381836,88.18869018554688
채드 벨,Chadwick Micah Bell,10297,AAA,2012,Rangers (AAA),0,0,14,14,80.1,4.14523,6.49793,4.14523,0.560166,4.52672,5.12574,,89.31795501708984,95.98873901367188,109.27852630615234
채드 벨,Chadwick Micah Bell,10297,A,2014,Rangers (A),0,1,6,6,26.1,4.10127,4.78481,2.39241,1.70886,5.78886,4.56766,,98.65478515625,138.615966796875,114.5091323852539
채드 벨,Chadwick Micah Bell,10297,A+,2014,Rangers (A+),0,0,13,13,61.1,3.52174,5.28261,2.93478,0.586957,4.26754,4.53636,,89.91361236572266,108.22759246826172,115.47322082519531
채드 벨,Chadwick Micah Bell,10297,AAA,2014,Rangers (AAA),0,1,1,0,0.1,135.001,0,27.0003,0,12.7005,16.6473,,999,277.0699768066406,358.8806457519531
채드 벨,Chadwick Micah Bell,10297,AA,2015,Rangers (AA),0,0,27,23,141.1,4.58491,7.51415,2.67453,0.700472,3.63633,3.55598,,110.86526489257812,89.81784057617188,89.72344970703125
채드 벨,Chadwick Micah Bell,10297,AAA,2016,Rangers (AAA),1,1,5,2,18,1.5,9.5,2.5,0,2.4431,3.11169,,35.32053756713867,55.16315460205078,69.79657745361328
채드 벨,Chadwick Micah Bell,10297,AAA,2016,Tigers (AAA),1,0,28,10,80.1,3.6971,7.73029,4.25726,0.448133,3.55512,3.71057,,102.1816177368164,100.71915435791016,101.84127044677734
채드 벨,Chadwick Micah Bell,10297,AAA,2017,Tigers (AAA),0,0,7,7,34.1,3.40777,8.12621,2.62136,0.786408,3.6288,3.6978,,88.08084106445312,95.13681030273438,93.1402587890625
채드 벨,Chadwick Micah Bell,10297,MLB,2017,Tigers,0,0,28,4,62.1,6.93048,8.22995,4.47594,1.73262,5.4678,4.93418,-0.291764,156.61412048339844,122.99784851074219,112.36808013916016
채드 벨,Chadwick Micah Bell,10297,AAA,2018,Braves (AAA),1,0,28,1,46.1,6.21583,9.32374,2.71942,0.971223,3.63523,3.61773,,161.18344116210938,95.53033447265625,93.96334838867188
채드 벨,Chadwick Micah Bell,10297,AAA,2018,Tigers (AAA),1,1,4,3,10.1,4.35484,6.09678,3.48387,2.6129,6.91372,5.24712,,116.65553283691406,187.4409942626953,136.28359985351562
채드 벨,Chadwick Micah Bell,10297,MLB,2018,Tigers,0,1,3,0,7.1,8.59095,8.59095,2.45456,1.22728,3.84225,3.64607,0.0354674,197.52694702148438,89.23794555664062,86.2337417602539
드류 루친스키,Andrew James Rucinski,12499,R,2011,Indians (R),0,1,5,0,8.1,4.32,10.8,2.16,0,2.69576,3.19302,,95.52963256835938,58.286231994628906,67.52230072021484
드류 루친스키,Andrew James Rucinski,12499,A-,2011,Indians (A-),0,1,15,0,25.1,2.84211,10.6579,1.77632,1.06579,3.71982,2.68866,,75.97915649414062,97.26871490478516,71.6353530883789
드류 루친스키,Andrew James Rucinski,12499,A,2011,Indians (A),0,1,2,0,3.1,0,18.9,8.10001,0,2.76004,3.2611,,0,71.13226318359375,86.392333984375
드류 루친스키,Andrew James Rucinski,12499,A+,2013,Angels (A+),0,1,5,5,29,1.86207,6.51724,1.24138,0,2.84075,4.27915,,43.4813232421875,64.69085693359375,91.93814849853516
드류 루친스키,Andrew James Rucinski,12499,AA,2014,Angels (AA),0,0,26,26,148.2,3.14798,8.47534,2.48206,0.423767,2.79727,3.08492,,91.60565948486328,79.97400665283203,83.5356674194336
드류 루친스키,Andrew James Rucinski,12499,MLB,2014,Angels,0,1,3,0,7.1,4.90911,9.81823,2.45456,0,2.1777,3.52603,0.096319,134.6317596435547,59.52389144897461,93.09354400634766
드류 루친스키,Andrew James Rucinski,12499,AAA,2015,Angels (AAA),0,0,22,22,112.1,5.68843,6.97033,3.52522,1.68249,5.7893,4.52943,,123.89776611328125,130.7418670654297,103.56410217285156
드류 루친스키,Andrew James Rucinski,12499,MLB,2015,Angels,0,1,4,1,7,7.71429,5.14286,7.71429,1.28571,6.84788,6.67722,-0.204668,198.8271026611328,173.15658569335938,165.6851806640625
드류 루친스키,Andrew James Rucinski,12499,AAA,2016,Cubs (AAA),0,0,28,28,155,5.92258,6.73548,2.49677,0.929032,4.49507,4.81468,,137.4481964111328,104.28987884521484,107.99542999267578
드류 루친스키,Andrew James Rucinski,12499,AAA,2017,Twins (AAA),0,0,37,2,63,2.57143,8.14286,1.42857,0.428571,2.67087,3.05611,,64.4651870727539,67.80494689941406,76.97742462158203
드류 루친스키,Andrew James Rucinski,12499,MLB,2017,Twins,0,1,2,0,4.1,10.3847,10.3847,4.15388,4.15388,8.2346,4.28704,-0.0906474,235.12315368652344,186.58599853515625,97.5792465209961
드류 루친스키,Andrew James Rucinski,12499,A+,2018,Marlins (A+),0,1,2,0,3,0,6,0,0,2.14557,2.4381,,0,60.07805252075195,64.18685913085938
드류 루친스키,Andrew James Rucinski,12499,AAA,2018,Marlins (AAA),0,1,14,0,25,2.52,7.56,2.16,0,2.90533,3.94876,,59.246620178222656,64.39192199707031,85.63667297363281
드류 루친스키,Andrew James Rucinski,12499,MLB,2018,Marlins,0,0,32,0,35.1,4.33019,6.87736,3.31132,0.509434,3.81138,4.75831,0.123215,113.70468139648438,96.8134765625,117.1838150024414
에디 버틀러,Timothy Edward Butler,13453,R,2012,Rockies (R),0,0,13,12,67.2,2.12808,7.31527,1.72906,0.133005,3.58004,4.19968,,42.84980392456055,70.45442962646484,83.5353775024414
에디 버틀러,Timothy Edward Butler,13453,A,2013,Rockies (A),0,0,9,9,54.1,1.65644,8.44785,4.1411,0.331288,3.6282,3.51301,,37.99467849731445,89.32525634765625,93.15906524658203
에디 버틀러,Timothy Edward Butler,13453,A+,2013,Rockies (A+),0,0,13,13,67.2,2.39409,8.91133,2.7931,0.931035,4.15603,3.93843,,53.366214752197266,94.63117980957031,84.61775207519531
에디 버틀러,Timothy Edward Butler,13453,AA,2013,Rockies (AA),0,1,6,6,27.2,0.650602,8.13253,1.95181,0,2.00816,2.90626,,17.1038818359375,51.29985427856445,76.81627655029297
에디 버틀러,Timothy Edward Butler,13453,A+,2014,Rockies (A+),0,1,1,1,4,6.75,4.5,4.5,0,4.24266,6.3206,,152.58883666992188,97.45291137695312,136.97291564941406
에디 버틀러,Timothy Edward Butler,13453,AA,2014,Rockies (AA),0,0,18,18,108,3.58333,5.25,2.66667,0.833333,4.10162,3.91128,,96.5107421875,107.34492492675781,105.91246795654297
에디 버틀러,Timothy Edward Butler,13453,AAA,2014,Rockies (AAA),0,1,1,1,5.1,10.125,6.75,5.0625,0,3.88788,5.12125,,196.51953125,82.3886489868164,110.39583587646484
에디 버틀러,Timothy Edward Butler,13453,MLB,2014,Rockies,0,1,3,3,16,6.75,1.6875,3.9375,1.125,5.69475,5.22846,-0.0742766,156.80319213867188,143.47007751464844,141.93992614746094
에디 버틀러,Timothy Edward Butler,13453,AAA,2015,Rockies (AAA),0,0,11,11,63.1,5.4,5.25789,3.55263,0.852632,4.98886,4.79524,,109.97672271728516,108.25662994384766,109.64177703857422
에디 버틀러,Timothy Edward Butler,13453,MLB,2015,Rockies,0,0,16,16,79.1,5.89916,4.9916,4.76471,1.47479,5.8941,5.17752,-0.336222,130.48670959472656,141.88766479492188,133.12303161621094
에디 버틀러,Timothy Edward Butler,13453,AAA,2016,Rockies (AAA),0,0,15,15,89,4.44944,3.53933,2.62921,0.910112,5.12538,5.29818,,88.89656829833984,109.10681915283203,118.84061431884766
에디 버틀러,Timothy Edward Butler,13453,MLB,2016,Rockies,0,0,17,9,64,7.17188,6.60938,2.95312,1.82812,5.44344,4.46841,-0.030818,148.77182006835938,123.37910461425781,108.06734466552734
에디 버틀러,Timothy Edward Butler,13453,AAA,2017,Cubs (AAA),0,0,8,8,45.2,2.16788,5.91241,2.36496,0.19708,3.61129,4.84732,,47.44124984741211,78.84978485107422,102.47974395751953
에디 버틀러,Timothy Edward Butler,13453,MLB,2017,Cubs,0,0,13,11,54.2,3.95122,4.93902,4.60975,0.658536,4.65764,5.59369,0.620043,91.39341735839844,107.575439453125,129.26473999023438
에디 버틀러,Timothy Edward Butler,13453,AAA,2018,Cubs (AAA),0,1,5,5,13.1,8.1,6.075,3.375,2.7,7.87033,4.94855,,179.8178253173828,175.6719512939453,107.31903839111328
에디 버틀러,Timothy Edward Butler,13453,MLB,2018,- - -,0,0,30,0,49.2,5.61745,5.25503,3.44295,1.99329,6.1403,5.02356,-0.780912,125.75430297851562,141.90277099609375,120.1117172241211
에디 버틀러,Timothy Edward Butler,13453,MLB,2018,Cubs,1,1,8,0,17.2,4.07546,5.60376,3.56603,0.509433,3.83968,4.50614,0.0873471,102.1502685546875,95.53014373779297,110.92646026611328
에디 버틀러,Timothy Edward Butler,13453,MLB,2018,Rangers,1,0,22,0,32,6.46875,5.0625,3.375,2.8125,7.41043,5.30922,-0.868259,138.7857208251953,167.50436401367188,125.18275451660156
크리스천 프리드릭,Christian Louis Patrick Friedrich,7942,A-,2008,Rockies (A-),0,0,8,8,36,3.25,12.5,2,0.5,2.23004,2.17648,,82.24931335449219,57.89807891845703,52.76255798339844
크리스천 프리드릭,Christian Louis Patrick Friedrich,7942,A,2008,Rockies (A),0,1,3,3,12,7.5,11.25,5.25,1.5,4.96887,3.88332,,168.95738220214844,118.14409637451172,96.53374481201172
크리스천 프리드릭,Christian Louis Patrick Friedrich,7942,A,2009,Rockies (A),0,0,8,8,45.1,2.18382,13.1029,2.97794,0.397059,2.19905,2.18163,,52.06508255004883,55.88970947265625,58.752288818359375
크리스천 프리드릭,Christian Louis Patrick Friedrich,7942,A+,2009,Rockies (A+),0,0,14,14,74.1,2.5426,11.2601,3.39013,0.363229,3.12575,3.61205,,59.16394805908203,74.24054718017578,80.75824737548828
크리스천 프리드릭,Christian Louis Patrick Friedrich,7942,AA,2010,Rockies (AA),0,0,18,18,87.1,5.04962,8.03817,3.60687,1.03053,4.22129,3.77947,,125.94756317138672,102.30916595458984,94.77661895751953
크리스천 프리드릭,Christian Louis Patrick Friedrich,7942,AA,2011,Rockies (AA),0,0,25,25,133.1,4.995,6.9525,2.9025,1.35,4.81762,4.29252,,112.88835906982422,105.79967498779297,97.5361328125
크리스천 프리드릭,Christian Louis Patrick Friedrich,7942,AAA,2012,Rockies (AAA),0,0,5,5,30,3,8.1,1.2,0.3,2.80113,3.36009,,57.58793258666992,58.707027435302734,71.6356430053711
크리스천 프리드릭,Christian Louis Patrick Friedrich,7942,MLB,2012,Rockies,0,0,16,16,84.2,6.16535,7.86614,3.18898,1.48819,4.62988,4.05836,0.830082,133.42208862304688,109.68766021728516,103.79109191894531
크리스천 프리드릭,Christian Louis Patrick Friedrich,7942,AAA,2013,Rockies (AAA),0,1,4,4,14.2,4.29545,4.90909,4.90909,0.613636,5.00158,5.55675,,87.31416320800781,111.00184631347656,125.4483413696289
크리스천 프리드릭,Christian Louis Patrick Friedrich,7942,AAA,2014,Rockies (AAA),0,0,27,13,91.1,6.99635,8.17883,3.84307,1.57664,5.5398,4.58762,,135.79371643066406,117.39463806152344,98.8925552368164
크리스천 프리드릭,Christian Louis Patrick Friedrich,7942,MLB,2014,Rockies,0,1,16,3,24.1,5.91782,9.98631,3.69864,1.10959,3.99527,3.66235,0.242458,137.4714813232422,100.43046569824219,99.1815185546875
크리스천 프리드릭,Christian Louis Patrick Friedrich,7942,MLB,2015,Rockies,0,0,68,0,58.1,5.24572,6.94286,3.85715,0.771429,4.04217,4.36982,0.245218,116.03280639648438,97.5255355834961,112.47196197509766
크리스천 프리드릭,Christian Louis Patrick Friedrich,7942,A+,2016,Padres (A+),0,1,2,2,9,2,7,0,1,3.60344,3.56744,,49.17953109741211,87.4970932006836,81.73420715332031
크리스천 프리드릭,Christian Louis Patrick Friedrich,7942,AAA,2016,Padres (AAA),0,1,2,2,9.2,4.65517,5.58621,3.72414,0.931034,5.37605,5.02718,,100.68267059326172,118.45764923095703,112.7619857788086
크리스천 프리드릭,Christian Louis Patrick Friedrich,7942,MLB,2016,Padres,0,0,24,23,129.1,4.80155,6.95877,3.61856,0.904639,4.15945,4.74586,1.74983,118.76521301269531,101.70955657958984,114.71771240234375
크리스천 프리드릭,Christian Louis Patrick Friedrich,7942,A+,2017,Padres (A+),0,1,2,2,7.2,3.52174,8.21739,2.34783,1.17391,4.56593,4.33818,,86.38907623291016,109.86013793945312,99.40582275390625
크리스천 프리드릭,Christian Louis Patrick Friedrich,7942,AA,2017,Padres (AA),0,1,3,3,8.1,6.48,6.48,5.4,0,4.03467,6.66207,,172.45211791992188,103.0268783569336,169.21786499023438
크리스천 프리드릭,Christian Louis Patrick Friedrich,7942,AAA,2017,Padres (AAA),0,1,1,1,3,18,12,6,6,11.7208,4.86968,,362.1209716796875,242.36346435546875,102.95243835449219
윌리엄 쿠에바스,William Enrique Cuevas Osorio,13331,R,2009,Red Sox (R),0,0,18,0,48.1,3.16552,6.70345,2.04828,0.186207,3.01347,3.1837,,92.72020721435547,82.54096221923828,85.30236053466797
윌리엄 쿠에바스,William Enrique Cuevas Osorio,13331,R,2010,Red Sox (R),0,0,14,6,55,3.10909,6.21818,1.96364,0,2.3723,2.76444,,101.04444122314453,71.7115249633789,81.59761047363281
윌리엄 쿠에바스,William Enrique Cuevas Osorio,13331,R,2011,Red Sox (R),1,1,3,0,10.2,0,10.125,0.84375,0,1.38865,1.88058,,0,39.02902603149414,52.27796173095703
윌리엄 쿠에바스,William Enrique Cuevas Osorio,13331,R,2011,Red Sox (R),1,0,11,2,38.2,2.7931,5.81896,2.09483,0.465517,3.57477,3.58081,,71.73986053466797,92.78932189941406,94.10935974121094
윌리엄 쿠에바스,William Enrique Cuevas Osorio,13331,A-,2012,Red Sox (A-),0,0,15,6,77.1,1.39655,8.37931,1.74569,0.465517,2.72477,2.8001,,39.59032440185547,77.4607162475586,79.16651153564453
윌리엄 쿠에바스,William Enrique Cuevas Osorio,13331,A+,2013,Red Sox (A+),0,0,26,26,135.1,5.05419,7.24877,2.6601,0.864532,3.9627,4.00636,,125.0662612915039,99.21681213378906,100.77793884277344
윌리엄 쿠에바스,William Enrique Cuevas Osorio,13331,A+,2014,Red Sox (A+),0,0,24,10,95.2,4.70383,7.52613,3.01045,0.658537,4.082,4.37547,,116.97725677490234,104.7061538696289,111.377685546875
윌리엄 쿠에바스,William Enrique Cuevas Osorio,13331,AA,2015,Red Sox (AA),0,0,19,19,95.1,3.3986,8.59091,3.87063,0.377622,3.28963,3.74852,,89.63278198242188,89.28780364990234,102.04965209960938
윌리엄 쿠에바스,William Enrique Cuevas Osorio,13331,AAA,2015,Red Sox (AAA),0,0,7,7,41,2.63415,8.12195,3.07317,0.658537,3.40093,3.89188,,76.6326675415039,93.46312713623047,107.59468841552734
윌리엄 쿠에바스,William Enrique Cuevas Osorio,13331,AAA,2016,Red Sox (AAA),0,0,25,18,131,4.19084,5.83969,3.0916,1.23664,4.80282,4.46917,,121.30038452148438,131.48902893066406,122.661865234375
윌리엄 쿠에바스,William Enrique Cuevas Osorio,13331,MLB,2016,Red Sox,0,1,3,0,5,3.6,5.4,10.8,0,5.54656,7.54528,-0.0284979,81.70191955566406,132.59812927246094,178.35594177246094
윌리엄 쿠에바스,William Enrique Cuevas Osorio,13331,AAA,2017,Tigers (AAA),1,0,9,9,44.1,4.06015,6.90226,2.43609,1.01504,4.21724,4.48012,,104.94303131103516,110.56397247314453,112.84529876708984
윌리엄 쿠에바스,William Enrique Cuevas Osorio,13331,AAA,2017,Marlins (AAA),1,0,15,11,59.2,5.43017,7.08939,4.67598,0.905028,5.11184,5.65311,,124.45531463623047,110.44620513916016,119.51530456542969
윌리엄 쿠에바스,William Enrique Cuevas Osorio,13331,MLB,2017,Tigers,0,1,1,0,0.1,108.011,27.0027,0,0,6.15794,11.4949,-0.00231516,999,138.5711669921875,262.29736328125
윌리엄 쿠에바스,William Enrique Cuevas Osorio,13331,AAA,2018,Red Sox (AAA),0,0,23,23,135.1,3.39163,8.0468,2.52709,1.13054,4.1311,4.03111,,92.29076385498047,106.96821594238281,104.70021057128906
윌리엄 쿠에바스,William Enrique Cuevas Osorio,13331,MLB,2018,Red Sox,0,1,9,1,17,7.41176,10.5882,5.82353,1.58824,5.74867,4.91186,-0.188921,166.23187255859375,136.7308807373047,115.87691497802734
라울 알칸타라,Raul Alcántara,12790,R,2010,Red Sox (R),0,0,13,13,60.1,3.28177,5.07182,1.19337,0.149171,2.57611,2.6971,,106.65644836425781,77.87265014648438,79.60977935791016
라울 알칸타라,Raul Alcántara,12790,R,2011,Red Sox (R),0,0,9,9,48,0.75,6.75,1.125,0,2.4821,3.02863,,19.263498306274414,64.42713165283203,79.59719848632812
라울 알칸타라,Raul Alcántara,12790,A-,2011,Red Sox (A-),0,1,4,4,17.1,6.23077,7.26923,3.11539,0,2.96071,3.70363,,168.51097106933594,79.83956909179688,98.67780303955078
라울 알칸타라,Raul Alcántara,12790,A,2012,Athletics (A),0,0,27,17,102.2,5.08442,4.99675,3.33117,1.05195,5.07484,4.48642,,125.04126739501953,125.61848449707031,115.56136322021484
라울 알칸타라,Raul Alcántara,12790,A,2013,Athletics (A),0,0,13,13,77.1,2.44397,6.75,0.814655,0.349138,2.7691,3.11152,,62.05801010131836,71.25949096679688,80.99549102783203
라울 알칸타라,Raul Alcántara,12790,A+,2013,Athletics (A+),0,0,14,14,79,3.75949,7.51899,1.93671,0.911392,4.21483,4.43716,,81.53572082519531,87.85586547851562,95.33319091796875
라울 알칸타라,Raul Alcántara,12790,AA,2014,Athletics (AA),0,1,3,3,19.2,2.28814,4.57627,2.28814,0,3.17098,4.04695,,59.38262939453125,86.459228515625,109.5860366821289
라울 알칸타라,Raul Alcántara,12790,A+,2015,Athletics (A+),0,0,15,15,48.2,3.88356,5.36301,1.47945,0.554794,4.00476,4.52166,,92.64990234375,91.33948516845703,106.20526123046875
라울 알칸타라,Raul Alcántara,12790,AA,2016,Athletics (AA),0,0,17,17,90,4.8,7.3,2.7,1.1,4.14892,3.61475,,121.49908447265625,112.15817260742188,97.52304077148438
라울 알칸타라,Raul Alcántara,12790,AAA,2016,Athletics (AAA),0,0,8,8,45.2,1.18248,6.30657,0.591241,0.19708,2.80117,3.8605,,29.416990280151367,67.36753845214844,86.59281158447266
라울 알칸타라,Raul Alcántara,12790,MLB,2016,Athletics,0,1,5,5,22.1,7.25374,5.6418,1.61194,3.62687,8.20627,5.57773,-0.598509,176.6116943359375,198.57839965820312,131.59693908691406
라울 알칸타라,Raul Alcántara,12790,R,2017,Athletics (R),0,1,4,2,5.1,0,11.8125,1.6875,0,2.14105,2.70355,,0,49.28847885131836,61.74652862548828
라울 알칸타라,Raul Alcántara,12790,AAA,2017,Athletics (AAA),0,0,18,3,33.2,2.67327,5.88119,1.87129,0,3.03761,4.73634,,62.68214416503906,68.85589599609375,100.13330078125
라울 알칸타라,Raul Alcántara,12790,MLB,2017,Athletics,0,1,8,4,24,7.125,4.5,4.5,1.875,6.74097,5.95968,-0.305128,168.6476593017578,157.48318481445312,135.80340576171875
라울 알칸타라,Raul Alcántara,12790,AAA,2018,Athletics (AAA),0,0,32,10,83.1,5.292,5.724,1.512,1.08,4.75333,4.66457,,127.28712463378906,110.52716827392578,101.16036987304688
에릭 요키시,Eric Spenser Jokisch,11157,R,2010,Cubs (R),0,1,1,0,1,0,27,0,0,-1.80357,-1.80357,,0,-46.12580490112305,-45.56929016113281
에릭 요키시,Eric Spenser Jokisch,11157,A-,2010,Cubs (A-),0,0,14,7,34.1,7.07767,7.33981,6.02913,1.57282,6.20549,4.7536,,182.44696044921875,162.91661071777344,128.27166748046875
에릭 요키시,Eric Spenser Jokisch,11157,A,2011,Cubs (A),0,0,25,11,118.2,2.95787,7.8118,2.42697,0.985955,3.93307,3.41674,,81.51628875732422,106.6485824584961,90.5155029296875
에릭 요키시,Eric Spenser Jokisch,11157,AA,2011,Cubs (AA),0,1,3,3,15.1,4.1087,8.80435,5.28261,0,3.3067,4.5887,,96.0019302368164,77.87651824951172,111.40117645263672
에릭 요키시,Eric Spenser Jokisch,11157,A+,2012,Cubs (A+),0,0,9,9,54.1,3.47853,8.6135,2.65031,0.662577,3.48172,3.17747,,90.1058578491211,91.03661346435547,82.48712158203125
에릭 요키시,Eric Spenser Jokisch,11157,AA,2012,Cubs (AA),0,0,18,17,105,2.91429,5.4,2.82857,0.6,3.86795,3.95494,,72.78641510009766,97.7108383178711,102.65930938720703
에릭 요키시,Eric Spenser Jokisch,11157,AA,2013,Cubs (AA),0,0,27,26,160.2,3.41701,7.67427,3.0249,0.784232,3.40433,3.38048,,92.94239807128906,93.84281158447266,95.17744445800781
에릭 요키시,Eric Spenser Jokisch,11157,AAA,2014,Cubs (AAA),0,0,26,26,158.1,3.58105,8.12842,1.76211,0.682105,3.54248,3.93652,,80.89224243164062,79.10285949707031,84.8571548461914
에릭 요키시,Eric Spenser Jokisch,11157,MLB,2014,Cubs,0,1,4,1,14.1,1.88373,6.27908,2.51163,1.88373,5.29505,3.6951,-0.155359,51.70934295654297,143.4764862060547,100.07572937011719
에릭 요키시,Eric Spenser Jokisch,11157,R,2015,Cubs (R),0,1,3,3,11.1,0.794118,6.35294,2.38235,0,3.19622,3.40781,,22.387052536010742,87.20895385742188,92.84781646728516
에릭 요키시,Eric Spenser Jokisch,11157,AAA,2015,Cubs (AAA),0,0,14,14,70,4.37143,5.01429,2.95714,0.771429,4.62796,4.54828,,103.41622161865234,109.52743530273438,103.99510192871094
에릭 요키시,Eric Spenser Jokisch,11157,AA,2016,Marlins (AA),0,1,1,1,4,0,11.25,0,0,1.57003,1.57003,,0,42.75897216796875,42.41417694091797
에릭 요키시,Eric Spenser Jokisch,11157,AAA,2016,Rangers (AAA),1,1,7,4,24,4.125,5.625,3,0.75,4.55421,4.5239,,97.13147735595703,102.83021545410156,101.47317504882812
에릭 요키시,Eric Spenser Jokisch,11157,AAA,2016,Cubs (AAA),1,1,1,1,4.1,16.6154,6.23077,4.15385,4.15385,10.4132,6.07951,,385.604248046875,241.59678649902344,136.3665008544922
에릭 요키시,Eric Spenser Jokisch,11157,AAA,2016,Marlins (AAA),1,0,18,0,30.2,2.6413,5.57609,4.1087,0.293478,4.37305,5.0087,,65.69950866699219,101.22402954101562,112.34746551513672
에릭 요키시,Eric Spenser Jokisch,11157,AA,2017,Diamondbacks (AA),0,1,1,1,6,1.5,9,0,1.5,3.27976,2.41341,,40.98811340332031,90.90853118896484,67.060302734375
에릭 요키시,Eric Spenser Jokisch,11157,AAA,2017,Diamondbacks (AAA),0,0,28,21,134.2,4.2104,6.08168,2.80693,0.80198,4.48563,4.60126,,82.82579803466797,93.9869155883789,97.27759552001953
에릭 요키시,Eric Spenser Jokisch,11157,AAA,2018,Athletics (AAA),0,0,26,23,148.2,4.05605,7.32511,2.78475,0.726457,4.15564,4.15034,,97.55916595458984,96.6294174194336,90.00814056396484
크리스 플렉센,Chris Flexen,13896,R,2012,Mets (R),0,0,7,6,32,5.625,7.3125,3.9375,0.5625,4.19974,4.51663,,136.8887176513672,100.19371032714844,108.71145629882812
크리스 플렉센,Chris Flexen,13896,R,2013,Mets (R),0,0,11,11,69,2.08696,8.08696,1.56522,0.782609,3.54975,3.06881,,56.24919128417969,95.90816497802734,83.51644134521484
크리스 플렉센,Chris Flexen,13896,A,2014,Mets (A),0,0,13,13,69,4.82609,6,4.82609,0.652174,4.97763,4.74312,,129.95606994628906,133.8477325439453,118.90789794921875
크리스 플렉센,Chris Flexen,13896,R,2015,Mets (R),0,1,3,2,6,0,7.5,1.5,0,2.1407,2.36089,,0,62.99903106689453,69.28239440917969
크리스 플렉센,Chris Flexen,13896,A-,2015,Mets (A-),0,1,3,2,12.1,5.10811,9.48649,5.83784,0,3.59703,3.82835,,149.60861206054688,100.48655700683594,106.86529541015625
크리스 플렉센,Chris Flexen,13896,A,2015,Mets (A),0,0,6,5,33.2,1.87129,8.82178,1.87129,0,2.14771,2.82055,,52.824275970458984,60.542049407958984,74.12628936767578
크리스 플렉센,Chris Flexen,13896,A+,2016,Mets (A+),0,0,25,25,134,3.5597,6.3806,3.42537,0.402985,3.69308,3.90774,,96.78956604003906,100.28173828125,109.02367401123047
크리스 플렉센,Chris Flexen,13896,A+,2017,Mets (A+),0,1,3,3,12.2,2.13158,9.23684,2.13158,0.710526,2.99481,2.82078,,58.143611907958984,82.56239318847656,80.38699340820312
크리스 플렉센,Chris Flexen,13896,AA,2017,Mets (AA),0,0,7,7,48.2,1.66438,9.24657,1.29452,0.739726,2.67024,2.40613,,42.34418869018555,67.66532897949219,59.659610748291016
크리스 플렉센,Chris Flexen,13896,MLB,2017,Mets,0,0,14,9,48,7.875,6.75,6.5625,2.0625,6.94931,6.15659,-0.764838,192.64410400390625,163.6018524169922,142.23316955566406
크리스 플렉센,Chris Flexen,13896,AAA,2018,Mets (AAA),0,0,18,17,92,4.40217,7.63043,3.03261,1.07609,4.6149,4.40737,,89.97088623046875,97.76791381835938,95.58246612548828
크리스 플렉센,Chris Flexen,13896,MLB,2018,Mets,0,1,4,1,6.1,12.7895,4.26318,8.52636,2.84212,9.63415,8.39747,-0.304271,335.5616149902344,242.61753845214844,207.488037109375
크리스 플렉센,Chris Flexen,13896,AAA,2019,Mets (AAA),0,0,26,14,78.2,4.46186,10.5254,2.40254,1.25847,3.98066,3.87801,,89.93219757080078,78.77925109863281,79.15092468261719
크리스 플렉센,Chris Flexen,13896,MLB,2019,Mets,0,1,9,1,13.2,6.58535,6.58535,8.56095,0.658535,5.55547,7.80638,-0.0855502,160.82025146484375,128.85482788085938,176.71852111816406
데이비드 뷰캐넌,David Andrew Buchanan,11176,A-,2010,Phillies (A-),0,0,13,13,62,4.20968,4.35484,3.33871,0.145161,4.02089,4.46849,,114.05723571777344,106.35353088378906,117.71649932861328
데이비드 뷰캐넌,David Andrew Buchanan,11176,A,2011,Phillies (A),0,0,20,20,125,3.384,6.192,2.304,0.432,3.63958,4.1795,,88.14262390136719,93.28348541259766,101.25785827636719
데이비드 뷰캐넌,David Andrew Buchanan,11176,A+,2011,Phillies (A+),0,0,6,6,32.1,3.89691,6.68041,3.06186,1.1134,4.6254,3.86658,,98.3239974975586,114.30313110351562,98.23800659179688
데이비드 뷰캐넌,David Andrew Buchanan,11176,AA,2012,Phillies (AA),0,0,12,12,72.1,3.85714,4.97696,2.86175,0.870968,4.55574,4.26993,,96.81200408935547,110.1172103881836,109.02420806884766
데이비드 뷰캐넌,David Andrew Buchanan,11176,AA,2013,Phillies (AA),0,0,22,22,130.2,4.82143,5.92347,2.82398,1.03316,4.58,4.21879,,118.87295532226562,108.97787475585938,105.12400817871094
데이비드 뷰캐넌,David Andrew Buchanan,11176,AAA,2013,Phillies (AAA),0,0,6,6,39,3,5.07692,2.76923,0.461538,3.89721,4.46032,,77.63341522216797,101.61521911621094,115.47647094726562
데이비드 뷰캐넌,David Andrew Buchanan,11176,AAA,2014,Phillies (AAA),0,0,12,12,57,3.94737,7.26316,3.31579,0.473684,3.69101,4.17763,,95.88015747070312,91.42557525634766,103.47081756591797
데이비드 뷰캐넌,David Andrew Buchanan,11176,MLB,2014,Phillies,0,0,20,20,117.2,3.74787,5.43059,2.44759,0.917847,4.27106,4.14273,1.02339,103.52583312988281,112.99518585205078,112.29694366455078
데이비드 뷰캐넌,David Andrew Buchanan,11176,R,2015,Phillies (R),0,1,2,2,9,1,5,0,0,2.19625,2.58771,,29.11216926574707,65.26702117919922,75.9384994506836
데이비드 뷰캐넌,David Andrew Buchanan,11176,AAA,2015,Phillies (AAA),0,0,10,10,54.2,2.79878,4.93902,3.29268,0.329268,3.85215,4.29673,,75.51884460449219,106.73377990722656,118.78712463378906
데이비드 뷰캐넌,David Andrew Buchanan,11176,MLB,2015,Phillies,0,0,15,15,74.2,6.99107,5.30357,3.49553,1.44643,5.33002,4.74276,0.0419768,179.22068786621094,132.84068298339844,122.00719451904297
데이비드 뷰캐넌,David Andrew Buchanan,11176,AAA,2016,Phillies (AAA),0,0,27,26,167.1,3.98008,5.10956,2.15139,0.806773,3.9521,3.85447,,104.07311248779297,107.08033752441406,105.79063415527344
애런 브룩스,Aaron Lee Brooks,12272,R,2011,Royals (R),0,0,15,13,79.2,3.841,8.24686,0.903766,0.790795,4.00703,3.82724,,74.22541809082031,81.64598083496094,75.29081726074219
애런 브룩스,Aaron Lee Brooks,12272,A,2012,Royals (A),0,0,27,27,153.2,4.97831,7.0282,1.52278,1.05423,3.89745,3.39107,,130.35122680664062,101.30785369873047,87.34721374511719
애런 브룩스,Aaron Lee Brooks,12272,A+,2013,Royals (A+),0,0,10,10,56.1,4.47337,6.86982,1.7574,0.639053,3.33165,3.46306,,120.5878677368164,88.17390441894531,87.11155700683594
애런 브룩스,Aaron Lee Brooks,12272,AA,2013,Royals (AA),0,0,16,16,103.2,4.1672,5.81672,0.954984,1.12862,3.79912,3.607,,106.66842651367188,99.74669647216797,95.33792114257812
애런 브룩스,Aaron Lee Brooks,12272,AAA,2014,Royals (AAA),0,0,25,23,139,3.88489,6.28058,1.61871,0.906475,4.1752,4.70201,,81.87803649902344,87.33033752441406,101.35820007324219
애런 브룩스,Aaron Lee Brooks,12272,MLB,2014,Royals,0,1,2,1,2.2,43.8745,6.74992,10.1249,3.37496,12.1321,9.57459,-0.194785,999,322.1958312988281,251.45562744140625
애런 브룩스,Aaron Lee Brooks,12272,AAA,2015,Athletics (AAA),1,1,2,2,12,2.25,8.25,0,0.75,2.84939,2.88025,,57.057613372802734,69.85360717773438,65.85604095458984
애런 브룩스,Aaron Lee Brooks,12272,AAA,2015,Royals (AAA),1,0,18,17,106.2,3.7125,7.7625,1.77188,0.759375,3.59001,3.68394,,83.87013244628906,79.51377868652344,84.2320327758789
애런 브룩스,Aaron Lee Brooks,12272,MLB,2015,- - -,0,0,13,9,55.1,6.66868,6.18073,2.27711,1.46386,4.85046,4.46948,0.0640798,168.9836883544922,122.01786804199219,110.6631851196289
애런 브룩스,Aaron Lee Brooks,12272,MLB,2015,Royals,1,1,2,0,4.1,6.23082,6.23082,0,0,1.74897,4.47331,0.0594642,152.91468811035156,43.792152404785156,110.75872039794922
애런 브룩스,Aaron Lee Brooks,12272,MLB,2015,Athletics,1,0,11,9,51,6.70588,6.17647,2.47059,1.58824,5.11399,4.46915,0.00461562,170.34901428222656,128.66444396972656,110.65506744384766
애런 브룩스,Aaron Lee Brooks,12272,AAA,2016,Cubs (AAA),0,1,5,4,16.1,7.71429,6.61225,2.20408,2.7551,6.96578,4.4598,,179.02952575683594,161.61265563964844,100.03540802001953
애런 브룩스,Aaron Lee Brooks,12272,AAA,2017,Brewers (AAA),1,1,2,2,7.2,4.69565,2.34783,1.17391,2.34783,6.98165,6.07688,,81.1443862915039,142.02725219726562,128.4742889404297
애런 브룩스,Aaron Lee Brooks,12272,AAA,2017,Cubs (AAA),1,0,24,24,138,6.19565,6.84783,1.82609,1.76087,5.3947,4.23263,,135.58372497558594,117.78898620605469,89.48411560058594
애런 브룩스,Aaron Lee Brooks,12272,AAA,2018,Brewers (AAA),0,0,26,15,99.1,3.35235,6.7047,2.53691,0.724832,4.14802,4.34843,,59.425987243652344,86.56000518798828,94.30418395996094
애런 브룩스,Aaron Lee Brooks,12272,MLB,2018,Athletics,0,1,3,0,2.2,0,3.37496,6.74992,0,4.66041,5.89911,-0.0105772,0,113.06143188476562,138.99708557128906
애런 브룩스,Aaron Lee Brooks,12272,MLB,2019,- - -,0,0,29,18,110,5.64545,6.70909,2.78182,1.71818,5.40492,5.34631,0.463486,122.75330352783203,115.80122375488281,116.68726348876953
애런 브룩스,Aaron Lee Brooks,12272,MLB,2019,Athletics,1,0,15,6,50.1,5.00663,7.68875,2.50331,2.1457,5.67759,5.02853,-0.162081,112.59080505371094,126.97895812988281,109.80412292480469
애런 브룩스,Aaron Lee Brooks,12272,MLB,2019,Orioles,1,0,14,12,59.2,6.18435,5.88268,3.01676,1.35754,5.1749,5.61439,0.625566,131.3261260986328,106.3719711303711,122.49369812011719
드류 가뇽,Andrew M. Drew Gagnon,12545,R,2011,Brewers (R),0,1,8,7,19,8.05263,12.7895,4.73684,0.473684,4.02002,4.22365,,161.41331481933594,80.6624984741211,83.08908081054688
드류 가뇽,Andrew M. Drew Gagnon,12545,A,2012,Brewers (A),0,0,14,14,82.2,2.83065,7.07661,2.06855,0.653226,3.52017,3.6297,,71.49134063720703,89.43138885498047,93.49382019042969
드류 가뇽,Andrew M. Drew Gagnon,12545,A+,2012,Brewers (A+),0,0,11,11,67,2.8209,6.58209,2.41791,0.402985,3.53894,3.96049,,77.48595428466797,93.50916290283203,102.81446075439453
드류 가뇽,Andrew M. Drew Gagnon,12545,A+,2013,Brewers (A+),0,0,10,10,45.1,5.16177,9.92647,2.97794,0.397059,2.7336,3.11148,,147.67445373535156,75.143310546875,84.02198791503906
드류 가뇽,Andrew M. Drew Gagnon,12545,AA,2013,Brewers (AA),0,0,16,16,84,5.57143,6.21429,4.5,1.28571,5.13882,4.44181,,152.47970581054688,141.76406860351562,125.05915832519531
드류 가뇽,Andrew M. Drew Gagnon,12545,AA,2014,Brewers (AA),0,0,28,28,154.2,3.9569,6.86638,3.60776,1.04741,4.57056,4.22764,,99.7817611694336,116.17787170410156,109.67433166503906
드류 가뇽,Andrew M. Drew Gagnon,12545,AA,2015,Brewers (AA),0,1,6,1,21,5.57143,7.71429,4.28571,0.857143,4.54169,4.01023,,150.20272827148438,116.79344177246094,105.2762222290039
드류 가뇽,Andrew M. Drew Gagnon,12545,AAA,2015,Brewers (AAA),0,0,20,18,89.2,6.92565,5.11896,5.21933,1.20446,6.07522,5.85142,,129.43569946289062,133.66128540039062,133.79083251953125
드류 가뇽,Andrew M. Drew Gagnon,12545,AA,2016,Brewers (AA),0,1,5,1,13.1,0,10.125,2.7,0,1.97003,2.69391,,0,52.13330841064453,72.77547454833984
드류 가뇽,Andrew M. Drew Gagnon,12545,AAA,2016,Brewers (AAA),0,0,31,4,55,5.56364,7.85455,3.43636,0.654545,4.12088,4.51016,,102.00592803955078,88.94195556640625,101.16502380371094
드류 가뇽,Andrew M. Drew Gagnon,12545,AAA,2017,Angels (AAA),0,0,31,10,86.1,6.25483,8.65251,4.06564,0.625483,4.19569,4.82212,,127.30486297607422,87.72753143310547,101.94699096679688
드류 가뇽,Andrew M. Drew Gagnon,12545,AA,2018,Mets (AA),0,1,1,1,6,0,7.5,1.5,0,2.16229,2.90236,,0,55.05048751831055,72.12864685058594
드류 가뇽,Andrew M. Drew Gagnon,12545,AAA,2018,Mets (AAA),0,0,27,27,157.2,4.5666,9.53277,2.45455,1.3129,4.45569,3.65952,,93.331298828125,94.39508819580078,79.3638916015625
드류 가뇽,Andrew M. Drew Gagnon,12545,MLB,2018,Mets,0,1,5,1,12,5.25,6,3.75,1.5,5.74376,5.36635,-0.102202,137.7452392578125,144.27908325195312,132.2720947265625
드류 가뇽,Andrew M. Drew Gagnon,12545,AAA,2019,Mets (AAA),0,0,15,15,88.2,2.33459,7.30827,1.72556,1.21805,4.50443,4.59575,,47.05533218383789,89.14485168457031,93.80025482177734
드류 가뇽,Andrew M. Drew Gagnon,12545,MLB,2019,Mets,0,1,18,0,23.2,8.36619,6.46478,2.66197,4.18309,8.96048,6.28027,-1.05162,204.30987548828125,208.4173583984375,141.98890686035156
댄 스트레일리,Dan Straily,9460,A-,2009,Athletics (A-),0,0,16,11,59,4.11864,10.0678,2.74576,0.762712,3.79203,3.53625,,97.73861694335938,89.60536193847656,82.68443298339844
댄 스트레일리,Dan Straily,9460,A,2010,Athletics (A),0,0,28,28,148,4.31757,9.06081,3.70946,0.790541,4.14639,3.94265,,103.55226135253906,100.55592346191406,95.57266235351562
댄 스트레일리,Dan Straily,9460,A+,2011,Athletics (A+),0,0,28,26,160.2,3.86515,8.62656,2.24066,0.560166,3.8514,4.44587,,80.26934814453125,77.13378143310547,90.65386962890625
댄 스트레일리,Dan Straily,9460,AA,2012,Athletics (AA),0,0,14,14,85.1,3.375,11.3906,2.42578,0.632813,2.64729,2.88471,,80.63882446289062,67.10523223876953,71.55076599121094
댄 스트레일리,Dan Straily,9460,AAA,2012,Athletics (AAA),0,0,11,11,66.2,2.025,11.07,2.565,0.405,2.6928,3.32237,,48.293556213378906,60.421077728271484,70.83134460449219
댄 스트레일리,Dan Straily,9460,MLB,2012,Athletics,0,0,7,7,39.1,3.88983,7.32204,3.66102,2.51695,6.47581,5.30389,-0.377259,97.70047760009766,160.6575164794922,128.5876922607422
댄 스트레일리,Dan Straily,9460,AAA,2013,Athletics (AAA),0,0,5,5,31.2,1.13684,9.37895,2.55789,0.284211,2.74871,3.4978,,28.709815979003906,65.31010437011719,78.96585845947266
댄 스트레일리,Dan Straily,9460,MLB,2013,Athletics,0,0,27,27,152.1,3.95843,7.32604,3.36762,0.945296,4.04567,4.42007,1.9193,101.87161254882812,103.65637969970703,111.37694549560547
댄 스트레일리,Dan Straily,9460,MLB,2013,Athletics,1,1,1,1,6,4.5,12,0,1.5,3.04785,2.47503,,115.80924987792969,78.2628402709961,62.66788864135742
댄 스트레일리,Dan Straily,9460,AAA,2014,Athletics (AAA),1,0,10,10,63,4.71429,9.57143,3.71429,1.28571,4.76387,4.41027,,113.67842102050781,108.07929992675781,95.06941986083984
댄 스트레일리,Dan Straily,9460,AAA,2014,Cubs (AAA),1,0,10,10,55,4.09091,9.16364,3.27273,1.14545,4.57311,4.90392,,92.40934753417969,102.11641693115234,105.71070861816406
댄 스트레일리,Dan Straily,9460,MLB,2014,- - -,0,0,14,8,52,6.75,8.13461,4.15385,1.73077,5.32456,4.63096,-0.157331,184.39381408691406,143.3441162109375,123.17400360107422
댄 스트레일리,Dan Straily,9460,MLB,2014,Athletics,1,0,7,7,38.1,4.93044,7.98262,3.52174,2.11305,5.66269,4.38385,-0.223938,134.12582397460938,152.2238311767578,115.55274963378906
댄 스트레일리,Dan Straily,9460,MLB,2014,Cubs,1,1,7,1,13.2,11.8536,8.56095,5.92681,0.658535,4.37615,5.32409,0.0666075,325.3889465332031,118.43769836425781,144.5506134033203
댄 스트레일리,Dan Straily,9460,AAA,2015,Astros (AAA),0,0,22,22,122.2,4.76902,9.09783,1.83424,0.953804,3.6646,3.73111,,113.75382232666016,85.53636932373047,85.31055450439453
댄 스트레일리,Dan Straily,9460,MLB,2015,Astros,0,1,4,3,16.2,5.39999,7.55998,4.31999,1.08,4.63359,4.8444,0.0521016,139.2051544189453,115.33943176269531,120.0071029663086
댄 스트레일리,Dan Straily,9460,MLB,2016,Reds,0,0,34,31,191.1,3.76307,7.62021,3.4338,1.45819,4.87653,5.0162,1.23214,88.621337890625,114.95574951171875,121.19754791259766
댄 스트레일리,Dan Straily,9460,MLB,2017,Marlins,0,0,33,33,181.2,4.26055,8.42202,2.97248,1.53578,4.57782,4.69967,2.00062,103.00372314453125,108.93313598632812,108.66768646240234
댄 스트레일리,Dan Straily,9460,A+,2018,Marlins (A+),0,1,2,2,7.2,8.21739,7.04348,3.52174,2.34783,6.4789,4.34674,,232.15603637695312,181.4151611328125,114.434814453125
댄 스트레일리,Dan Straily,9460,AA,2018,Marlins (AA),0,1,1,1,5.1,5.0625,10.125,1.6875,3.375,6.55104,3.35922,,136.6887969970703,170.13760375976562,86.63453674316406
댄 스트레일리,Dan Straily,9460,MLB,2018,Marlins,0,0,23,23,122.1,4.11989,7.28338,3.82561,1.47139,5.11411,4.98691,0.0233336,108.18248748779297,130.2192840576172,122.85651397705078
댄 스트레일리,Dan Straily,9460,AAA,2019,Orioles (AAA),1,0,6,6,34,2.38235,10.0588,2.11765,1.05882,3.88943,4.18333,,52.01590347290039,82.07952117919922,85.38258361816406
댄 스트레일리,Dan Straily,9460,AAA,2019,Phillies (AAA),1,0,6,6,33,5.18182,8.18182,2.45455,1.36364,4.59443,4.77954,,102.25054931640625,94.27873229980469,97.55147552490234
댄 스트레일리,Dan Straily,9460,MLB,2019,Orioles,0,0,14,8,47.2,9.81818,6.23076,4.15384,4.15384,9.33988,7.13746,-1.07925,208.49110412597656,191.3118438720703,155.48281860351562
애드리안 샘슨,Adrian Sampson,13339,A-,2012,Pirates (A-),0,0,11,9,42.2,2.95312,9.28125,3.58594,0.421875,3.21534,3.1989,,79.98369598388672,89.4526138305664,90.44181823730469
애드리안 샘슨,Adrian Sampson,13339,A+,2013,Pirates (A+),0,0,25,24,140,5.14286,5.46429,1.41429,1.15714,4.31953,3.53753,,133.19667053222656,112.8818588256836,95.52727508544922
애드리안 샘슨,Adrian Sampson,13339,AA,2014,Pirates (AA),0,0,24,24,148,2.55405,6.02027,1.82432,0.608108,3.625,3.8745,,63.86376190185547,92.62734985351562,96.78988647460938
애드리안 샘슨,Adrian Sampson,13339,AAA,2014,Pirates (AAA),0,1,4,4,19,6.15789,4.73684,3.31579,0.473684,4.25242,5.27123,,157.5992889404297,107.98811340332031,130.55686950683594
애드리안 샘슨,Adrian Sampson,13339,AAA,2015,Mariners (AAA),1,0,7,7,38.1,7.27826,6.57391,1.87826,1.17391,4.46026,3.98538,,180.90216064453125,103.32142639160156,91.1244125366211
애드리안 샘슨,Adrian Sampson,13339,AAA,2015,Pirates (AAA),1,0,21,21,124.1,3.98123,6.87668,2.0992,0.579089,3.26158,3.32657,,115.18494415283203,93.65628814697266,91.96626281738281
애드리안 샘슨,Adrian Sampson,13339,AAA,2016,Mariners (AAA),0,0,13,13,80.1,3.24896,6.83403,1.3444,0.560166,3.49681,3.79626,,78.4561538696289,78.88090515136719,85.1518325805664
애드리안 샘슨,Adrian Sampson,13339,MLB,2016,Mariners,0,1,1,1,4.2,7.71423,3.85712,1.92856,3.85712,8.50367,4.71684,-0.135811,192.85658264160156,204.6187286376953,111.13774108886719
애드리안 샘슨,Adrian Sampson,13339,R,2017,Rangers (R),0,1,4,4,12.2,4.26316,4.97368,0.710526,0,3.57197,4.10486,,95.59983825683594,80.74092102050781,93.75162506103516
애드리안 샘슨,Adrian Sampson,13339,A+,2017,Rangers (A+),0,1,2,2,8.2,5.19231,7.26923,1.03846,1.03846,4.31901,4.40987,,136.2683563232422,111.07179260253906,114.60631561279297
애드리안 샘슨,Adrian Sampson,13339,AAA,2017,Rangers (AAA),0,1,2,2,10,0.9,6.3,0.9,0,2.62078,4.11862,,20.144393920898438,56.345703125,87.0739517211914
애드리안 샘슨,Adrian Sampson,13339,AAA,2018,Rangers (AAA),0,0,33,19,126.2,3.76579,6.03947,1.70526,0.852632,4.34533,4.74068,,88.3485336303711,96.1857681274414,102.81100463867188
애드리안 샘슨,Adrian Sampson,13339,MLB,2018,Rangers,0,1,5,4,23,4.30435,5.86957,1.56522,2.34783,6.03,4.86478,-0.0134315,92.34890747070312,136.45286560058594,114.77449798583984
애드리안 샘슨,Adrian Sampson,13339,MLB,2019,Rangers,0,0,35,15,125.1,5.8883,7.25266,2.58511,2.08245,5.68741,5.32995,0.271278,116.84325408935547,119.1761474609375,116.33273315429688
마이크 라이트,Dennis Michael Mike Wright Jr.,12586,R,2011,Orioles (R),0,1,1,0,1,0,9,0,0,1.4196,2.05944,,0,37.71142578125,54.1253547668457
마이크 라이트,Dennis Michael Mike Wright Jr.,12586,A-,2011,Orioles (A-),0,0,7,7,31,3.77419,8.41935,1.74194,0.870968,3.42907,2.62794,,99.10363006591797,90.16944885253906,70.01769256591797
마이크 라이트,Dennis Michael Mike Wright Jr.,12586,A,2011,Orioles (A),0,1,4,1,13.2,10.5366,7.90244,2.63415,1.97561,5.94221,4.27918,,268.2269592285156,147.1073760986328,103.67285919189453
마이크 라이트,Dennis Michael Mike Wright Jr.,12586,A+,2012,Orioles (A+),0,0,8,8,46.1,2.91367,6.79856,0.971223,0.582734,3.10488,3.43428,,73.60730743408203,75.26204681396484,86.9576187133789
마이크 라이트,Dennis Michael Mike Wright Jr.,12586,AA,2012,Orioles (AA),0,0,12,12,62.1,4.90909,6.49733,2.45455,1.0107,4.17951,3.71704,,125.11693572998047,104.28191375732422,94.9072494506836
마이크 라이트,Dennis Michael Mike Wright Jr.,12586,AA,2013,Orioles (AA),0,0,26,26,143.2,3.25754,8.51972,2.44316,0.563805,3.26921,3.62482,,80.03294372558594,79.74317932128906,90.3233871459961
마이크 라이트,Dennis Michael Mike Wright Jr.,12586,AAA,2013,Orioles (AAA),0,1,1,1,6.2,0,2.7,0,0,2.6049,4.36348,,0,67.70075225830078,112.96923065185547
마이크 라이트,Dennis Michael Mike Wright Jr.,12586,AAA,2014,Orioles (AAA),0,0,26,26,142.2,4.60514,6.49766,2.58645,0.630841,3.79226,4.16391,,118.6690902709961,94.58568572998047,103.13090515136719
마이크 라이트,Dennis Michael Mike Wright Jr.,12586,AAA,2015,Orioles (AAA),0,0,15,14,81,2.22222,7,2.77778,0.444444,3.28048,3.56461,,65.01810455322266,92.01942443847656,98.54705047607422
마이크 라이트,Dennis Michael Mike Wright Jr.,12586,MLB,2015,Orioles,0,0,12,9,44.2,6.04477,5.2388,3.62686,1.81343,6.13359,5.69466,-0.366119,148.97933959960938,147.1542205810547,141.1975860595703
마이크 라이트,Dennis Michael Mike Wright Jr.,12586,AAA,2016,Orioles (AAA),0,0,13,13,76.1,3.0655,5.65939,1.65066,0.943232,3.86355,3.60907,,89.7907485961914,108.22747802734375,99.0553207397461
마이크 라이트,Dennis Michael Mike Wright Jr.,12586,MLB,2016,Orioles,0,0,18,12,74.2,5.78571,6.02678,3.13393,1.44643,5.30281,5.28809,0.183105,136.84555053710938,121.0841293334961,124.71361541748047
마이크 라이트,Dennis Michael Mike Wright Jr.,12586,R,2017,Orioles (R),0,1,3,1,4.1,8.3077,14.5385,0,0,0.886066,1.27368,,223.17713928222656,23.135730743408203,33.669551849365234
마이크 라이트,Dennis Michael Mike Wright Jr.,12586,AAA,2017,Orioles (AAA),0,0,16,16,83,3.68675,7.6988,2.81928,0.650602,3.65079,4.10368,,97.61760711669922,94.09254455566406,103.36358642578125
마이크 라이트,Dennis Michael Mike Wright Jr.,12586,MLB,2017,Orioles,0,1,13,0,25,5.76,10.08,2.52,1.8,4.71764,3.82529,0.0420431,129.3384552001953,102.86703491210938,87.02714538574219
마이크 라이트,Dennis Michael Mike Wright Jr.,12586,MLB,2018,Orioles,0,0,48,2,84.1,5.54941,7.89724,3.8419,1.28063,4.78494,4.79565,0.069244,129.88014221191406,108.44918823242188,113.15552520751953
마이크 라이트,Dennis Michael Mike Wright Jr.,12586,AAA,2019,Mariners (AAA),0,0,15,12,58,5.27586,8.68966,2.63793,0.62069,3.74495,5.25395,,103.51106262207031,69.79421997070312,95.75460815429688
마이크 라이트,Dennis Michael Mike Wright Jr.,12586,MLB,2019,- - -,0,1,19,0,29.1,7.97728,9.20456,3.68182,1.84091,5.25947,5.04167,-0.133567,174.66180419921875,111.20367431640625,110.08881378173828
마이크 라이트,Dennis Michael Mike Wright Jr.,12586,MLB,2019,Orioles,1,1,10,0,13.1,9.45002,9.45002,4.72501,3.37501,7.78902,6.04702,-0.277308,200.67333984375,159.6838836669922,131.86422729492188
마이크 라이트,Dennis Michael Mike Wright Jr.,12586,MLB,2019,Mariners,1,1,9,0,16,6.75,9,2.8125,0.5625,3.15151,4.20389,0.143741,152.98558044433594,70.80360412597656,91.94268798828125
오드리사머 데스파이네,Odrisamer Despaigne,16017,AA,2014,Padres (AA),0,1,2,2,7.2,1.17391,14.087,5.86956,0,2.33753,3.1306,,33.79985046386719,66.21697998046875,84.77256774902344
오드리사머 데스파이네,Odrisamer Despaigne,16017,AAA,2014,Padres (AAA),0,1,5,5,23.2,7.60563,11.0282,4.94366,1.14084,4.67221,4.58081,,158.0857391357422,98.93721771240234,98.74553680419922
오드리사머 데스파이네,Odrisamer Despaigne,16017,MLB,2014,Padres,0,0,16,16,96.1,3.36332,6.07267,2.98962,0.560554,3.74471,4.01274,0.791241,96.44420623779297,103.46485900878906,108.7480697631836
오드리사머 데스파이네,Odrisamer Despaigne,16017,MLB,2015,Padres,0,0,34,18,125.2,5.80106,4.94164,2.29178,1.21751,4.77285,4.36465,-0.214033,155.78060913085938,125.23939514160156,112.33960723876953
오드리사머 데스파이네,Odrisamer Despaigne,16017,AAA,2016,Orioles (AAA),0,0,18,17,88.1,3.8717,7.13208,2.75094,0.509434,3.44093,3.54284,,113.40479278564453,96.38872528076172,97.23770904541016
오드리사머 데스파이네,Odrisamer Despaigne,16017,MLB,2016,- - -,0,0,19,0,30.1,5.93407,5.04396,4.74726,0.890111,4.99272,5.62885,-0.0919711,141.83456420898438,114.79084014892578,133.13040161132812
오드리사머 데스파이네,Odrisamer Despaigne,16017,MLB,2016,Orioles,1,1,16,0,27.1,5.59757,5.59757,4.93903,0.987806,5.08559,5.54779,-0.0914184,132.3955078125,116.0860824584961,130.88551330566406
오드리사머 데스파이네,Odrisamer Despaigne,16017,MLB,2016,Marlins,1,1,3,0,3,9,0,3,0,4.14656,6.36736,-0.00055265,227.83482360839844,102.98978424072266,153.5838623046875
오드리사머 데스파이네,Odrisamer Despaigne,16017,A+,2017,Marlins (A+),0,1,1,1,4,0,15.75,2.25,0,0.560596,0.768206,,0,16.991979598999023,21.892404556274414
오드리사머 데스파이네,Odrisamer Despaigne,16017,AAA,2017,Marlins (AAA),0,0,20,10,70,3.08571,6.3,3.08571,0.771429,4.54935,4.71893,,70.7222671508789,98.2930908203125,99.76537322998047
오드리사머 데스파이네,Odrisamer Despaigne,16017,MLB,2017,Marlins,0,0,18,8,58.1,4.01143,4.78286,3.70286,0.462857,4.15193,5.77039,0.650688,96.98098754882812,98.83627319335938,133.3357391357422
오드리사머 데스파이네,Odrisamer Despaigne,16017,A+,2018,Marlins (A+),0,1,1,1,1,9,9,9,9,17.4789,6.23407,,254.26724243164062,489.4260559082031,164.1218719482422
오드리사머 데스파이네,Odrisamer Despaigne,16017,AAA,2018,Marlins (AAA),0,0,13,4,43.1,4.36154,8.30769,2.49231,0,2.86841,4.01217,,102.54230499267578,63.57356643676758,87.01177978515625
오드리사머 데스파이네,Odrisamer Despaigne,16017,MLB,2018,- - -,0,0,19,5,39,6.69231,8.07692,4.38462,0.923077,4.31428,4.46316,0.150949,165.15420532226562,104.23328399658203,107.44525909423828
오드리사머 데스파이네,Odrisamer Despaigne,16017,MLB,2018,Marlins,1,1,11,1,20.1,5.31148,7.96723,3.54099,0.442624,3.35715,4.09867,0.201275,139.4720001220703,85.16593170166016,100.81526184082031
오드리사머 데스파이네,Odrisamer Despaigne,16017,MLB,2018,Angels,1,1,8,4,18.2,8.19641,8.19641,5.30356,1.44643,5.35686,4.8602,-0.0503255,193.12936401367188,125.00300598144531,114.66719055175781
오드리사머 데스파이네,Odrisamer Despaigne,16017,AAA,2019,Reds (AAA),1,0,8,8,41.1,3.91936,8.70968,3.48387,1.08871,4.56828,4.4514,,79.63545227050781,93.20939636230469,90.85401153564453
오드리사머 데스파이네,Odrisamer Despaigne,16017,AAA,2019,White Sox (AAA),1,0,16,14,83,3.25301,9.10843,3.03614,0.650602,3.76931,4.1476,,60.79750442504883,70.53533935546875,84.65338134765625
오드리사머 데스파이네,Odrisamer Despaigne,16017,MLB,2019,White Sox,0,1,3,3,13.1,9.45002,4.72501,4.72501,2.02501,6.88902,7.09702,-0.0989658,205.91029357910156,146.14117431640625,154.60696411132812
닉 킹엄,Nick Kingham,11694,R,2010,Pirates (R),0,1,2,0,3,0,6,0,0,2.11346,2.50167,,0,58.38677215576172,69.16233825683594
닉 킹엄,Nick Kingham,11694,A-,2011,Pirates (A-),0,0,15,15,71,2.15493,5.95775,1.90141,0.633803,3.67441,3.61136,,55.00179672241211,96.33365631103516,96.21942901611328
닉 킹엄,Nick Kingham,11694,A,2012,Pirates (A),0,0,27,27,127,4.3937,8.29134,2.55118,1.06299,4.33528,3.73205,,102.15438079833984,103.0821533203125,89.22541809082031
닉 킹엄,Nick Kingham,11694,A+,2013,Pirates (A+),0,0,13,13,70,3.08571,9.64286,1.8,0.771429,3.1981,2.80927,,79.91800689697266,83.57564544677734,75.86139678955078
닉 킹엄,Nick Kingham,11694,AA,2013,Pirates (AA),0,0,14,12,73.1,2.7,8.46818,3.68182,0.122727,2.97035,3.80741,,67.9388656616211,75.6458740234375,94.8731460571289
닉 킹엄,Nick Kingham,11694,AA,2014,Pirates (AA),0,0,12,12,71,3.04225,6.84507,3.16901,0.380282,3.52374,4.18357,,76.07112121582031,90.04000854492188,104.51084899902344
닉 킹엄,Nick Kingham,11694,AAA,2014,Pirates (AAA),0,0,14,14,88,3.57955,6.64773,2.76136,0.613636,3.72132,4.04146,,91.61148071289062,94.50106048583984,100.09821319580078
닉 킹엄,Nick Kingham,11694,AAA,2015,Pirates (AAA),0,0,6,6,31.1,4.30851,9.19149,2.01064,0.861702,3.22086,2.79298,,124.6538314819336,92.48678588867188,77.2145004272461
닉 킹엄,Nick Kingham,11694,R,2016,Pirates (R),0,1,6,6,24,3,6,0.375,0,2.12309,2.75726,,91.47066497802734,62.84215545654297,80.80413818359375
닉 킹엄,Nick Kingham,11694,A+,2016,Pirates (A+),0,1,2,2,11,0,8.18182,0.818182,0,1.98005,2.41142,,0,53.72189712524414,67.27731323242188
닉 킹엄,Nick Kingham,11694,AA,2016,Pirates (AA),0,1,2,2,11,5.72727,8.18182,3.27273,0.818182,3.8121,3.65334,,145.6090850830078,99.18167114257812,92.3643569946289
닉 킹엄,Nick Kingham,11694,A+,2017,Pirates (A+),0,1,1,1,5,0,0,0,0,3.3106,4.30712,,0,91.06104278564453,122.74479675292969
닉 킹엄,Nick Kingham,11694,AAA,2017,Pirates (AAA),0,0,20,19,113.1,4.12941,7.38529,2.30294,0.635294,3.59342,3.95335,,110.86872863769531,95.25147247314453,99.57693481445312
닉 킹엄,Nick Kingham,11694,AA,2018,Pirates (AA),0,1,1,1,5,7.2,7.2,1.8,0,2.32896,3.21705,,180.94366455078125,59.728172302246094,79.94898986816406
닉 킹엄,Nick Kingham,11694,AAA,2018,Pirates (AAA),0,0,12,12,62.1,3.60963,8.37433,2.31016,0.721925,3.57371,3.83654,,100.56758880615234,98.00169372558594,99.64643859863281
닉 킹엄,Nick Kingham,11694,MLB,2018,Pirates,0,0,18,15,76,5.21053,8.17105,3.07895,2.13158,5.64727,4.63285,-0.293302,130.97581481933594,139.90670776367188,114.07058715820312
닉 킹엄,Nick Kingham,11694,AAA,2019,Blue Jays (AAA),0,1,1,1,2,22.5,4.5,9,9,18.6247,10.183,,467.099853515625,381.65142822265625,207.83694458007812
닉 킹엄,Nick Kingham,11694,MLB,2019,- - -,0,0,25,4,55.2,7.27544,7.43712,4.04191,1.77844,5.47748,5.33855,-0.221945,166.2884063720703,121.98274993896484,119.13008880615234
닉 킹엄,Nick Kingham,11694,MLB,2019,Pirates,1,0,14,4,34.2,9.86538,8.30768,4.41346,1.81731,5.46401,5.47853,-0.125059,227.2969207763672,123.90557098388672,123.74378967285156
닉 킹엄,Nick Kingham,11694,MLB,2019,Blue Jays,1,1,11,0,21,3,6,3.42857,1.71429,5.49972,5.10746,-0.0968862,65.5758285522461,118.8085708618164,111.51380920410156
리카르도 핀토,Ricardo Pinto,16318,R,2012,Phillies (R),0,0,15,10,69,2.73913,5.08696,2.6087,0.521739,3.74915,3.63194,,68.84407043457031,95.50833129882812,91.66671752929688
리카르도 핀토,Ricardo Pinto,16318,R,2013,Phillies (R),0,0,14,14,63,2.85714,7.28571,1.71429,0.571429,3.65789,3.74524,,69.91075134277344,90.7997055053711,92.05194854736328
리카르도 핀토,Ricardo Pinto,16318,A-,2014,Phillies (A-),0,0,9,9,47,2.10638,9.19149,2.87234,0.765957,3.59021,3.22388,,59.6695442199707,99.58433532714844,91.0389175415039
리카르도 핀토,Ricardo Pinto,16318,A,2015,Phillies (A),0,0,11,11,67,3.08955,8.0597,2.41791,0.537313,3.36494,3.40491,,88.71978759765625,94.3212661743164,89.48368072509766
리카르도 핀토,Ricardo Pinto,16318,A+,2015,Phillies (A+),0,0,13,13,78.1,2.87234,5.17021,2.18298,0.689362,3.8164,3.50089,,90.6677474975586,115.43737030029297,108.81474304199219
리카르도 핀토,Ricardo Pinto,16318,AA,2016,Phillies (AA),0,0,27,25,156,4.09615,5.82692,2.94231,1.15385,4.86396,4.44989,,99.1169662475586,115.59465026855469,112.50286102294922
리카르도 핀토,Ricardo Pinto,16318,AAA,2017,Phillies (AAA),0,0,19,8,60.2,3.85714,6.82418,2.67033,0.593407,3.56831,4.09504,,93.3790512084961,89.83142852783203,103.1457748413086
리카르도 핀토,Ricardo Pinto,16318,MLB,2017,Phillies,0,1,25,0,29.2,7.88763,7.58426,5.1573,2.12359,6.35988,5.39106,-0.434025,181.259033203125,143.44850158691406,124.5964584350586
리카르도 핀토,Ricardo Pinto,16318,A+,2018,White Sox (A+),0,1,3,3,10.2,6.75,6.75,6.75,1.6875,6.54387,5.06119,,167.408203125,163.38018798828125,131.30116271972656
리카르도 핀토,Ricardo Pinto,16318,AAA,2018,White Sox (AAA),0,0,27,3,54.1,5.79755,6.29448,3.64417,1.15951,4.98951,4.41168,,138.9886016845703,120.17494201660156,114.5845718383789
리카르도 핀토,Ricardo Pinto,16318,AA,2019,Rays (AA),0,1,4,2,18.2,4.82143,7.23214,3.85714,0.964286,4.36971,4.41381,,133.56280517578125,119.22805786132812,120.14266967773438
리카르도 핀토,Ricardo Pinto,16318,AAA,2019,Rays (AAA),0,0,24,4,104.2,4.12739,8.25478,3.95541,1.54777,5.60244,5.0391,,83.20160675048828,115.74077606201172,102.84902954101562
리카르도 핀토,Ricardo Pinto,16318,MLB,2019,Rays,0,1,2,0,2.1,15.4288,0,7.7144,3.8572,11.357,7.49053,-0.090961,352.36553955078125,258.3186340332031,163.13037109375
아리엘 미란다,Ariel Miranda,17526,R,2015,Orioles (R),0,1,1,1,3,0,18,0,0,-0.692634,-0.399045,,0,-19.72353172302246,-11.710328102111816
아리엘 미란다,Ariel Miranda,17526,A+,2015,Orioles (A+),0,1,5,5,22,4.09091,9.81818,3.27273,0.818182,3.48253,3.43038,,112.05499267578125,92.65818786621094,97.34379577636719
아리엘 미란다,Ariel Miranda,17526,AA,2015,Orioles (AA),0,0,8,8,45,3.6,8.2,3.6,0.2,3.06865,3.92147,,94.09575653076172,79.83412170410156,106.75796508789062
아리엘 미란다,Ariel Miranda,17526,AAA,2016,Orioles (AAA),0,0,19,19,100.2,3.93378,7.77815,2.77152,0.983444,3.84473,3.73692,,115.22298431396484,107.70008850097656,102.56432342529297
아리엘 미란다,Ariel Miranda,17526,MLB,2016,- - -,0,0,12,10,58,3.87931,6.82759,2.7931,1.86207,5.25001,5.05875,0.0856666,96.35575866699219,125.99093627929688,119.26346588134766
아리엘 미란다,Ariel Miranda,17526,MLB,2016,Orioles,1,1,1,0,2,13.5,18,0,0,-0.85344,1.64496,0.08888,319.3064270019531,-20.564382553100586,38.13445281982422
아리엘 미란다,Ariel Miranda,17526,MLB,2016,Mariners,1,0,11,10,56,3.53571,6.42857,2.89286,1.92857,5.46799,5.18068,-0.00321342,88.39323425292969,131.2250518798828,122.16093444824219
아리엘 미란다,Ariel Miranda,17526,MLB,2017,Mariners,0,0,31,29,160,5.11875,7.70625,3.54375,2.08125,5.72639,5.41058,0.00726774,121.7127685546875,132.95803833007812,123.25514221191406
아리엘 미란다,Ariel Miranda,17526,A+,2018,Mariners (A+),0,1,1,1,5,1.8,9,3.6,0,2.95801,4.67825,,43.587738037109375,72.75015258789062,109.90200805664062
아리엘 미란다,Ariel Miranda,17526,AAA,2018,Mariners (AAA),0,0,10,9,45.1,3.97059,7.94118,4.76471,0.595588,4.49533,5.18868,,93.08318328857422,99.35382080078125,112.52665710449219
아리엘 미란다,Ariel Miranda,17526,MLB,2018,Mariners,0,1,1,1,5,1.8,9,7.2,0,3.56043,4.88172,0.0950801,43.76829528808594,85.30842590332031,115.1712417602539
워커 로켓,Andrew Walker Lockett,13804,R,2012,Padres (R),0,1,10,3,18.2,4.33928,6.26786,1.92857,0.964286,5.01856,4.26562,,91.71778106689453,104.48896789550781,90.3326644897461
워커 로켓,Andrew Walker Lockett,13804,R,2013,Padres (R),0,1,3,0,2.1,11.5714,7.7143,7.7143,0,4.86429,5.11166,,300.6077880859375,119.75209045410156,125.25645446777344
워커 로켓,Andrew Walker Lockett,13804,A-,2014,Padres (A-),0,1,4,2,5.1,21.9375,1.6875,20.25,0,11.3212,12.5842,,571.134521484375,273.3963317871094,298.92315673828125
워커 로켓,Andrew Walker Lockett,13804,A,2014,Padres (A),0,1,1,1,5,0,1.8,1.8,0,3.6849,4.33555,,0,97.9452896118164,114.85957336425781
워커 로켓,Andrew Walker Lockett,13804,R,2015,Padres (R),0,1,3,2,15,5.4,7.8,3.6,1.2,5.01387,3.66421,,146.7804718017578,137.2694549560547,99.83373260498047
워커 로켓,Andrew Walker Lockett,13804,A-,2015,Padres (A-),0,0,11,11,57.1,2.82558,7.37791,1.56977,0.47093,3.323,3.13703,,78.67135620117188,92.28012084960938,81.45606994628906
워커 로켓,Andrew Walker Lockett,13804,A,2015,Padres (A),0,1,4,4,14.2,7.97727,6.13636,2.45455,1.22727,4.62234,3.47409,,213.65542602539062,128.54647827148438,96.75386047363281
워커 로켓,Andrew Walker Lockett,13804,A,2016,Padres (A),0,0,8,8,45,3,5.8,1.6,0,2.78587,3.44624,,81.712646484375,78.93663024902344,97.90065002441406
워커 로켓,Andrew Walker Lockett,13804,A+,2016,Padres (A+),0,0,11,10,66.1,2.98492,7.59799,1.62814,0.407035,3.33767,3.62877,,73.39863586425781,81.04370880126953,83.1393051147461
워커 로켓,Andrew Walker Lockett,13804,AA,2016,Padres (AA),0,0,6,4,34.2,2.07692,6.75,0.519231,0.519231,2.77841,2.73831,,58.626792907714844,78.35658264160156,73.87751770019531
워커 로켓,Andrew Walker Lockett,13804,AAA,2016,Padres (AAA),0,1,3,3,18,4.5,6,1,1,4.49866,4.32452,,97.32691955566406,99.12496948242188,97.00105285644531
워커 로켓,Andrew Walker Lockett,13804,R,2017,Padres (R),0,1,4,4,10,5.4,10.8,3.6,0.9,4.60355,3.82855,,120.25276947021484,107.84758758544922,87.4407958984375
워커 로켓,Andrew Walker Lockett,13804,AAA,2017,Padres (AAA),0,0,10,10,55.1,4.39157,5.36747,2.11446,1.46386,5.45572,5.08847,,88.34884643554688,112.81397247314453,107.57804107666016
워커 로켓,Andrew Walker Lockett,13804,AAA,2018,Padres (AAA),0,0,23,23,133.1,4.725,7.965,2.2275,1.1475,4.57783,4.29962,,96.37774658203125,96.52314758300781,93.24565887451172
워커 로켓,Andrew Walker Lockett,13804,MLB,2018,Padres,0,1,4,3,15,9.6,7.2,6,2.4,7.0271,5.10194,-0.319974,245.933349609375,175.11566162109375,125.71092224121094
워커 로켓,Andrew Walker Lockett,13804,A+,2019,Mets (A+),0,1,2,2,7,5.14286,7.71429,0,1.28571,3.45073,2.53284,,142.4869384765625,96.62589263916016,73.31494140625
워커 로켓,Andrew Walker Lockett,13804,AAA,2019,Mets (AAA),0,0,11,10,59,3.66102,5.94915,1.67797,0.762712,4.06541,4.6943,,73.7905502319336,80.45641326904297,95.81177520751953
워커 로켓,Andrew Walker Lockett,13804,MLB,2019,Mets,0,1,9,4,22.2,8.33822,6.35293,2.38235,2.38235,6.16989,5.01045,-0.159236,203.62701416015625,143.2115478515625,113.0916748046875
워커 로켓,Andrew Walker Lockett,13804,MLB,2020,- - -,0,1,7,1,16.1,4.95919,6.06124,2.20409,1.10204,4.53836,5.07157,0.104052,118.17660522460938,104.61054992675781,113.8981704711914
워커 로켓,Andrew Walker Lockett,13804,MLB,2020,Mets,1,1,2,1,8,5.625,9,3.375,1.125,4.69142,4.9947,0.0720813,134.539306640625,108.120361328125,112.0252914428711
워커 로켓,Andrew Walker Lockett,13804,MLB,2020,Mariners,1,1,5,0,8.1,4.32002,3.24001,1.08,1.08,4.39142,5.14537,0.0319703,102.46835327148438,101.24111938476562,115.6961441040039
앤드류 수아레즈,Andrew Jose Suarez,18300,R,2015,Giants (R),0,1,3,0,5,1.8,10.8,1.8,0,2.01387,2.10979,,50.89752197265625,55.22178268432617,57.48246765136719
앤드류 수아레즈,Andrew Jose Suarez,18300,A-,2015,Giants (A-),0,1,5,5,19.1,1.39655,6.98276,0.931035,0.931035,3.70552,2.98363,,33.524024963378906,91.814697265625,77.472900390625
앤드류 수아레즈,Andrew Jose Suarez,18300,A+,2015,Giants (A+),0,1,3,3,15,1.8,9.6,1.2,1.2,3.77874,2.96191,,44.85236740112305,91.76908111572266,69.56971740722656
앤드류 수아레즈,Andrew Jose Suarez,18300,A+,2016,Giants (A+),0,1,5,5,29.2,2.42697,10.3146,1.51685,0.606741,2.90556,2.88372,,58.394508361816406,68.21170043945312,66.0694351196289
앤드류 수아레즈,Andrew Jose Suarez,18300,AA,2016,Giants (AA),0,0,19,19,114,3.94737,7.10526,1.89474,0.868421,3.7172,3.35126,,105.70207977294922,97.8459701538086,84.72718048095703
앤드류 수아레즈,Andrew Jose Suarez,18300,AA,2017,Giants (AA),0,0,11,11,67,2.95522,7.38806,2.01493,0.402985,2.9713,3.50465,,77.96571350097656,76.96014404296875,86.89733123779297
앤드류 수아레즈,Andrew Jose Suarez,18300,AAA,2017,Giants (AAA),0,0,15,13,88.2,3.55263,8.1203,2.7406,0.710526,3.95762,4.09846,,80.86407470703125,85.43379974365234,86.6476058959961
앤드류 수아레즈,Andrew Jose Suarez,18300,A+,2018,Giants (A+),0,1,1,1,6.2,1.35,9.45,2.7,0,2.55801,3.66388,,32.81253433227539,60.72774124145508,86.07227325439453
앤드류 수아레즈,Andrew Jose Suarez,18300,AAA,2018,Giants (AAA),0,1,3,3,16.2,1.08,8.64,3.78,0,3.08533,4.18094,,25.11905860900879,67.97711181640625,90.6717529296875
앤드류 수아레즈,Andrew Jose Suarez,18300,MLB,2018,Giants,0,0,29,29,160.1,4.49065,7.2973,2.52599,1.29106,4.3018,3.76579,1.1619,115.2283706665039,110.84456634521484,92.55491638183594
앤드류 수아레즈,Andrew Jose Suarez,18300,AAA,2019,Giants (AAA),0,0,18,15,88,5.72727,5.82955,3.27273,1.125,5.31941,6.06079,,110.38922882080078,97.8249740600586,110.45938873291016
앤드류 수아레즈,Andrew Jose Suarez,18300,MLB,2019,Giants,0,0,21,2,32.2,5.78571,6.88775,3.85714,1.92857,5.84666,4.94866,-0.338845,136.5771942138672,138.76333618164062,111.68560028076172
앤드류 수아레즈,Andrew Jose Suarez,18300,MLB,2020,Giants,0,1,6,0,9.2,3.72412,4.65516,5.58619,0.931031,5.36383,6.41272,-0.078551,85.15763854980469,125.91692352294922,143.66583251953125
대니얼 멩덴,Daniel Joseph Mengden,16980,R,2014,Astros (R),0,1,4,0,6.1,4.26316,15.6316,0,0,0.507398,0.71639,,117.24472045898438,13.699200630187988,19.190488815307617
대니얼 멩덴,Daniel Joseph Mengden,16980,A-,2014,Astros (A-),0,1,2,1,4.2,1.92857,11.5714,1.92857,0,1.5127,1.92678,,50.53314208984375,40.55865478515625,54.41048049926758
대니얼 멩덴,Daniel Joseph Mengden,16980,A,2015,Astros (A),0,0,8,6,38.2,1.16379,8.37931,1.86207,0.232759,2.64507,2.9518,,32.57527542114258,74.65007019042969,82.20791625976562
대니얼 멩덴,Daniel Joseph Mengden,16980,A+,2015,Astros (A+),1,0,10,8,49.2,5.25503,8.69799,3.26174,0.724832,4.10088,4.20723,,110.74000549316406,90.9067153930664,98.81987762451172
대니얼 멩덴,Daniel Joseph Mengden,16980,A+,2015,Athletics (A+),1,0,8,8,42.1,4.25197,8.71654,2.12598,1.27559,4.53464,3.77461,,101.4391098022461,103.42481231689453,88.65853881835938
대니얼 멩덴,Daniel Joseph Mengden,16980,AA,2016,Athletics (AA),0,1,4,4,23,0.782609,10.9565,4.69565,0,2.31269,2.97507,,19.809633255004883,62.51913070678711,80.26504516601562
대니얼 멩덴,Daniel Joseph Mengden,16980,AAA,2016,Athletics (AAA),0,0,13,13,75.1,1.67257,8.00443,2.03097,0.477876,3.42885,3.76098,,41.60903549194336,82.46289825439453,84.36053466796875
대니얼 멩덴,Daniel Joseph Mengden,16980,MLB,2016,Athletics,0,0,14,14,72,6.5,8.875,4.125,1.125,4.341,4.56667,0.766901,158.25982666015625,104.58345794677734,107.56909942626953
대니얼 멩덴,Daniel Joseph Mengden,16980,R,2017,Athletics (R),0,1,2,2,5,0,16.2,5.4,0,2.40355,2.55355,,0,55.331756591796875,58.32086944580078
대니얼 멩덴,Daniel Joseph Mengden,16980,AAA,2017,Athletics (AAA),0,0,9,9,41,4.17073,8.78049,3.95122,1.09756,4.89151,4.46855,,97.79443359375,110.87963104248047,94.47197723388672
대니얼 멩덴,Daniel Joseph Mengden,16980,MLB,2017,Athletics,0,0,7,7,43,3.13953,6.06977,1.88372,1.25581,4.25066,4.67056,0.57241,74.31230926513672,99.15640258789062,106.3436508178711
대니얼 멩덴,Daniel Joseph Mengden,16980,AAA,2018,Athletics (AAA),0,0,9,8,45.1,2.97794,6.75,1.38971,0.397059,3.48062,4.37442,,71.62767791748047,80.9334716796875,94.8679428100586
대니얼 멩덴,Daniel Joseph Mengden,16980,MLB,2018,Athletics,0,0,22,17,115.2,4.04611,5.6023,2.02305,1.40058,4.69069,4.69527,0.532843,98.90190887451172,113.7903060913086,110.8046646118164
대니얼 멩덴,Daniel Joseph Mengden,16980,AAA,2019,Athletics (AAA),0,0,13,10,64,4.21875,8.57812,2.8125,1.125,4.54668,4.87394,,69.72982788085938,77.76041412353516,88.828857421875
대니얼 멩덴,Daniel Joseph Mengden,16980,MLB,2019,Athletics,0,0,13,9,59.2,4.82681,6.33519,4.07262,1.05587,4.68887,5.7308,0.635105,108.54710388183594,105.0248031616211,125.01519012451172
대니얼 멩덴,Daniel Joseph Mengden,16980,MLB,2020,Athletics,0,1,4,1,12.1,3.64866,7.29732,5.10812,1.45946,5.62386,6.33,-0.0505254,86.9177474975586,130.7731475830078,142.46644592285156
보 다카하시,Rodrigo Hitoshi Bo Takahashi,sa830370,R,2014,Diamondbacks (R),0,0,10,4,41,4.39024,7.46341,2.63415,0.219512,3.78466,4.25947,,112.84736633300781,96.11173248291016,106.6795883178711
보 다카하시,Rodrigo Hitoshi Bo Takahashi,sa830370,R,2015,Diamondbacks (R),0,0,15,15,77.1,4.65517,6.28448,3.49138,0.931035,5.56911,5.63678,,96.16324615478516,112.40315246582031,116.54022216796875
보 다카하시,Rodrigo Hitoshi Bo Takahashi,sa830370,A-,2016,Diamondbacks (A-),0,0,10,10,50.1,2.50331,7.15232,3.03974,0,3.43067,4.33326,,65.92225646972656,87.99713897705078,107.1623306274414
보 다카하시,Rodrigo Hitoshi Bo Takahashi,sa830370,A,2016,Diamondbacks (A),0,1,7,5,24,3,7.125,4.125,0.375,4.05809,4.42243,,83.72798156738281,114.26145935058594,125.6319808959961
보 다카하시,Rodrigo Hitoshi Bo Takahashi,sa830370,A+,2016,Diamondbacks (A+),0,1,2,2,9,4,8,1,2,5.82566,4.34521,,90.79610443115234,134.4292449951172,99.55401611328125
보 다카하시,Rodrigo Hitoshi Bo Takahashi,sa830370,A,2017,Diamondbacks (A),0,1,4,4,16.1,3.85714,7.71429,2.7551,1.65306,5.45642,4.323,,96.45186614990234,137.6514892578125,110.0322265625
보 다카하시,Rodrigo Hitoshi Bo Takahashi,sa830370,A+,2017,Diamondbacks (A+),0,0,20,20,109.2,5.33435,7.63222,3.03647,1.06687,5.04446,5.05298,,121.37505340576172,116.83821105957031,115.78475189208984
보 다카하시,Rodrigo Hitoshi Bo Takahashi,sa830370,A+,2018,Diamondbacks (A+),0,0,9,9,47.2,3.02098,10.007,1.88811,0.755245,3.38039,3.39792,,70.4715805053711,80.27027893066406,79.82444763183594
보 다카하시,Rodrigo Hitoshi Bo Takahashi,sa830370,AA,2018,Diamondbacks (AA),0,0,14,14,73,4.68493,9.49315,2.46575,1.47945,4.45943,3.75199,,118.81967163085938,114.72547149658203,96.76423645019531
보 다카하시,Rodrigo Hitoshi Bo Takahashi,sa830370,AA,2019,Diamondbacks (AA),0,0,22,22,118.2,3.71629,7.88764,2.88202,0.910112,3.97244,3.86337,,99.4776382446289,107.86192321777344,105.15985107421875
앤더슨 프랑코,Enderson Daniel Franco,11896,R,2010,Astros (R),0,0,9,7,34.1,3.6699,5.50486,1.83495,1.04854,4.24291,3.13482,,108.37606048583984,123.12789916992188,92.530029296875
앤더슨 프랑코,Enderson Daniel Franco,11896,R,2011,Astros (R),0,0,10,10,47,4.40426,4.97872,3.25532,0.191489,3.93024,4.53853,,115.55475616455078,105.26834869384766,119.27973175048828
앤더슨 프랑코,Enderson Daniel Franco,11896,R,2012,Astros (R),0,0,10,7,50,4.86,6.66,1.44,0.36,3.25375,3.47374,,144.57232666015625,96.70877075195312,101.16451263427734
앤더슨 프랑코,Enderson Daniel Franco,11896,R,2013,Astros (R),0,0,12,12,51.2,5.05161,7.14193,3.13548,0.696774,4.18864,3.94307,,142.49000549316406,115.40248107910156,107.30889129638672
앤더슨 프랑코,Enderson Daniel Franco,11896,A-,2014,Rays (A-),0,0,13,13,68.2,3.2767,6.5534,1.04854,0.524272,3.13545,3.09107,,89.8067398071289,88.75775909423828,87.28870391845703
앤더슨 프랑코,Enderson Daniel Franco,11896,A,2015,Marlins (A),1,0,12,12,54.1,7.28834,6.12883,4.1411,0.993865,5.04877,4.56201,,184.25677490234375,122.60758209228516,119.89331817626953
앤더슨 프랑코,Enderson Daniel Franco,11896,A,2015,Rays (A),1,0,13,13,71.2,3.89302,5.90233,1.00465,0.502326,3.18576,3.19047,,110.53846740722656,88.31131744384766,88.85502624511719
앤더슨 프랑코,Enderson Daniel Franco,11896,A+,2016,Braves (A+),0,0,26,25,144,4.6875,6.0625,2.875,0.4375,4.0606,4.52489,,117.22602844238281,100.22773742675781,111.0417251586914
앤더슨 프랑코,Enderson Daniel Franco,11896,A,2017,Braves (A),0,1,2,0,5.2,3.17647,7.94117,3.17647,0,2.81905,3.64457,,81.92442321777344,76.68340301513672,97.97996520996094
앤더슨 프랑코,Enderson Daniel Franco,11896,A+,2017,Braves (A+),0,0,19,19,106.2,4.13438,7.34063,3.20625,0.759375,3.95747,3.87269,,118.04601287841797,114.89093017578125,110.36438751220703
앤더슨 프랑코,Enderson Daniel Franco,11896,AAA,2017,Braves (AAA),0,1,2,2,9,1,11,3,0,1.89309,2.97464,,25.264375686645508,48.414119720458984,74.92518615722656
앤더슨 프랑코,Enderson Daniel Franco,11896,AA,2018,Braves (AA),0,0,28,20,127.2,3.94778,9.16449,2.96084,0.986945,3.90401,3.89352,,106.0096435546875,106.08854675292969,100.414306640625
앤더슨 프랑코,Enderson Daniel Franco,11896,AAA,2018,Braves (AAA),0,1,1,1,5.2,1.58823,1.58823,4.7647,1.58823,6.86248,6.59113,,41.18446731567383,180.3389129638672,171.1911163330078
앤더슨 프랑코,Enderson Daniel Franco,11896,AAA,2019,Giants (AAA),0,0,26,22,113,5.97345,7.80531,2.86726,1.9115,5.91172,5.84121,,115.13414764404297,108.71780395507812,106.4576416015625
앤더슨 프랑코,Enderson Daniel Franco,11896,MLB,2019,Giants,0,1,5,0,5.1,3.37502,6.75004,1.68751,1.68751,4.71402,5.63331,-0.00802634,79.67060852050781,111.69207763671875,127.2660903930664
라이언 카펜터,Ryan Nicholas Carpenter,12699,A-,2011,Rays (A-),0,1,8,4,23.2,0.760563,9.88732,1.52113,0,1.67441,2.32734,,20.266298294067383,46.455772399902344,62.00877380371094
라이언 카펜터,Ryan Nicholas Carpenter,12699,A,2012,Rays (A),0,0,29,28,149.2,4.02895,6.7951,1.38307,0.902005,3.76507,3.54565,,108.83050537109375,96.28340911865234,91.328857421875
라이언 카펜터,Ryan Nicholas Carpenter,12699,A+,2013,Rays (A+),0,0,24,22,117.2,4.66572,7.41926,2.83003,1.07082,4.26078,3.68953,,127.1514892578125,115.63895416259766,99.63167572021484
라이언 카펜터,Ryan Nicholas Carpenter,12699,A+,2014,Rockies (A+),0,0,13,13,77.2,3.93991,6.25751,3.36052,0.34764,4.20618,5.44691,,89.064697265625,96.61495208740234,118.03915405273438
라이언 카펜터,Ryan Nicholas Carpenter,12699,AA,2015,Rockies (AA),0,0,28,28,167,4.04192,7.11377,1.99401,1.02395,3.93931,3.60229,,110.16789245605469,108.48979187011719,98.06852722167969
라이언 카펜터,Ryan Nicholas Carpenter,12699,AAA,2016,Rockies (AAA),0,0,26,8,68.2,7.47087,8.91262,3.2767,2.09709,5.94904,4.44467,,149.26260375976562,126.64054107666016,99.69599914550781
라이언 카펜터,Ryan Nicholas Carpenter,12699,AAA,2017,Rockies (AAA),0,0,27,25,156,4.15385,9.28846,2.25,1.09615,4.22078,3.92057,,78.22183990478516,84.68704223632812,82.88668823242188
라이언 카펜터,Ryan Nicholas Carpenter,12699,R,2018,Tigers (R),0,1,1,1,3,0,12,3,0,1.99051,2.40016,,0,51.583351135253906,60.820518493652344
라이언 카펜터,Ryan Nicholas Carpenter,12699,A+,2018,Tigers (A+),0,1,1,1,3,3,3,3,3,8.14557,5.5674,,84.22586059570312,214.28024291992188,146.57081604003906
라이언 카펜터,Ryan Nicholas Carpenter,12699,AAA,2018,Tigers (AAA),0,0,14,14,76.1,5.06987,8.60699,2.47598,0.943232,3.72608,3.92532,,135.80906677246094,101.01943969726562,101.95245361328125
라이언 카펜터,Ryan Nicholas Carpenter,12699,MLB,2018,Tigers,0,1,6,5,22.1,7.25374,6.04479,1.61194,3.22389,7.41417,4.68022,-0.434014,166.78131103515625,171.42306518554688,110.452392578125
라이언 카펜터,Ryan Nicholas Carpenter,12699,AAA,2019,Tigers (AAA),0,0,14,14,77,5.25974,8.88312,3.03896,1.28571,4.83252,4.94076,,110.18132781982422,102.99791717529297,100.84191131591797
라이언 카펜터,Ryan Nicholas Carpenter,12699,MLB,2019,Tigers,0,0,9,9,40.2,9.29507,5.53278,2.87705,2.65574,6.92712,6.12378,-0.426165,200.47088623046875,150.7621612548828,133.52691650390625
웨스 파슨스,Wes Parsons,14764,A,2013,Braves (A),0,0,19,19,109.2,2.62614,8.28875,1.7234,0.410334,3.05239,3.30496,,68.0953140258789,80.50755310058594,87.64191436767578
웨스 파슨스,Wes Parsons,14764,A+,2014,Braves (A+),0,0,23,23,113.1,5.00294,7.62353,2.7,0.794118,4.18812,3.82391,,126.65843200683594,107.12884521484375,97.337890625
웨스 파슨스,Wes Parsons,14764,R,2015,Braves (R),0,1,3,2,9.2,0.931034,13.0345,0,0,0.410815,0.501929,,25.600236892700195,11.752763748168945,14.729791641235352
웨스 파슨스,Wes Parsons,14764,A,2015,Braves (A),0,1,1,1,5,1.8,3.6,0,1.8,5.88435,4.06545,,45.18307113647461,155.2304229736328,106.84339904785156
웨스 파슨스,Wes Parsons,14764,A+,2015,Braves (A+),0,1,1,1,5,7.2,0,1.8,0,4.45525,5.12695,,208.21034240722656,127.1619644165039,145.48719787597656
웨스 파슨스,Wes Parsons,14764,R,2016,Braves (R),0,1,4,1,6.2,2.7,12.15,0,0,0.631421,0.710145,,73.21672058105469,17.770923614501953,20.811866760253906
웨스 파슨스,Wes Parsons,14764,A+,2016,Braves (A+),0,0,16,7,56,3.85714,7.07143,2.89286,0,3.20742,3.82504,,96.46027374267578,79.16883850097656,93.86743927001953
웨스 파슨스,Wes Parsons,14764,AA,2016,Braves (AA),0,1,1,1,4,0,4.5,4.5,0,3.82003,4.4781,,0,108.25053405761719,120.97515869140625
웨스 파슨스,Wes Parsons,14764,AA,2017,Braves (AA),0,0,26,10,103,2.70874,8.56311,2.8835,0.436893,2.94805,3.04604,,78.10183715820312,86.0039291381836,84.63890838623047
웨스 파슨스,Wes Parsons,14764,AAA,2017,Braves (AAA),0,1,4,1,8.1,8.64,10.8,6.48,0,3.45754,4.4796,,218.2850799560547,88.42337799072266,112.83222961425781
웨스 파슨스,Wes Parsons,14764,AA,2018,Braves (AA),0,1,8,7,29.1,1.22727,8.59091,3.06818,0.306818,3.02263,3.22977,,32.95596694946289,82.13771057128906,83.2959976196289
웨스 파슨스,Wes Parsons,14764,AAA,2018,Braves (AAA),0,0,16,14,88,3.27273,7.77273,2.55682,0.715909,3.59443,3.69355,,84.86546325683594,94.45829010009766,95.93273162841797
웨스 파슨스,Wes Parsons,14764,MLB,2018,Braves,0,1,1,0,5,7.2,5.4,5.4,1.8,6.36043,5.74237,-0.117099,175.04168701171875,158.54737854003906,141.60289001464844
웨스 파슨스,Wes Parsons,14764,AAA,2019,Braves (AAA),0,0,27,0,56.2,2.85882,8.57647,3.33529,0.158824,3.27179,4.10418,,58.349822998046875,68.09188079833984,83.7672348022461
웨스 파슨스,Wes Parsons,14764,MLB,2019,- - -,0,0,32,0,34.2,5.45193,6.75001,7.52886,1.5577,6.64671,6.00337,-0.67817,112.89697265625,146.72573852539062,135.6876220703125
웨스 파슨스,Wes Parsons,14764,MLB,2019,Braves,1,1,17,0,15.1,3.52175,7.04349,7.63045,1.17392,6.08358,6.20416,-0.290405,78.51914978027344,138.92147827148438,140.25692749023438
웨스 파슨스,Wes Parsons,14764,MLB,2019,Rockies,1,1,15,0,19.1,6.98277,6.51725,7.44829,1.86207,7.09333,5.84413,-0.387765,140.16212463378906,152.91531372070312,132.06369018554688
윌머 폰트,Wilmer Font Gomez,5257,R,2007,Rangers (R),0,0,14,10,45.2,4.53285,12.0219,4.72993,0.394161,4.09394,4.16306,,94.87110900878906,89.3398208618164,
윌머 폰트,Wilmer Font Gomez,5257,R,2008,Rangers (R),0,1,3,0,4.1,10.3846,12.4615,2.07692,2.07692,7.11621,4.6482,,226.35540771484375,161.728759765625,106.89490509033203
윌머 폰트,Wilmer Font Gomez,5257,A,2009,Rangers (A),0,0,29,24,108.1,3.48923,8.72308,4.90154,0.332308,3.90308,4.26665,,89.03308868408203,100.23036193847656,114.90287780761719
윌머 폰트,Wilmer Font Gomez,5257,A,2010,Rangers (A),0,1,7,7,29.2,5.1573,10.0112,3.94382,0.910112,4.02239,3.48057,,128.023193359375,100.4822998046875,91.13703918457031
윌머 폰트,Wilmer Font Gomez,5257,A+,2010,Rangers (A+),0,0,9,9,49,3.85714,9.55102,5.87755,0.918367,5.01973,4.98764,,83.93169403076172,107.6606216430664,108.91961669921875
윌머 폰트,Wilmer Font Gomez,5257,A+,2012,Rangers (A+),0,0,23,19,83.1,4.212,11.772,3.996,1.08,3.76946,3.273,,106.96813201904297,95.09064483642578,82.8738021850586
윌머 폰트,Wilmer Font Gomez,5257,AA,2012,Rangers (AA),0,1,10,0,15,3,17.4,4.2,0.6,1.88011,1.6158,,74.03180694580078,45.14651107788086,40.077327728271484
윌머 폰트,Wilmer Font Gomez,5257,MLB,2012,Rangers,0,1,3,0,2,9,4.5,18,0,8.09445,9.5627,-0.0483121,208.17962646484375,191.44969177246094,232.78750610351562
윌머 폰트,Wilmer Font Gomez,5257,AA,2013,Rangers (AA),0,0,26,0,32,1.40625,12.6562,6.75,0.5625,3.49385,3.56876,,36.328739166259766,89.60724639892578,94.32706451416016
윌머 폰트,Wilmer Font Gomez,5257,AAA,2013,Rangers (AAA),0,1,16,0,20,0.45,11.7,4.5,0,2.76976,4.10508,,10.267601013183594,62.193626403808594,92.6756820678711
윌머 폰트,Wilmer Font Gomez,5257,MLB,2013,Rangers,0,1,2,0,1.1,0,0,13.5003,0,7.54797,11.6465,-0.0151926,0,184.49880981445312,292.3476257324219
윌머 폰트,Wilmer Font Gomez,5257,AA,2014,Rangers (AA),0,0,29,0,31,3.48387,9,4.93548,0.580645,3.70078,4.26771,,90.7139663696289,97.68492889404297,115.56409454345703
윌머 폰트,Wilmer Font Gomez,5257,AA,2016,Blue Jays (AA),0,0,8,8,46.2,3.47143,9.06428,1.35,1.35,3.87184,3.3249,,84.86949920654297,97.3644790649414,84.06053924560547
윌머 폰트,Wilmer Font Gomez,5257,AAA,2016,Blue Jays (AAA),0,1,4,3,19.1,4.18966,3.72414,2.32759,0.465517,4.10027,5.0683,,116.105712890625,112.18466186523438,139.10581970214844
윌머 폰트,Wilmer Font Gomez,5257,AAA,2017,Dodgers (AAA),0,0,25,25,134.1,3.41687,11.9256,2.34491,0.736973,2.98381,3.31814,,71.90608215332031,63.45233917236328,70.15039825439453
윌머 폰트,Wilmer Font Gomez,5257,MLB,2017,Dodgers,0,1,3,0,3.2,17.1817,7.36357,9.81809,4.90905,11.8848,8.18986,-0.173907,414.4696044921875,279.21563720703125,189.07688903808594
윌머 폰트,Wilmer Font Gomez,5257,MLB,2018,- - -,0,0,19,5,44,5.93182,7.36364,3.27273,2.45455,6.22861,4.89782,-0.329109,149.04678344726562,153.06634521484375,116.61289978027344
윌머 폰트,Wilmer Font Gomez,5257,MLB,2018,Dodgers,1,1,6,0,10.1,11.3226,6.09679,0.870971,4.35485,8.38626,4.49343,-0.467647,294.3207702636719,210.007080078125,110.6109619140625
윌머 폰트,Wilmer Font Gomez,5257,MLB,2018,Athletics,1,1,4,0,6.2,14.8499,12.1499,5.39997,6.74997,12.0104,5.23333,-0.268505,362.9873046875,289.9974670410156,123.40536499023438
윌머 폰트,Wilmer Font Gomez,5257,MLB,2018,Rays,1,1,9,5,27,1.66667,6.66667,3.66667,0.666667,3.97525,4.96975,0.407043,40.623191833496094,97.4639663696289,117.23277282714844
윌머 폰트,Wilmer Font Gomez,5257,MLB,2019,- - -,0,0,48,17,84.1,4.48221,10.1383,3.09486,1.81423,4.71994,4.52889,0.505411,103.564453125,106.72135162353516,100.7614517211914
윌머 폰트,Wilmer Font Gomez,5257,MLB,2019,Rays,1,1,10,0,14,5.78571,11.5714,3.21429,1.28571,3.57115,3.70322,0.167345,132.13519287109375,81.86392211914062,81.09822845458984
윌머 폰트,Wilmer Font Gomez,5257,MLB,2019,Mets,1,0,15,3,31,4.93548,6.96774,3.77419,2.32258,6.47207,6.06896,-0.480884,120.52902221679688,150.2725372314453,137.18017578125
윌머 폰트,Wilmer Font Gomez,5257,MLB,2019,Blue Jays,1,0,23,14,39.1,3.66102,12.1271,2.51695,1.6017,3.74791,3.60899,0.818951,80.0248031616211,81.2446517944336,79.05731964111328
윌머 폰트,Wilmer Font Gomez,5257,MLB,2020,Blue Jays,0,1,21,0,16.1,9.91839,8.26532,4.95919,1.10204,4.78326,5.55259,0.00177808,215.68618774414062,108.07442474365234,124.89847564697266
아티 르위키,Artie Michael Lewicki,16731,R,2014,Tigers (R),0,1,2,0,2,0,18,4.5,0,1.0074,1.0074,,0,27.30722999572754,26.986486434936523
아티 르위키,Artie Michael Lewicki,16731,A,2014,Tigers (A),0,1,10,1,25.2,2.45455,7.71428,3.15584,0.701299,3.83554,3.58307,,66.17588806152344,103.53712463378906,94.92433166503906
아티 르위키,Artie Michael Lewicki,16731,A,2015,Tigers (A),0,0,15,15,79.1,3.51681,8.73529,2.83613,0.453782,3.13036,3.25831,,100.6611557006836,90.12135314941406,90.74432373046875
아티 르위키,Artie Michael Lewicki,16731,A+,2016,Tigers (A+),0,1,5,3,21.2,3.32308,8.30769,2.49231,0,2.37585,2.99637,,91.98704528808594,62.934818267822266,83.59695434570312
아티 르위키,Artie Michael Lewicki,16731,AA,2016,Tigers (AA),0,0,12,12,67.1,3.47525,7.61881,1.73762,0.534653,3.10508,3.39638,,85.0105972290039,77.1597900390625,85.8677978515625
아티 르위키,Artie Michael Lewicki,16731,AA,2017,Tigers (AA),0,0,20,20,110,3.76364,7.36364,1.96364,0.409091,2.91594,3.60835,,89.58318328857422,69.96542358398438,89.46856689453125
아티 르위키,Artie Michael Lewicki,16731,AAA,2017,Tigers (AAA),0,0,5,5,31,2.03226,9.58065,2.03226,0.580645,2.82141,3.04244,,52.527896881103516,73.96929931640625,76.63294219970703
아티 르위키,Artie Michael Lewicki,16731,MLB,2017,Tigers,0,1,4,1,10.1,6.09679,5.22582,3.48388,0.870971,4.41571,6.25622,0.0527,137.7744903564453,99.25684356689453,142.58001708984375
아티 르위키,Artie Michael Lewicki,16731,AAA,2018,Tigers (AAA),0,0,12,12,61.2,4.67027,8.02703,2.33513,0.72973,3.43037,3.67745,,125.10470581054688,93.00215911865234,95.51436614990234
아티 르위키,Artie Michael Lewicki,16731,MLB,2018,Tigers,0,0,13,3,38.2,4.88793,6.98275,3.25862,0.931034,4.11733,4.48107,0.368398,112.38541412353516,95.56704711914062,105.78836822509766
아티 르위키,Artie Michael Lewicki,16731,MLB,2020,Diamondbacks,0,1,2,0,3.1,5.40005,13.5001,2.70003,0,1.0914,4.56234,0.102543,119.16224670410156,25.500808715820312,102.3779525756836
샘 가빌리오,Samuel Joseph Gaviglio,12778,A-,2011,Cardinals (A-),0,1,2,2,4,0,9,0,0,1.36456,2.00842,,0,36.5703239440918,53.51136779785156
샘 가빌리오,Samuel Joseph Gaviglio,12778,A,2012,Cardinals (A),0,0,23,23,133,3.92481,7.64662,2.03008,0.81203,3.74931,3.20525,,100.89508056640625,97.14086151123047,82.56102752685547
샘 가빌리오,Samuel Joseph Gaviglio,12778,R,2013,Cardinals (R),0,1,2,1,8,0,10.125,1.125,0,1.58508,1.86215,,0,45.4029426574707,52.43146514892578
샘 가빌리오,Samuel Joseph Gaviglio,12778,A+,2013,Cardinals (A+),0,0,7,7,39.2,2.72269,6.80672,2.72269,0.453781,3.36701,3.23766,,75.9983139038086,93.78704833984375,87.4295883178711
샘 가빌리오,Samuel Joseph Gaviglio,12778,AA,2014,Cardinals (AA),0,0,25,24,136.2,4.28049,8.29756,3.02927,0.526829,3.24453,3.2547,,113.58541870117188,85.27070617675781,88.13306427001953
샘 가빌리오,Samuel Joseph Gaviglio,12778,R,2015,Mariners (R),0,1,2,2,4,0,2.25,0,0,3.31387,3.43377,,0,91.45453643798828,93.55513763427734
샘 가빌리오,Samuel Joseph Gaviglio,12778,AAA,2015,Mariners (AAA),0,0,21,17,101.2,5.13443,6.99344,3.18689,1.41639,5.27152,4.40922,,127.61670684814453,122.11419677734375,100.81549835205078
샘 가빌리오,Samuel Joseph Gaviglio,12778,AA,2016,Mariners (AA),0,0,18,17,102,4.14706,6.44118,1.94118,0.617647,3.45729,3.35654,,110.20486450195312,92.40362548828125,90.67622375488281
샘 가빌리오,Samuel Joseph Gaviglio,12778,AAA,2016,Mariners (AAA),0,0,10,9,63,3.71429,7.14286,2,1,4.29231,3.97491,,89.6927719116211,96.82563018798828,89.15898132324219
샘 가빌리오,Samuel Joseph Gaviglio,12778,AAA,2017,Mariners (AAA),0,0,13,13,72,3.875,7.125,1.5,0.625,3.74856,3.90486,,87.5884017944336,79.65091705322266,82.55470275878906
샘 가빌리오,Samuel Joseph Gaviglio,12778,MLB,2017,- - -,0,0,16,13,74.1,4.35875,5.93274,3.14798,1.93722,5.80787,4.80442,-0.229618,102.9837646484375,134.86305236816406,109.40267181396484
샘 가빌리오,Samuel Joseph Gaviglio,12778,MLB,2017,Mariners,1,0,12,11,62.1,4.62032,5.7754,3.03209,2.16578,6.10951,4.86461,-0.407824,109.86126708984375,141.88021850585938,110.77825927734375
샘 가빌리오,Samuel Joseph Gaviglio,12778,MLB,2017,Royals,1,1,4,2,12,3,6.75,3.75,0.75,4.24097,4.49174,0.178206,67.25896453857422,98.41275787353516,102.25727081298828
샘 가빌리오,Samuel Joseph Gaviglio,12778,AAA,2018,Blue Jays (AAA),0,1,5,5,29,1.86207,9,1.24138,1.24138,3.64342,2.95702,,48.776397705078125,94.37306213378906,76.80278778076172
샘 가빌리오,Samuel Joseph Gaviglio,12778,MLB,2018,Blue Jays,0,0,26,24,123.2,5.31267,7.64151,2.7655,1.5283,4.68873,4.16396,0.766313,123.4919662475586,109.78199005126953,98.36222839355469
샘 가빌리오,Samuel Joseph Gaviglio,12778,MLB,2019,Blue Jays,0,0,52,0,95.2,4.60975,8.27874,2.06969,1.69338,4.63561,4.31051,0.127604,100.76282501220703,100.27954864501953,94.25213623046875
샘 가빌리오,Samuel Joseph Gaviglio,12778,MLB,2020,Blue Jays,0,1,4,0,3,9,3,15,0,7.52475,11.3813,-0.10094,195.71484375,170.3498077392578,256.61566162109375
조시 스미스,Joshua Allen Smith,10946,R,2010,Reds (R),0,1,12,0,21,2.14286,12,4.28571,0.428571,3.96515,3.9599,,49.80485916137695,89.8951644897461,86.50523376464844
조시 스미스,Joshua Allen Smith,10946,A,2010,Reds (A),0,1,7,0,12.2,2.13158,10.6579,4.26316,0.710526,3.95542,3.93169,,50.7744140625,94.12107849121094,95.30693817138672
조시 스미스,Joshua Allen Smith,10946,A,2011,Reds (A),0,0,26,26,142.1,2.9719,10.4965,2.08665,0.632318,2.805,2.95363,,77.05144500732422,73.27619934082031,78.24681854248047
조시 스미스,Joshua Allen Smith,10946,A+,2012,Reds (A+),0,0,27,27,147,3.79592,8.57143,2.81633,0.918367,4.35839,4.51368,,78.9458999633789,88.82135772705078,95.27601623535156
조시 스미스,Joshua Allen Smith,10946,AA,2013,Reds (AA),0,0,28,28,160,3.2625,7.81875,2.8125,0.9,3.54388,3.49893,,91.2769775390625,98.18589782714844,98.5124282836914
조시 스미스,Joshua Allen Smith,10946,AAA,2014,Reds (AAA),0,0,28,24,159,4.69811,6.96226,3.73585,0.45283,3.84196,4.52974,,114.0169448852539,94.84220123291016,112.19168090820312
조시 스미스,Joshua Allen Smith,10946,A,2015,Reds (A),0,1,1,1,1,0,9,0,0,1.39507,1.39507,,0,38.51253890991211,38.852725982666016
조시 스미스,Joshua Allen Smith,10946,AA,2015,Reds (AA),0,0,9,9,56,3.05357,8.51786,1.44643,0.803571,3.16074,2.85388,,79.16778564453125,81.86994171142578,74.91969299316406
조시 스미스,Joshua Allen Smith,10946,AAA,2015,Reds (AAA),0,0,15,12,86.1,3.7529,7.19305,2.50193,0.208494,2.9022,3.55171,,101.8770751953125,79.59475708007812,98.1904525756836
조시 스미스,Joshua Allen Smith,10946,MLB,2015,Reds,0,0,9,7,32.2,6.88775,8.2653,5.78571,1.37755,5.67441,5.31086,-0.231818,174.97715759277344,142.85113525390625,136.53245544433594
조시 스미스,Joshua Allen Smith,10946,AAA,2016,Reds (AAA),0,0,9,8,45,3.8,7.6,2.6,1,3.85812,3.42387,,104.52686309814453,105.75088500976562,93.97225952148438
조시 스미스,Joshua Allen Smith,10946,MLB,2016,Reds,0,0,32,2,59.2,4.67598,7.24022,3.92179,1.65922,5.29181,4.98879,-0.2946,110.12059783935547,124.66541290283203,120.54058074951172
조시 스미스,Joshua Allen Smith,10946,AAA,2017,Athletics (AAA),0,0,19,2,41.1,3.70161,9.58065,2.39516,0.870968,3.86594,4.09035,,86.79470825195312,87.63225555419922,86.47613525390625
조시 스미스,Joshua Allen Smith,10946,MLB,2017,Athletics,0,0,26,0,35,4.88571,6.42857,3.85714,0.771429,4.12907,5.0477,0.0809344,115.64410400390625,96.3084716796875,114.96238708496094
조시 스미스,Joshua Allen Smith,10946,AAA,2018,Red Sox (AAA),1,0,18,10,74,4.13514,9.24324,1.94595,0.608108,2.88712,3.30988,,112.52264404296875,74.75746154785156,85.967529296875
조시 스미스,Joshua Allen Smith,10946,AAA,2018,Mariners (AAA),1,1,4,1,10.1,6.09678,12.1936,2.6129,2.6129,5.97114,3.58538,,142.92808532714844,131.97158813476562,77.75603485107422
조시 스미스,Joshua Allen Smith,10946,AAA,2019,Red Sox (AAA),0,0,13,12,67.1,5.4802,9.35644,2.67327,1.20297,4.3079,4.65534,,117.18494415283203,87.65557098388672,95.0164566040039
조시 스미스,Joshua Allen Smith,10946,MLB,2019,Red Sox,0,0,18,2,31,5.80645,8.41935,2.32258,2.90323,6.60111,4.91011,-0.436232,120.08364868164062,145.50616455078125,107.2391357421875
조시 스미스,Joshua Allen Smith,10946,MLB,2020,Marlins,0,1,16,1,26.1,6.83545,6.15191,3.7595,1.02532,4.67243,5.3882,0.0170699,157.32888793945312,107.01441192626953,120.80545806884766
로버트 스탁,Robert Anthony Stock,6576,A,2012,Cardinals (A),0,0,38,2,71,4.56338,8.3662,6.08451,1.14085,5.63251,4.83809,,117.31073760986328,145.93247985839844,124.61967468261719
로버트 스탁,Robert Anthony Stock,6576,A,2013,Cardinals (A),0,1,14,0,15.2,2.29787,8.61702,5.74468,0,3.91253,4.58333,,64.04966735839844,105.45356750488281,119.30794525146484
로버트 스탁,Robert Anthony Stock,6576,A+,2013,Cardinals (A+),0,1,18,0,22.2,4.36765,10.7206,6.35294,0.794118,4.65272,4.21154,,121.91388702392578,129.6002197265625,113.7280044555664
로버트 스탁,Robert Anthony Stock,6576,A,2014,Cardinals (A),0,0,24,0,40,5.175,6.75,4.725,0.225,4.10989,4.98454,,146.8037109375,112.73773956298828,132.052978515625
로버트 스탁,Robert Anthony Stock,6576,A+,2014,Cardinals (A+),0,1,11,0,23.1,2.31429,5.01429,9.64286,0,5.6196,6.37006,,63.185787200927734,154.69187927246094,169.80335998535156
로버트 스탁,Robert Anthony Stock,6576,R,2015,Pirates (R),0,1,2,0,3,0,6,3,0,2.97403,2.97403,,0,88.29134368896484,87.27555847167969
로버트 스탁,Robert Anthony Stock,6576,A+,2015,Pirates (A+),0,1,7,0,9,7,4,8,0,5.27645,5.82465,,216.20779418945312,162.37518310546875,181.04188537597656
로버트 스탁,Robert Anthony Stock,6576,AA,2015,Pirates (AA),0,1,3,0,4.1,14.5385,8.3077,20.7692,0,8.34558,8.8845,,393.6212158203125,231.30471801757812,241.87220764160156
로버트 스탁,Robert Anthony Stock,6576,A+,2017,Reds (A+),0,1,16,0,25,2.52,9,2.88,0.36,2.9106,2.92208,,69.95838165283203,81.60562896728516,83.27362823486328
로버트 스탁,Robert Anthony Stock,6576,AA,2017,Reds (AA),0,0,25,0,45.1,2.97794,7.14706,4.16912,0,2.98074,3.66914,,82.0303726196289,82.35784912109375,101.95287322998047
로버트 스탁,Robert Anthony Stock,6576,AA,2018,Padres (AA),0,1,8,0,9,2,15,3,1,2.56288,1.9696,,51.26823043823242,61.43833541870117,47.16319274902344
로버트 스탁,Robert Anthony Stock,6576,AAA,2018,Padres (AAA),0,1,24,0,28.1,1.58824,8.57647,3.49412,0.635294,4.02768,3.98468,,32.395912170410156,84.92334747314453,86.41557312011719
로버트 스탁,Robert Anthony Stock,6576,MLB,2018,Padres,0,0,32,0,39.2,2.4958,8.62184,2.94958,0.226891,2.70665,3.9195,0.611166,63.93745040893555,66.89678192138672,96.3692855834961
로버트 스탁,Robert Anthony Stock,6576,R,2019,Padres (R),0,1,2,2,2,0,22.5,0,0,-0.733396,-0.733396,,0,-17.14424705505371,-16.705791473388672
로버트 스탁,Robert Anthony Stock,6576,AAA,2019,Padres (AAA),0,1,25,3,28.1,4.12941,12.7059,6.0353,1.90588,6.0555,4.40502,,70.2762680053711,107.86614990234375,80.28256225585938
로버트 스탁,Robert Anthony Stock,6576,MLB,2019,Padres,0,1,10,0,10.2,10.125,12.6562,6.74998,1.68749,5.37025,5.17061,-0.118043,240.38848876953125,123.01290893554688,116.73645782470703
로버트 스탁,Robert Anthony Stock,6576,MLB,2020,Red Sox,0,1,10,0,13.1,4.72501,9.45002,6.75002,0,3.34142,4.64301,0.17536,101.16278076171875,74.95454406738281,104.34403228759766
로버트 스탁,Robert Anthony Stock,6576,AAA,2021,Mets (AAA),1,1,4,4,15.2,2.87234,8.04255,4.59574,0.574468,3.937,4.91603,,62.73222351074219,84.38819885253906,108.75450897216797
로버트 스탁,Robert Anthony Stock,6576,AAA,2021,Cubs (AAA),1,1,9,2,19.2,4.11864,11.4407,1.83051,1.83051,4.22694,4.37466,,88.54280090332031,92.2086410522461,96.77804565429688
로버트 스탁,Robert Anthony Stock,6576,MLB,2021,- - -,0,1,3,3,9,8,9,9,3,8.8367,6.46377,-0.269289,195.30538940429688,211.63124084472656,152.69473266601562
로버트 스탁,Robert Anthony Stock,6576,MLB,2021,Cubs,1,1,1,1,4,11.25,6.75,13.5,2.25,10.17,9.12549,-0.140145,270.7494812011719,243.2788543701172,215.98590087890625
로버트 스탁,Robert Anthony Stock,6576,MLB,2021,Mets,1,1,2,2,5,5.4,10.8,5.4,3.6,7.77003,4.3344,-0.129145,134.9501190185547,186.31314086914062,102.06180572509766
브랜던 워델,Brandon David Waddell,18347,A-,2015,Pirates (A-),0,1,6,6,20.1,5.7541,7.96721,3.09836,0,2.77824,3.14306,,154.2479705810547,76.63075256347656,87.73572540283203
브랜던 워델,Brandon David Waddell,18347,A+,2016,Pirates (A+),0,1,5,5,29,0.931035,8.06897,0.62069,0.310345,2.11485,2.40288,,25.261775970458984,57.37913131713867,67.03899383544922
브랜던 워델,Brandon David Waddell,18347,AA,2016,Pirates (AA),0,0,22,20,118,4.11864,7.16949,4.65254,0.686441,4.48467,4.34281,,104.71161651611328,116.68042755126953,109.79551696777344
브랜던 워델,Brandon David Waddell,18347,R,2017,Pirates (R),0,1,1,0,3,0,12,0,0,0.757863,1.31775,,0,20.18206214904785,34.83492660522461
브랜던 워델,Brandon David Waddell,18347,A-,2017,Pirates (A-),0,1,2,2,9,1,11,3,1,3.43196,2.53964,,28.106863021850586,99.2537841796875,74.33050537109375
브랜던 워델,Brandon David Waddell,18347,AA,2017,Pirates (AA),0,0,15,15,66,3.54545,7.63636,3.68182,0.409091,3.52806,3.88976,,88.66658782958984,89.76131439208984,96.44597625732422
브랜던 워델,Brandon David Waddell,18347,AA,2018,Pirates (AA),0,0,9,8,53.2,2.68323,7.21118,3.18634,0.670807,3.98113,4.00508,,67.43238067626953,102.09957122802734,99.53297424316406
브랜던 워델,Brandon David Waddell,18347,AAA,2018,Pirates (AAA),0,0,19,15,81.2,4.18776,6.61225,3.96735,0.330612,3.73715,4.46666,,116.6747055053711,102.48368835449219,116.01256561279297
브랜던 워델,Brandon David Waddell,18347,AA,2019,Pirates (AA),0,0,7,7,36.1,2.22936,10.4037,2.22936,0,1.68451,2.63252,,64.5887680053711,49.231361389160156,74.45738220214844
브랜던 워델,Brandon David Waddell,18347,AAA,2019,Pirates (AAA),0,0,29,7,61,8.70492,10.1803,5.90164,1.62295,5.67391,5.3024,,186.0432891845703,121.35926818847656,108.22315216064453
브랜던 워델,Brandon David Waddell,18347,MLB,2020,Pirates,0,1,2,0,3.1,2.70003,5.40005,5.40005,0,3.79143,6.10539,0.0364087,60.35578536987305,84.62162780761719,136.8081817626953
브랜던 워델,Brandon David Waddell,18347,AAA,2021,Cardinals (AAA),1,1,9,0,11,2.45455,8.18182,2.45455,0.818182,3.54435,4.29468,,54.20204162597656,77.95246887207031,95.00875091552734
브랜던 워델,Brandon David Waddell,18347,AAA,2021,Orioles (AAA),1,1,2,0,2.1,0,7.7143,0,0,1.64825,3.16636,,0,37.00592041015625,70.04759216308594
브랜던 워델,Brandon David Waddell,18347,MLB,2021,- - -,0,1,9,0,9.1,6.75002,6.75002,8.6786,1.92858,7.34862,6.83137,-0.26603,160.00111389160156,172.4733123779297,159.40594482421875
브랜던 워델,Brandon David Waddell,18347,MLB,2021,Twins,1,1,4,0,4,11.25,2.25,6.75,4.5,11.42,9.33094,-0.277174,263.4832458496094,268.5839538574219,216.6636505126953
브랜던 워델,Brandon David Waddell,18347,MLB,2021,Orioles,1,1,1,0,1,0,0,9,0,6.17003,6.17003,-0.00711442,0,135.2044677734375,143.59664916992188
브랜던 워델,Brandon David Waddell,18347,MLB,2021,Cardinals,1,1,4,0,4.1,4.15388,12.4616,10.3847,0,3.86235,4.67667,0.0182587,101.40202331542969,92.3556900024414,110.20060729980469
앨버트 수아레즈,Albert Joe Suárez,6175,R,2008,Rays (R),0,0,11,9,43.2,3.91603,7.62595,1.44275,0.618321,3.53241,3.65333,,94.98758697509766,87.18122100830078,89.04209899902344
앨버트 수아레즈,Albert Joe Suárez,6175,A-,2009,Rays (A-),0,1,2,2,9.2,2.7931,3.72414,1.86207,0.931034,4.48107,3.78563,,81.8805923461914,135.0084686279297,108.11209106445312
앨버트 수아레즈,Albert Joe Suárez,6175,R,2010,Rays (R),0,1,3,3,9,1,8,1,0,2.00235,2.45526,,27.70319175720215,55.15424346923828,67.8792724609375
앨버트 수아레즈,Albert Joe Suárez,6175,A,2010,Rays (A),0,0,12,11,41.2,3.888,6.48,3.456,1.08,5.05563,4.6335,,98.67152404785156,121.51103210449219,112.31926727294922
앨버트 수아레즈,Albert Joe Suárez,6175,R,2011,Rays (R),0,1,4,4,13,1.38462,6.92308,3.46154,0,3.03498,3.57639,,36.46453857421875,79.4706802368164,93.99313354492188
앨버트 수아레즈,Albert Joe Suárez,6175,A+,2011,Rays (A+),0,1,4,3,16.1,2.7551,3.85714,1.65306,0.551021,3.87808,4.10127,,70.0421142578125,96.9116439819336,104.20072937011719
앨버트 수아레즈,Albert Joe Suárez,6175,A+,2012,Rays (A+),0,0,25,25,125.2,4.08223,4.44032,2.14854,0.787798,4.54354,4.3876,,106.42877960205078,117.03487396240234,113.90203857421875
앨버트 수아레즈,Albert Joe Suárez,6175,AA,2013,Rays (AA),0,1,2,2,6.1,1.42105,8.52632,2.84211,0,1.96526,3.5195,,40.31044006347656,55.00117492675781,99.09178924560547
앨버트 수아레즈,Albert Joe Suárez,6175,A+,2014,Rays (A+),0,1,3,3,14,0.642857,6.42857,0.642857,0,2.17674,3.17735,,17.146997451782227,58.169769287109375,84.69697570800781
앨버트 수아레즈,Albert Joe Suárez,6175,AA,2014,Rays (AA),0,0,11,11,56,4.33929,5.14286,3.05357,0.642857,4.09765,4.32662,,111.46939849853516,104.99866485595703,112.2420883178711
앨버트 수아레즈,Albert Joe Suárez,6175,AA,2015,Angels (AA),0,0,27,27,163,2.9816,6.68098,2.20859,0.773006,3.68321,3.7325,,80.84574890136719,98.12042236328125,94.1773910522461
앨버트 수아레즈,Albert Joe Suárez,6175,AAA,2016,Giants (AAA),0,0,9,7,45.2,4.33577,7.68613,2.75912,0.591241,3.91796,4.40795,,104.70643615722656,89.73409271240234,98.87225341796875
앨버트 수아레즈,Albert Joe Suárez,6175,MLB,2016,Giants,0,0,22,12,84,4.28571,5.78571,2.78571,1.17857,4.63466,4.57805,-0.00457901,106.1269760131836,118.56898498535156,110.69523620605469
앨버트 수아레즈,Albert Joe Suárez,6175,R,2017,Giants (R),0,1,3,3,4.2,9.64285,5.78571,3.85714,3.85714,9.77497,5.48926,,228.60540771484375,224.69363403320312,125.36991119384766
앨버트 수아레즈,Albert Joe Suárez,6175,A+,2017,Giants (A+),0,1,2,2,6,3,4.5,1.5,0,3.41376,4.72672,,71.12318420410156,79.04948425292969,108.30878448486328
앨버트 수아레즈,Albert Joe Suárez,6175,AAA,2017,Giants (AAA),0,1,1,1,3,0,15,0,0,0.387449,1.29523,,0,8.363920211791992,27.383167266845703
앨버트 수아레즈,Albert Joe Suárez,6175,MLB,2017,Giants,0,0,18,0,31.2,5.11578,9.66315,3.12631,1.13684,3.78922,3.77612,0.113886,123.25385284423828,92.92510986328125,87.39060974121094
앨버트 수아레즈,Albert Joe Suárez,6175,AAA,2018,Diamondbacks (AAA),0,0,31,4,63.1,4.97368,7.24737,4.68947,1.13684,5.38744,4.96038,,99.26507568359375,115.35161590576172,107.57559204101562
션 놀린,Sean Patrick Nolin,11341,R,2010,Blue Jays (R),0,1,1,1,2,0,18,4.5,0,0.946794,1.52911,,0,26.68703842163086,42.274410247802734
션 놀린,Sean Patrick Nolin,11341,A-,2010,Blue Jays (A-),0,1,6,6,19.1,6.05172,10.2414,4.18966,0,2.90354,3.59462,,154.93411254882812,78.0786361694336,94.69569396972656
션 놀린,Sean Patrick Nolin,11341,A,2011,Blue Jays (A),0,0,25,21,108.1,3.48923,9.38769,2.57538,0.747692,3.32312,3.30691,,88.8560562133789,88.13066864013672,87.60594177246094
션 놀린,Sean Patrick Nolin,11341,A+,2012,Blue Jays (A+),0,0,17,15,86.1,2.18919,9.38224,2.18919,0.72973,3.22753,3.01227,,54.03129959106445,81.96261596679688,78.19867706298828
션 놀린,Sean Patrick Nolin,11341,AA,2012,Blue Jays (AA),0,1,3,3,15,1.2,10.8,3.6,0,2.2009,2.94833,,30.01337242126465,55.75912857055664,75.27982330322266
션 놀린,Sean Patrick Nolin,11341,AA,2013,Blue Jays (AA),0,0,17,17,92.2,3.01079,10.0036,2.42806,0.582734,2.8177,3.10185,,72.97038269042969,69.5755386352539,77.29203796386719
션 놀린,Sean Patrick Nolin,11341,AAA,2013,Blue Jays (AAA),0,1,3,3,17.2,1.5283,6.62264,5.09434,0.509434,4.33697,4.62671,,40.105525970458984,111.88101196289062,119.78434753417969
션 놀린,Sean Patrick Nolin,11341,MLB,2013,Blue Jays,0,1,1,1,1.1,40.501,0,6.75017,6.75017,15.0482,9.39647,-0.13951,997.53466796875,371.992919921875,235.99996948242188
션 놀린,Sean Patrick Nolin,11341,R,2014,Blue Jays (R),0,1,1,1,2.1,0,19.2857,0,0,-0.778321,-0.589233,,0,-20.821029663085938,-15.78591537475586
션 놀린,Sean Patrick Nolin,11341,A+,2014,Blue Jays (A+),0,1,2,2,7.1,3.68182,11.0455,4.90909,0,2.57285,3.33695,,91.87812805175781,66.94661712646484,88.95124816894531
션 놀린,Sean Patrick Nolin,11341,AAA,2014,Blue Jays (AAA),0,0,17,17,87.1,3.50382,7.62595,3.60687,0.618321,3.8615,4.06831,,87.9624252319336,95.29832458496094,100.76302337646484
션 놀린,Sean Patrick Nolin,11341,MLB,2014,Blue Jays,0,1,1,0,1,9,0,0,9,16.1323,4.36821,-0.0667155,231.7896270751953,418.12640380859375,115.14339447021484
션 놀린,Sean Patrick Nolin,11341,AAA,2015,Athletics (AAA),0,0,14,12,47.1,2.66197,7.22535,3.61268,0.950704,4.82474,4.79325,,67.50482940673828,118.28002166748047,109.59606170654297
션 놀린,Sean Patrick Nolin,11341,MLB,2015,Athletics,0,1,6,6,29,5.27586,4.65517,3.72414,1.24138,5.13359,5.52856,0.0568324,134.02232360839844,129.1605987548828,137.0579071044922
션 놀린,Sean Patrick Nolin,11341,AA,2018,Rockies (AA),0,0,29,3,40.1,4.23967,10.0413,3.34711,0.892562,3.65127,3.76571,,100.7240219116211,87.76583862304688,93.58415222167969
션 놀린,Sean Patrick Nolin,11341,AA,2019,White Sox (AA),0,1,4,4,16.2,8.1,8.64,3.24,2.7,6.53828,4.30728,,224.73062133789062,180.60153198242188,117.24298095703125
션 놀린,Sean Patrick Nolin,11341,AAA,2019,Mariners (AAA),0,0,15,14,79.1,4.76471,8.39496,2.94958,1.47479,5.15802,5.60017,,93.48235321044922,96.12940216064453,102.0644760131836
션 놀린,Sean Patrick Nolin,11341,A+,2021,Nationals (A+),0,1,1,0,1,0,18,0,0,-0.234567,-0.234567,,0,-5.03233528137207,-5.0288825035095215
션 놀린,Sean Patrick Nolin,11341,AAA,2021,Nationals (AAA),0,0,11,9,47.1,3.80282,9.88733,2.85211,1.33099,4.16535,3.96406,,84.1607894897461,92.8150634765625,87.69461822509766
션 놀린,Sean Patrick Nolin,11341,MLB,2021,Nationals,0,1,10,5,26.2,4.38749,6.74999,4.38749,1.35,5.30753,5.54093,0.0883798,104.14517211914062,123.71565246582031,130.7511444091797
토마스 파노니,Thomas Edward Pannone Jr,17281,R,2013,Indians (R),0,1,14,0,16,9,11.25,5.625,0,3.75714,4.2622,,212.41110229492188,88.44629669189453,104.4409408569336
토마스 파노니,Thomas Edward Pannone Jr,17281,R,2014,Indians (R),0,0,11,7,45,3.2,12.4,4.8,0.2,3.3619,3.53985,,77.19232177734375,80.89013671875,88.65666961669922
토마스 파노니,Thomas Edward Pannone Jr,17281,A,2015,Indians (A),0,0,27,20,116.1,4.02292,9.28367,2.86246,0.928367,3.7561,3.0506,,112.89474487304688,102.43379974365234,84.95944213867188
토마스 파노니,Thomas Edward Pannone Jr,17281,A,2016,Indians (A),0,0,17,17,89.1,3.02239,8.46269,2.51866,0.705224,3.5867,3.36316,,85.68594360351562,99.3055191040039,95.54039001464844
토마스 파노니,Thomas Edward Pannone Jr,17281,A+,2016,Indians (A+),0,0,8,7,43.2,1.64885,7.83206,3.29771,0.206107,3.3406,4.07867,,40.23796463012695,85.37315368652344,100.09140014648438
토마스 파노니,Thomas Edward Pannone Jr,17281,A+,2017,Indians (A+),0,1,5,5,27.2,0,12.6867,2.27711,0,1.3357,2.06404,,0,36.188995361328125,53.641563415527344
토마스 파노니,Thomas Edward Pannone Jr,17281,AA,2017,Indians (AA),1,0,14,14,82.1,2.62348,8.85425,2.29555,0.546559,2.92139,3.41423,,68.1248550415039,75.59783172607422,84.65535736083984
토마스 파노니,Thomas Edward Pannone Jr,17281,AA,2017,Blue Jays (AA),1,0,6,6,34.2,3.63461,7.52884,2.07692,2.33654,5.79234,4.26517,,87.95818328857422,144.1154022216797,105.75428009033203
토마스 파노니,Thomas Edward Pannone Jr,17281,A+,2018,Blue Jays (A+),0,1,1,1,4.2,13.5,1.92857,1.92857,1.92857,6.4789,5.57372,,334.65789794921875,164.89999389648438,146.73683166503906
토마스 파노니,Thomas Edward Pannone Jr,17281,AA,2018,Blue Jays (AA),0,1,2,2,9,3,12,5,1,3.7734,3.93245,,72.54937744140625,94.47129821777344,97.72793579101562
토마스 파노니,Thomas Edward Pannone Jr,17281,AAA,2018,Blue Jays (AAA),0,0,6,6,36.2,4.90909,9.81818,1.71818,1.96364,4.64216,3.58767,,128.59219360351562,120.24291229248047,93.18268585205078
토마스 파노니,Thomas Edward Pannone Jr,17281,MLB,2018,Blue Jays,0,0,12,6,43,4.18605,6.06977,3.13953,1.46512,5.11392,5.57109,0.190879,97.30387878417969,119.66105651855469,131.31524658203125
토마스 파노니,Thomas Edward Pannone Jr,17281,AAA,2019,Blue Jays (AAA),0,0,8,6,33.2,3.20792,10.9604,4.0099,1.06931,4.24849,4.81608,,66.59635162353516,87.05858612060547,98.29720306396484
토마스 파노니,Thomas Edward Pannone Jr,17281,MLB,2019,Blue Jays,0,0,37,7,73,6.16438,8.50685,3.82192,1.60274,5.15921,5.54184,-0.00989187,134.74485778808594,111.50708770751953,120.92220306396484
토마스 파노니,Thomas Edward Pannone Jr,17281,AAA,2021,Angels (AAA),0,0,24,21,118.1,7.07324,6.23662,3.04225,1.82535,6.24782,6.69366,,129.66497802734375,116.68708801269531,124.0416030883789
찰리 반스,Charlie Barnes,19865,R,2017,Twins (R),0,1,6,5,22.2,1.19118,9.13235,3.97059,0.397059,3.89551,4.18058,,26.562435150146484,88.67908477783203,93.40267944335938
찰리 반스,Charlie Barnes,19865,A,2017,Twins (A),0,1,6,6,25.2,3.85714,8.06493,2.80519,1.4026,4.78295,3.51718,,97.00732421875,119.01178741455078,89.52185821533203
찰리 반스,Charlie Barnes,19865,A+,2018,Twins (A+),0,0,23,23,118.1,2.81408,6.38873,3.34648,0.456338,4.13806,4.50234,,73.35584259033203,107.25100708007812,118.53129577636719
찰리 반스,Charlie Barnes,19865,A+,2019,Twins (A+),0,0,8,8,37.1,6.50893,8.4375,4.82143,0.723214,4.24538,4.05927,,186.5508270263672,120.97918701171875,117.49848937988281
찰리 반스,Charlie Barnes,19865,AA,2019,Twins (AA),0,0,14,13,75,3.6,8.76,2.88,0.48,3.36494,3.49287,,95.80040740966797,91.24687194824219,95.07489776611328
찰리 반스,Charlie Barnes,19865,AAA,2019,Twins (AAA),0,1,4,4,18.2,6.75,7.71428,5.30357,0.482143,4.37473,4.9481,,137.1221466064453,89.99397277832031,100.99175262451172
찰리 반스,Charlie Barnes,19865,AAA,2021,Twins (AAA),0,0,16,16,76,3.78947,7.34211,2.84211,0.828947,4.11254,4.54647,,80.95106506347656,88.02428436279297,100.57903289794922
찰리 반스,Charlie Barnes,19865,MLB,2021,Twins,0,0,9,8,38,5.92105,4.73684,3.78947,0.947368,5.06477,6.29646,0.147094,138.67538452148438,119.66446685791016,146.51914978027344
글렌 스파크맨,Glenn Sparkman,15200,R,2013,Royals (R),0,0,20,0,36.2,1.71818,11.5364,2.45455,0.245455,2.77991,3.30616,,32.98038101196289,57.76675033569336,67.29052734375
글렌 스파크맨,Glenn Sparkman,15200,A+,2014,Royals (A+),0,0,29,18,121,1.56198,8.70248,1.8595,0.14876,2.41836,3.14899,,41.621761322021484,63.786170959472656,80.15763092041016
글렌 스파크맨,Glenn Sparkman,15200,AA,2015,Royals (AA),0,1,4,4,20,3.6,9.45,4.05,0.45,3.3467,3.81144,,89.88644409179688,85.37568664550781,96.16899871826172
글렌 스파크맨,Glenn Sparkman,15200,R,2016,Royals (R),0,1,7,7,16.2,5.4,9.18,0.54,0.54,3.22327,2.8989,,130.52737426757812,79.33448791503906,72.8735122680664
글렌 스파크맨,Glenn Sparkman,15200,A,2016,Royals (A),0,1,3,3,14.1,6.90698,11.9302,1.88372,1.25581,3.19058,2.16617,,184.7186279296875,82.99095916748047,58.806549072265625
글렌 스파크맨,Glenn Sparkman,15200,A+,2016,Royals (A+),0,1,2,2,11.2,3.85714,6.94286,0.771428,0.771428,3.88957,3.68746,,98.4752426147461,98.5486068725586,90.49105834960938
글렌 스파크맨,Glenn Sparkman,15200,AA,2016,Royals (AA),0,1,4,4,17.2,4.5849,10.1887,2.54717,1.01887,3.23886,3.09385,,122.07376861572266,88.51227569580078,83.46957397460938
글렌 스파크맨,Glenn Sparkman,15200,A+,2017,Blue Jays (A+),0,1,1,1,3.1,0,8.10001,2.7,0,2.4106,3.15799,,0,66.41471862792969,89.99668884277344
글렌 스파크맨,Glenn Sparkman,15200,AA,2017,Blue Jays (AA),1,1,2,2,8.2,3.11538,6.23077,3.11538,2.07692,5.87888,3.83701,,75.39250946044922,146.268310546875,95.13812255859375
글렌 스파크맨,Glenn Sparkman,15200,AA,2017,Royals (AA),1,1,3,2,10.1,2.6129,4.35484,4.35484,0,3.79854,5.58285,,65.46190643310547,98.95870208740234,141.8054962158203
글렌 스파크맨,Glenn Sparkman,15200,AAA,2017,Blue Jays (AAA),0,1,4,1,8,2.25,3.375,1.125,1.125,4.58754,4.63555,,57.492313385009766,115.28514862060547,116.76030731201172
글렌 스파크맨,Glenn Sparkman,15200,MLB,2017,Blue Jays,0,1,2,0,1,63,9,9,0,4.15764,11.2729,0.00221519,999,93.4031982421875,257.2234802246094
글렌 스파크맨,Glenn Sparkman,15200,AA,2018,Royals (AA),0,0,6,6,33.2,2.94059,6.95049,0.267327,0,2.08543,3.45067,,68.24624633789062,50.97687911987305,82.62812805175781
글렌 스파크맨,Glenn Sparkman,15200,AAA,2018,Royals (AAA),0,0,12,12,67.1,4.0099,6.41584,1.4703,1.33663,4.78493,4.42327,,87.41837310791016,102.13948059082031,95.92717742919922
글렌 스파크맨,Glenn Sparkman,15200,MLB,2018,Royals,0,0,15,3,38.1,4.46087,6.33914,3.52174,0.704348,4.0213,4.72734,0.26637,102.2422103881836,96.5606689453125,111.55567169189453
글렌 스파크맨,Glenn Sparkman,15200,AAA,2019,Royals (AAA),0,1,2,1,6.1,0,5.68421,1.42105,0,3.0072,4.98002,,0,54.7572021484375,90.76224517822266
글렌 스파크맨,Glenn Sparkman,15200,MLB,2019,Royals,0,0,31,23,136,6.02206,5.36029,2.71324,1.98529,5.92724,5.80938,-0.463318,127.64363861083984,131.5098419189453,126.7171630859375
글렌 스파크맨,Glenn Sparkman,15200,MLB,2020,Royals,0,1,4,0,5,5.4,3.6,1.8,0,2.99142,6.84798,0.0940616,118.20975494384766,67.90544891357422,154.1717529296875
글렌 스파크맨,Glenn Sparkman,15200,AAA,2021,Twins (AAA),0,1,2,0,3,3,18,0,3,3.69587,-0.0470861,,64.08625793457031,79.10599517822266,-1.0416641235351562
예프리 라미레즈,Yefry Ramírez Alcala,15655,R,2012,Diamondbacks (R),0,1,18,0,24.2,3.28378,6.56757,6.2027,0.364865,4.66194,4.58534,,88.06327819824219,132.67294311523438,127.74903869628906
예프리 라미레즈,Yefry Ramírez Alcala,15655,R,2013,Diamondbacks (R),0,0,13,11,60,3,9.3,2.4,0.3,2.45803,2.39087,,85.46200561523438,74.00867462158203,70.24098205566406
예프리 라미레즈,Yefry Ramírez Alcala,15655,R,2014,Diamondbacks (R),1,0,7,4,37.1,1.92857,11.5714,0.964286,0,1.93928,2.50199,,49.57228088378906,49.24803161621094,62.66313552856445
예프리 라미레즈,Yefry Ramírez Alcala,15655,R,2014,Diamondbacks (R),1,0,6,6,30.1,4.45055,5.04396,2.07692,2.37363,7.12996,5.41382,,93.595458984375,147.775634765625,114.13080596923828
예프리 라미레즈,Yefry Ramírez Alcala,15655,R,2015,Diamondbacks (R),0,0,14,13,69,5.34783,7.95652,2.73913,1.43478,5.71191,5.14417,,110.47154998779297,115.28539276123047,106.35547637939453
예프리 라미레즈,Yefry Ramírez Alcala,15655,A,2016,Yankees (A),0,0,11,11,61,2.80328,9.73771,2.06557,0.590164,2.92448,3.15422,,79.72588348388672,83.2852783203125,85.62992095947266
예프리 라미레즈,Yefry Ramírez Alcala,15655,A+,2016,Yankees (A+),0,0,11,11,63.1,2.84211,9.37895,2.55789,0.710526,3.33172,3.11707,,78.9412612915039,93.56985473632812,86.96452331542969
예프리 라미레즈,Yefry Ramírez Alcala,15655,AA,2017,Yankees (AA),1,0,18,18,92.1,3.41155,8.87004,3.70397,0.877256,3.91817,4.06426,,90.21920776367188,100.19725799560547,100.77277374267578
예프리 라미레즈,Yefry Ramírez Alcala,15655,AA,2017,Orioles (AA),1,0,6,6,32,3.65625,7.3125,3.09375,1.6875,5.16253,4.46736,,85.82630920410156,121.7011947631836,110.76741027832031
예프리 라미레즈,Yefry Ramírez Alcala,15655,AAA,2018,Orioles (AAA),0,0,14,14,72,3.875,9,2.75,0.875,3.68029,3.94472,,106.31787872314453,98.81280517578125,102.45622253417969
예프리 라미레즈,Yefry Ramírez Alcala,15655,MLB,2018,Orioles,0,0,17,12,65.1,5.92347,8.54082,4.95919,1.51531,5.28798,5.24799,0.286794,138.6348419189453,119.76497650146484,123.74879455566406
예프리 라미레즈,Yefry Ramírez Alcala,15655,AAA,2019,Orioles (AAA),1,1,4,4,18,1.5,12,4.5,1,3.90251,3.77489,,32.750755310058594,82.35537719726562,77.0463638305664
예프리 라미레즈,Yefry Ramírez Alcala,15655,AAA,2019,Pirates (AAA),1,0,15,5,45,5.2,11.6,5.8,1,4.55806,5.01796,,111.13545989990234,97.4924087524414,102.41757202148438
예프리 라미레즈,Yefry Ramírez Alcala,15655,MLB,2019,- - -,0,1,13,1,24.1,7.39727,9.98631,5.91782,1.47945,5.59757,5.09555,-0.127768,165.0923309326172,120.62864685058594,112.9100112915039
예프리 라미레즈,Yefry Ramírez Alcala,15655,MLB,2019,Orioles,1,1,4,1,10.1,6.96776,9.58068,7.83874,1.74194,6.79467,6.20357,-0.115887,147.96200561523438,139.40518188476562,135.25521850585938
예프리 라미레즈,Yefry Ramírez Alcala,15655,MLB,2019,Pirates,1,1,9,0,14,7.71429,10.2857,4.5,1.28571,4.71401,4.27773,-0.0118815,177.73609924316406,106.76982116699219,96.41717529296875
예프리 라미레즈,Yefry Ramírez Alcala,15655,AAA,2021,Dodgers (AAA),0,0,25,22,113,5.0177,9.15929,4.06195,1.11504,5.04737,5.55455,,95.27519226074219,95.5824966430664,102.9326400756836
예프리 라미레즈,Yefry Ramírez Alcala,15655,MLB,2021,Dodgers,0,1,1,0,2,0,9,4.5,0,2.67003,2.67003,0.0193984,0,61.72744369506836,62.48606872558594
펠릭스 페냐,Félix Ricardo Peña,13403,R,2009,Cubs (R),0,0,14,6,50.1,3.57616,6.7947,2.68212,0.357616,3.4422,3.32143,,88.59587860107422,86.99234008789062,88.99267578125
펠릭스 페냐,Félix Ricardo Peña,13403,R,2010,Cubs (R),0,0,20,1,46.1,1.16547,7.3813,1.7482,0.194245,2.2135,2.20675,,32.0275764465332,63.45322036743164,65.13616943359375
펠릭스 페냐,Félix Ricardo Peña,13403,R,2011,Cubs (R),0,0,17,0,39,6.92308,7.38462,2.07692,1.84615,6.32448,4.56095,,149.4727020263672,135.24868774414062,96.44991302490234
펠릭스 페냐,Félix Ricardo Peña,13403,A-,2012,Cubs (A-),0,0,15,6,63,3.42857,6,3.14286,0.714286,4.16631,3.89845,,84.67735290527344,107.2718276977539,102.68916320800781
펠릭스 페냐,Félix Ricardo Peña,13403,A,2012,Cubs (A),0,1,6,0,10,4.5,9,4.5,0.9,4.15082,4.47241,,120.58142852783203,109.435546875,115.20051574707031
펠릭스 페냐,Félix Ricardo Peña,13403,A,2013,Cubs (A),0,0,21,17,103.1,3.91935,6.70645,2.7871,0.435484,3.60903,3.87185,,97.67413330078125,92.20235443115234,100.78752136230469
펠릭스 페냐,Félix Ricardo Peña,13403,A+,2014,Cubs (A+),0,0,19,19,96,3.1875,7.125,3.1875,0.5625,3.80769,3.85613,,84.78233337402344,102.23102569580078,102.79096984863281
펠릭스 페냐,Félix Ricardo Peña,13403,AA,2014,Cubs (AA),0,1,6,6,27.2,7.48193,8.45783,5.53012,1.62651,5.71706,4.31136,,192.10984802246094,146.51174926757812,111.84609985351562
펠릭스 페냐,Félix Ricardo Peña,13403,AA,2015,Cubs (AA),0,0,25,23,129.2,3.74807,9.71722,3.40103,0.694087,3.39614,3.27096,,97.28092193603516,88.30679321289062,85.86897277832031
펠릭스 페냐,Félix Ricardo Peña,13403,AAA,2016,Cubs (AAA),0,0,36,0,63.1,3.41053,11.5105,3.26842,0.568421,3.16825,3.67733,,79.1497802734375,73.50630187988281,82.48412322998047
펠릭스 페냐,Félix Ricardo Peña,13403,MLB,2016,Cubs,0,1,11,0,9,4,13,3,1,2.70212,2.73821,0.205482,96.17476654052734,65.6875228881836,66.59552001953125
펠릭스 페냐,Félix Ricardo Peña,13403,AAA,2017,Cubs (AAA),0,0,24,0,39,5.53846,10.6154,3.23077,1.38462,4.74642,4.21284,,121.20197296142578,103.63446807861328,89.06585693359375
펠릭스 페냐,Félix Ricardo Peña,13403,MLB,2017,Cubs,0,0,25,0,34.1,5.24272,9.69904,4.71845,2.09709,5.779,5.34037,-0.24198,121.26654052734375,133.38031005859375,123.4286117553711
펠릭스 페냐,Félix Ricardo Peña,13403,AAA,2018,Angels (AAA),0,0,10,9,33.1,3.51,10.26,4.32,0.54,4.13533,4.76397,,74.05755615234375,89.07672119140625,103.3159408569336
펠릭스 페냐,Félix Ricardo Peña,13403,MLB,2018,Angels,0,0,19,17,92.2,4.17626,8.25539,2.71942,1.16547,4.04532,3.96596,1.43455,98.40375518798828,94.60358428955078,93.72515869140625
펠릭스 페냐,Félix Ricardo Peña,13403,MLB,2019,Angels,0,0,22,7,96.1,4.57786,9.43599,3.17647,1.49481,4.52197,4.28317,0.662865,98.4901123046875,96.70381164550781,93.65995788574219
펠릭스 페냐,Félix Ricardo Peña,13403,MLB,2020,Angels,0,1,25,0,26.2,4.04999,9.78749,2.7,0.674999,3.00392,3.61975,0.581295,89.90343475341797,65.26731872558594,81.22044372558594
펠릭스 페냐,Félix Ricardo Peña,13403,AAA,2021,Angels (AAA),0,0,31,7,68.1,8.03415,7.77073,3.5561,1.8439,6.18598,5.89498,,147.28012084960938,115.5322494506836,109.2410888671875
펠릭스 페냐,Félix Ricardo Peña,13403,MLB,2021,Angels,0,1,2,0,1.2,37.7992,10.7998,21.5996,0,7.96994,11.1457,-0.0393243,857.8302612304688,180.72341918945312,258.6139831542969
맷 더모디,Matt Dermody,14844,R,2013,Blue Jays (R),0,1,1,1,2.2,0,3.375,0,0,2.71008,3.2088,,0,76.19575500488281,90.34846496582031
맷 더모디,Matt Dermody,14844,A-,2013,Blue Jays (A-),0,0,15,2,40.2,1.77049,11.0656,0.885246,0,1.22781,1.79079,,50.871944427490234,34.45310974121094,50.3707275390625
맷 더모디,Matt Dermody,14844,A,2014,Blue Jays (A),0,0,27,12,96.1,4.67128,6.07266,3.36332,0.467128,4.02469,4.43062,,117.46788787841797,107.24960327148438,117.37825012207031
맷 더모디,Matt Dermody,14844,A+,2015,Blue Jays (A+),0,0,35,1,77,4.20779,7.24675,1.51948,0.233766,2.51598,2.87674,,121.94071197509766,75.53175354003906,89.4150161743164
맷 더모디,Matt Dermody,14844,A+,2016,Blue Jays (A+),0,1,16,0,18.1,1.96364,9.81818,0.490909,0,1.2346,1.96793,,51.586063385009766,33.299983978271484,54.904083251953125
맷 더모디,Matt Dermody,14844,AA,2016,Blue Jays (AA),0,1,16,0,19.2,0.915254,9.61017,0.915254,0.457627,2.18806,2.51543,,22.376117706298828,55.0228385925293,63.595436096191406
맷 더모디,Matt Dermody,14844,AAA,2016,Blue Jays (AAA),0,1,15,0,16.1,2.7551,3.30612,2.7551,0,3.35291,4.45323,,76.35072326660156,91.73658752441406,122.22451782226562
맷 더모디,Matt Dermody,14844,MLB,2016,Blue Jays,0,1,5,0,3,12,15,0,3,5.14656,2.47883,-0.0145307,285.79473876953125,120.9358139038086,57.95133972167969
맷 더모디,Matt Dermody,14844,AAA,2017,Blue Jays (AAA),0,0,33,1,43,3.55814,8.16279,2.30233,1.25581,4.17475,3.26627,,90.91807556152344,104.91168212890625,82.27088165283203
맷 더모디,Matt Dermody,14844,MLB,2017,Blue Jays,0,1,23,0,22.1,4.43284,6.04479,2.01493,2.41791,6.2472,5.62199,-0.322431,101.57213592529297,140.5398712158203,128.0862579345703
맷 더모디,Matt Dermody,14844,AAA,2018,Blue Jays (AAA),0,1,5,0,5,7.2,10.8,7.2,0,3.33307,3.79156,,188.60206604003906,86.33439636230469,98.47838592529297
맷 더모디,Matt Dermody,14844,AAA,2019,Blue Jays (AAA),0,1,15,0,23,5.47826,9,1.17391,1.56522,4.40734,3.73195,,113.7286605834961,90.3136215209961,76.16988372802734
맷 더모디,Matt Dermody,14844,MLB,2020,Cubs,0,1,1,0,1,0,9,0,0,1.19142,1.19142,0.0197037,0,27.534751892089844,27.1621036529541
웨스 벤자민,Wes Benjamin,19243,R,2015,Rangers (R),0,1,1,1,1,0,18,9,0,2.81387,3.29346,,0,77.22898864746094,89.73247528076172
웨스 벤자민,Wes Benjamin,19243,A,2016,Rangers (A),0,0,21,18,102,3.79412,8.91177,1.94118,1.14706,3.81165,3.12559,,101.51803588867188,99.56266021728516,84.85261535644531
웨스 벤자민,Wes Benjamin,19243,A+,2017,Rangers (A+),0,0,22,22,118.2,3.94382,7.66011,2.57865,0.606742,3.50549,3.80882,,103.5030746459961,90.15045928955078,98.98591613769531
웨스 벤자민,Wes Benjamin,19243,R,2018,Rangers (R),0,1,3,3,7,0,11.5714,1.28571,0,1.92752,2.30784,,0,46.50251770019531,56.20665740966797
웨스 벤자민,Wes Benjamin,19243,AA,2018,Rangers (AA),0,0,15,15,79.2,3.61506,8.13389,2.59833,1.01674,3.97897,3.96873,,84.4613265991211,93.53514862060547,95.03324890136719
웨스 벤자민,Wes Benjamin,19243,AAA,2019,Rangers (AAA),0,0,27,25,135.1,5.5197,7.58128,3.52463,1.59606,5.63658,6.08549,,101.11925506591797,105.52530670166016,110.90959930419922
웨스 벤자민,Wes Benjamin,19243,MLB,2020,Rangers,0,1,8,1,22.1,4.83583,8.4627,2.8209,1.61194,4.57948,4.84135,0.12369,109.0232162475586,101.32121276855469,108.82608795166016
웨스 벤자민,Wes Benjamin,19243,AAA,2021,Rangers (AAA),0,0,15,10,46.2,8.29286,8.1,4.82143,1.15714,5.4109,6.59301,,158.93850708007812,103.1065902709961,122.17652130126953
웨스 벤자민,Wes Benjamin,19243,MLB,2021,Rangers,0,1,13,2,22.2,8.73528,7.54411,6.74999,2.38235,7.18473,6.7793,-0.501397,201.44956970214844,164.47589111328125,157.68032836914062
이반 노바,Iván Nova,1994,R,2006,Yankees (R),0,0,10,5,43,2.72093,7.53488,1.46512,1.04651,3.93638,,,75.87422180175781,109.66249084472656,
이반 노바,Iván Nova,1994,A,2007,Yankees (A),0,0,21,21,99.1,4.98322,4.89262,2.80872,0.724832,4.616,4.85297,,119.82254028320312,109.37092590332031,
이반 노바,Iván Nova,1994,A+,2008,Yankees (A+),0,0,26,24,148.2,4.35874,6.59866,2.78475,0.363229,3.36956,3.65996,,116.03199768066406,90.96524810791016,95.99210357666016
이반 노바,Iván Nova,1994,AA,2009,Yankees (AA),0,0,12,12,72.1,2.36406,5.84793,3.85714,0.373272,3.75432,3.86411,,64.67190551757812,101.28673553466797,99.16976928710938
이반 노바,Iván Nova,1994,AAA,2009,Yankees (AAA),0,0,12,12,67,5.10448,5.77612,3.76119,0.537313,4.03012,4.31243,,138.4434814453125,107.54622650146484,110.06328582763672
이반 노바,Iván Nova,1994,AAA,2010,Yankees (AAA),0,0,23,23,145,2.85517,7.13793,2.97931,0.62069,3.59981,3.69635,,73.7998275756836,91.4086685180664,89.01482391357422
이반 노바,Iván Nova,1994,MLB,2010,Yankees,0,0,10,7,42,4.5,5.57143,3.64286,0.857143,4.36356,4.3467,0.425621,105.82252502441406,100.73904418945312,104.2185287475586
이반 노바,Iván Nova,1994,AAA,2011,Yankees (AAA),0,1,3,3,16,3.375,10.125,1.125,1.6875,3.79929,2.38154,,89.30253601074219,98.73920440673828,59.03446960449219
이반 노바,Iván Nova,1994,MLB,2011,Yankees,0,0,28,27,165.1,3.70161,5.33468,3.10282,0.707661,4.00523,4.16079,1.87688,88.25376892089844,95.29859161376953,102.78532409667969
이반 노바,Iván Nova,1994,MLB,2011,Yankees,1,1,2,1,8.1,4.32,8.64,4.32,2.16,5.66539,3.60064,,102.99773406982422,134.4481658935547,89.06657409667969
이반 노바,Iván Nova,1994,MLB,2012,Yankees,0,0,28,28,170.1,5.01957,8.08415,2.9589,1.47945,4.59739,3.91716,1.13815,119.488037109375,107.46929931640625,94.6586685180664
이반 노바,Iván Nova,1994,AAA,2013,Yankees (AAA),0,1,3,3,17.2,2.03774,8.66038,2.03774,0.509434,2.69546,2.80422,,55.319244384765625,72.20082092285156,72.6004867553711
이반 노바,Iván Nova,1994,MLB,2013,Yankees,0,0,23,20,139.1,3.10048,7.49283,2.84211,0.58134,3.4713,3.68071,2.12164,76.51959228515625,84.71639251708984,92.86148071289062
이반 노바,Iván Nova,1994,MLB,2014,Yankees,0,1,4,4,20.2,8.27418,5.2258,2.6129,2.6129,6.90644,4.50775,-0.424492,215.2676239013672,175.08871459960938,118.79683685302734
이반 노바,Iván Nova,1994,A+,2015,Yankees (A+),0,1,1,1,4.2,1.92857,5.78571,0,0,1.87962,1.98535,,59.62324142456055,59.46692657470703,61.708839416503906
이반 노바,Iván Nova,1994,AAA,2015,Yankees (AAA),0,1,2,2,11,4.90909,5.72727,2.45455,0.818182,4.15703,3.7775,,138.0070343017578,116.3006591796875,104.43258666992188
이반 노바,Iván Nova,1994,MLB,2015,Yankees,0,0,17,17,94,5.07447,6.03191,3.15957,1.24468,4.86764,4.59253,0.477444,125.37112426757812,116.3394775390625,113.73004913330078
이반 노바,Iván Nova,1994,MLB,2016,- - -,0,0,32,26,162,4.16667,7.05556,1.55556,1.27778,4.10952,3.70325,2.28456,99.03977966308594,94.93566131591797,88.07181549072266
이반 노바,Iván Nova,1994,MLB,2016,Yankees,1,0,21,15,97.1,4.90069,6.93493,2.31164,1.75685,5.09862,4.08394,0.403245,115.00643920898438,115.2992172241211,96.09699249267578
이반 노바,Iván Nova,1994,MLB,2016,Pirates,1,0,11,11,64.2,3.06185,7.23711,0.417526,0.556701,2.62079,3.13026,1.88131,75.00749969482422,64.28539276123047,75.99269104003906
이반 노바,Iván Nova,1994,MLB,2017,Pirates,0,0,31,31,187,4.13904,6.30481,1.73262,1.39572,4.46245,4.18717,2.22052,97.15129852294922,103.37853240966797,96.86044311523438
이반 노바,Iván Nova,1994,MLB,2018,Pirates,0,0,29,29,161,4.19255,6.37267,1.95652,1.45342,4.57037,4.27648,1.2395,105.3870849609375,113.05650329589844,105.22763061523438
이반 노바,Iván Nova,1994,MLB,2019,White Sox,0,0,34,34,187,4.71658,5.48663,2.26203,1.44385,4.97872,4.91427,2.10131,102.77136993408203,105.85635375976562,107.329345703125
이반 노바,Iván Nova,1994,MLB,2020,Tigers,0,1,4,4,19,8.52632,4.26316,4.26316,1.89474,6.40195,5.69487,-0.161367,195.07757568359375,146.27017211914062,128.1138916015625
숀 모리만도,Shawn Morimando,13606,R,2011,Indians (R),0,1,3,0,6,3,12,3,0,2.70909,3.51484,,66.33975982666016,58.57466506958008,74.32783508300781
숀 모리만도,Shawn Morimando,13606,A,2012,Indians (A),0,0,22,22,110.1,3.58912,5.6284,4.24169,0.897281,4.94598,4.74834,,91.86695861816406,124.17803955078125,122.30776977539062
숀 모리만도,Shawn Morimando,13606,A+,2013,Indians (A+),0,0,27,27,135,3.73333,6.8,5.06667,0.533333,4.36422,4.68779,,94.69245910644531,110.71195220947266,117.91891479492188
숀 모리만도,Shawn Morimando,13606,A+,2014,Indians (A+),0,0,18,18,96.1,2.98962,6.53979,3.2699,0.653979,4.19228,4.22519,,76.73489379882812,107.62076568603516,107.55240631103516
숀 모리만도,Shawn Morimando,13606,AA,2014,Indians (AA),0,0,10,10,56.1,3.83432,6.07101,2.71598,0.319527,3.37248,4.26554,,96.89315032958984,86.39591979980469,106.55860137939453
숀 모리만도,Shawn Morimando,13606,AA,2015,Indians (AA),0,0,28,28,158.2,3.17647,7.2605,3.68698,0.510504,3.6405,3.77639,,88.2245101928711,102.25157928466797,102.80839538574219
숀 모리만도,Shawn Morimando,13606,AA,2016,Indians (AA),0,0,16,16,93.1,3.08571,7.03929,3.47143,0.482143,3.74326,3.93471,,80.81446075439453,98.0963363647461,99.47794342041016
숀 모리만도,Shawn Morimando,13606,AAA,2016,Indians (AAA),0,0,11,11,59,3.50847,7.01695,3.20339,0.762712,3.8811,4.01576,,92.11660766601562,101.0892333984375,110.21749877929688
숀 모리만도,Shawn Morimando,13606,MLB,2016,Indians,0,1,2,0,4.2,11.5713,9.64279,9.64279,3.85712,9.78937,6.35945,-0.17729,264.25048828125,230.15760803222656,150.1746368408203
숀 모리만도,Shawn Morimando,13606,AAA,2017,Indians (AAA),0,0,26,26,159.1,4.40586,7.23012,3.21967,1.24268,4.67436,4.3303,,107.15926361083984,111.578857421875,109.07162475585938
숀 모리만도,Shawn Morimando,13606,R,2018,Blue Jays (R),0,1,4,4,7,1.28571,12.8571,1.28571,0,1.22861,1.57974,,33.75581741333008,31.873929977416992,40.03077697753906
숀 모리만도,Shawn Morimando,13606,AAA,2018,Indians (AAA),1,1,5,5,24.1,7.0274,4.06849,3.69863,0.369863,4.31937,5.48093,,176.8580322265625,106.16365814208984,142.35626220703125
숀 모리만도,Shawn Morimando,13606,AAA,2018,Blue Jays (AAA),1,1,4,4,20,4.5,4.95,0.9,2.25,5.78307,4.59629,,117.87628936767578,149.79518127441406,119.37963104248047
숀 모리만도,Shawn Morimando,13606,AAA,2019,Blue Jays (AAA),0,0,16,14,70.1,6.01422,9.72512,4.22275,1.66351,5.52994,5.17507,,124.85518646240234,113.31766510009766,105.6243896484375
숀 모리만도,Shawn Morimando,13606,AAA,2021,Marlins (AAA),0,0,18,16,89.2,4.31599,8.63197,3.11152,1.70632,5.01309,4.18786,,100.4880142211914,114.62638854980469,92.6456069946289
숀 모리만도,Shawn Morimando,13606,MLB,2021,Marlins,0,1,4,0,10.1,9.58068,7.83874,4.35485,1.74194,5.39585,5.44089,-0.0670292,227.26698303222656,129.40061950683594,128.3723602294922
타일러 애플러,Tyler Austin Eppler,sa829043,A-,2014,Pirates (A-),0,0,14,14,68.2,2.49029,6.42233,1.44175,0.786408,3.67428,3.30755,,71.48307800292969,103.2625503540039,93.40176391601562
타일러 애플러,Tyler Austin Eppler,sa829043,A+,2015,Pirates (A+),0,0,14,12,66.1,2.57789,6.24121,1.8995,0.135678,2.65277,2.99976,,79.62286376953125,81.63530731201172,93.23858642578125
타일러 애플러,Tyler Austin Eppler,sa829043,AA,2015,Pirates (AA),0,1,1,1,5.1,10.125,5.0625,5.0625,1.6875,6.26865,4.99881,,274.128662109375,173.74072265625,136.08763122558594
타일러 애플러,Tyler Austin Eppler,sa829043,AA,2016,Pirates (AA),0,0,27,27,162.1,3.99179,5.8768,1.82957,0.776181,3.89348,4.11471,,101.48643493652344,101.2992172241211,104.02881622314453
타일러 애플러,Tyler Austin Eppler,sa829043,AAA,2017,Pirates (AAA),0,0,27,21,136.1,4.88509,6.33741,2.17848,1.51834,4.93656,4.20706,,131.157470703125,130.85433959960938,105.96746826171875
타일러 애플러,Tyler Austin Eppler,sa829043,AAA,2018,Pirates (AAA),0,0,28,25,153,3.58824,6.94118,2.29412,0.764706,3.77752,3.99898,,99.97157287597656,103.59056091308594,103.8655014038086
타일러 애플러,Tyler Austin Eppler,sa829043,AAA,2021,Nationals (AAA),0,0,19,15,72,7.75,6,3.75,2.375,6.91809,5.62765,,171.51644897460938,154.1533203125,124.49736785888672
딜런 파일,Dylan Michael File,sa3004197,R,2017,Brewers (R),0,0,12,7,47,4.02128,7.08511,2.48936,1.34043,5.81483,5.59184,,71.93560028076172,101.9566650390625,98.9877700805664
딜런 파일,Dylan Michael File,sa3004197,A,2018,Brewers (A),0,0,25,25,136.1,3.96088,7.52567,1.84841,0.99022,3.94384,3.59468,,104.85773468017578,104.56749725341797,95.3123779296875
딜런 파일,Dylan Michael File,sa3004197,A+,2019,Brewers (A+),0,0,12,12,66.1,3.799,8.54774,0.949749,0.542714,2.8073,2.9826,,100.9735336303711,74.41458892822266,80.9612808227539
딜런 파일,Dylan Michael File,sa3004197,AA,2019,Brewers (AA),0,0,14,14,80.2,2.78926,8.14463,1.67355,0.557851,3.03795,3.22972,,77.41419219970703,81.59634399414062,87.91215515136719
딜런 파일,Dylan Michael File,sa3004197,A+,2021,Brewers (A+),0,1,2,2,5,7.2,10.8,7.2,1.8,6.97174,5.22004,,158.1573486328125,153.7255859375,116.478759765625
딜런 파일,Dylan Michael File,sa3004197,AAA,2021,Brewers (AAA),0,0,9,9,42.2,5.27344,7.59375,2.53125,1.47656,4.72191,4.54011,,120.1205825805664,108.08192443847656,100.43826293945312
딜런 파일,Dylan Michael File,sa3004197,AAA,2022,Brewers (AAA),0,0,26,19,114.1,4.5656,7.47813,2.67638,1.02332,4.34729,4.77308,,101.23029327392578,96.85956573486328,102.78270721435547
테일러 와이드너,Taylor Browning Widener,19266,A-,2016,Yankees (A-),0,1,6,1,15.1,0,14.6739,2.34783,0,0.799711,1.0283,,0,23.15781021118164,30.096242904663086
테일러 와이드너,Taylor Browning Widener,19266,A,2016,Yankees (A),0,1,7,1,23,0.782609,13.3043,1.17391,0.782609,1.9651,1.65472,,22.257568359375,55.963592529296875,44.92197036743164
테일러 와이드너,Taylor Browning Widener,19266,A+,2017,Yankees (A+),0,0,27,27,119.1,3.39385,9.72905,3.77095,0.377095,3.05082,3.44559,,95.68794250488281,87.41734313964844,98.19275665283203
테일러 와이드너,Taylor Browning Widener,19266,AA,2018,Diamondbacks (AA),0,0,26,25,137.1,2.75243,11.534,2.81796,0.786408,2.9849,3.09093,,69.80732727050781,76.79094696044922,79.71544647216797
테일러 와이드너,Taylor Browning Widener,19266,AAA,2019,Diamondbacks (AAA),0,0,23,23,100,8.1,9.81,3.69,2.07,5.89668,5.57217,,138.54296875,106.03910827636719,101.5542221069336
테일러 와이드너,Taylor Browning Widener,19266,MLB,2020,Diamondbacks,0,1,12,0,20,4.5,9.9,5.4,2.25,6.49142,5.65177,-0.316355,99.3008804321289,148.74952697753906,126.68659973144531
테일러 와이드너,Taylor Browning Widener,19266,A+,2021,Diamondbacks (A+),0,1,1,1,4,9,13.5,2.25,0,1.72862,3.29895,,191.59963989257812,37.357845306396484,70.2149429321289
테일러 와이드너,Taylor Browning Widener,19266,AAA,2021,Diamondbacks (AAA),0,1,1,1,4.2,3.85714,11.5714,1.92857,3.85714,7.57518,4.07154,,67.02764892578125,137.6548614501953,75.45057678222656
테일러 와이드너,Taylor Browning Widener,19266,MLB,2021,Diamondbacks,0,0,23,13,70.1,4.35071,9.34124,4.7346,1.79147,5.55866,5.27887,-0.224621,103.4395751953125,135.6375732421875,124.51978302001953
테일러 와이드너,Taylor Browning Widener,19266,AAA,2022,Diamondbacks (AAA),0,0,27,0,36.2,5.4,11.5364,2.94545,1.22727,4.0462,4.59251,,92.83113861083984,72.62012481689453,85.12434387207031
테일러 와이드너,Taylor Browning Widener,19266,MLB,2022,Diamondbacks,0,1,14,0,17.1,3.63462,7.26924,2.59616,1.03846,4.38166,5.35844,0.0247303,88.73985290527344,113.22357940673828,133.70318603515625
아도니스 메디나,Adonis Medina,19903,R,2014,Phillies (R),0,1,11,2,26.1,1.36709,7.51899,1.36709,0,2.64187,2.86459,,39.31043243408203,71.25385284423828,77.12083435058594
아도니스 메디나,Adonis Medina,19903,R,2015,Phillies (R),0,0,10,8,45.1,2.97794,6.94853,2.38235,0.198529,3.24119,3.33328,,86.69438934326172,96.31978607177734,97.818115234375
아도니스 메디나,Adonis Medina,19903,A-,2016,Phillies (A-),0,0,13,13,64.2,2.92268,4.73196,3.34021,0.695876,4.66972,4.17045,,88.86750793457031,136.36856079101562,122.06117248535156
아도니스 메디나,Adonis Medina,19903,A,2017,Phillies (A),0,0,22,22,119.2,3.00836,10.0028,2.93315,0.526462,3.34109,3.37029,,87.82720947265625,94.8040771484375,90.60630798339844
아도니스 메디나,Adonis Medina,19903,A+,2018,Phillies (A+),0,0,22,21,111.1,4.12275,9.94311,2.91018,0.889222,3.82022,3.41075,,109.24993896484375,99.19640350341797,89.79335021972656
아도니스 메디나,Adonis Medina,19903,AA,2019,Phillies (AA),0,0,22,21,105.2,4.94006,6.98423,3.49211,0.936909,4.53353,4.30714,,130.8320770263672,121.1904067993164,121.82193756103516
아도니스 메디나,Adonis Medina,19903,MLB,2020,Phillies,0,1,1,1,4,4.5,9,6.75,0,3.44142,3.92349,0.0943571,99.64351654052734,75.95639038085938,88.1231918334961
아도니스 메디나,Adonis Medina,19903,AAA,2021,Phillies (AAA),0,0,17,17,67.2,5.05419,7.31527,3.45813,1.33005,4.85515,4.6353,,111.8718490600586,109.64009857177734,102.5440444946289
아도니스 메디나,Adonis Medina,19903,MLB,2021,Phillies,0,1,4,1,7.2,3.52172,7.04345,4.69563,0,4.34394,5.26447,0.107724,83.47449493408203,99.90372467041016,124.1775131225586
아도니스 메디나,Adonis Medina,19903,AAA,2022,Mets (AAA),0,0,18,2,31,4.64516,9.58065,4.93548,1.16129,5.08828,5.05997,,97.32571411132812,104.34888458251953,108.96057891845703
아도니스 메디나,Adonis Medina,19903,MLB,2022,Mets,0,1,14,0,23.2,6.0845,6.46478,2.28169,0.760562,4.04201,4.38208,0.0157998,156.7167510986328,101.8475112915039,109.61682891845703
숀 앤더슨,Shaun Anderson,19453,A-,2016,Red Sox (A-),0,1,2,2,2.2,30.375,13.5,0,3.375,5.15297,0.935167,,823.0816650390625,147.92831420898438,27.371339797973633
숀 앤더슨,Shaun Anderson,19453,A,2017,Red Sox (A),0,0,7,7,38.2,2.56034,8.61207,2.56034,0.465517,3.29218,3.44243,,67.39417266845703,88.19497680664062,92.5457763671875
숀 앤더슨,Shaun Anderson,19453,A+,2017,Giants (A+),1,1,6,5,25.2,3.50649,7.71428,1.4026,0.350649,3.40727,3.90924,,83.1308822631836,78.89913177490234,89.5770034790039
숀 앤더슨,Shaun Anderson,19453,A+,2017,Red Sox (A+),1,0,11,11,58.2,3.98864,7.36364,2.76136,0.920454,4.11185,3.70427,,102.45867156982422,108.18638610839844,96.2689208984375
숀 앤더슨,Shaun Anderson,19453,AA,2018,Giants (AA),0,0,17,16,94,3.44681,8.90425,2.10638,0.861702,3.36088,3.2263,,90.60209655761719,87.20598602294922,80.17900848388672
숀 앤더슨,Shaun Anderson,19453,AAA,2018,Giants (AAA),0,0,8,8,47.1,4.1831,6.46479,2.09155,0.950704,4.44251,4.44705,,97.29238891601562,97.8790283203125,96.44293212890625
숀 앤더슨,Shaun Anderson,19453,AAA,2019,Giants (AAA),0,0,8,8,38.1,3.75652,9.62609,3.05217,0.704348,3.69233,4.35898,,72.40442657470703,67.90272521972656,79.44352722167969
숀 앤더슨,Shaun Anderson,19453,MLB,2019,Giants,0,0,28,16,96,5.4375,6.5625,3.5625,1.21875,4.76609,4.95344,0.646063,128.35739135742188,112.93669128417969,111.7943344116211
숀 앤더슨,Shaun Anderson,19453,MLB,2020,Giants,0,1,18,0,15.1,3.52175,10.5652,7.04349,1.76087,5.7349,5.20354,-0.157527,80.52996063232422,134.58619689941406,116.68522644042969
숀 앤더슨,Shaun Anderson,19453,AAA,2021,Twins (AAA),1,1,5,0,6,0,7.5,4.5,0,3.19587,5.26219,,0,68.40404510498047,116.41242218017578
숀 앤더슨,Shaun Anderson,19453,AAA,2021,Rangers (AAA),1,1,2,0,3,0,12,3,0,2.26566,4.19559,,0,43.1729621887207,77.74943542480469
숀 앤더슨,Shaun Anderson,19453,AAA,2021,Padres (AAA),1,1,11,0,14.1,4.39535,11.3023,3.76744,1.25581,4.49047,4.69621,,75.06682586669922,80.84382629394531,87.0265121459961
숀 앤더슨,Shaun Anderson,19453,MLB,2021,- - -,0,1,16,0,23.1,8.48569,7.32855,4.62856,1.54285,5.57003,6.21486,-0.0405083,197.84002685546875,126.104736328125,144.85137939453125
숀 앤더슨,Shaun Anderson,19453,MLB,2021,Twins,1,1,4,0,8.2,9.34612,8.30766,5.19229,1.03846,4.9008,6.45449,0.01891,218.89292907714844,115.82215118408203,150.1721954345703
숀 앤더슨,Shaun Anderson,19453,MLB,2021,Orioles,1,1,7,0,10,9,6.3,4.5,2.7,7.47003,6.74589,-0.132026,203.96551513671875,163.4988250732422,156.907958984375
숀 앤더슨,Shaun Anderson,19453,MLB,2021,Padres,1,1,5,0,4.2,5.78567,7.71423,3.85712,0,2.74147,4.63184,0.0726078,145.6159210205078,65.0712661743164,109.13452911376953
숀 앤더슨,Shaun Anderson,19453,AAA,2022,Blue Jays (AAA),0,0,36,15,88,3.57955,7.77273,3.27273,1.125,4.56446,4.90714,,79.44435119628906,100.71627044677734,105.6695556640625
숀 앤더슨,Shaun Anderson,19453,MLB,2022,Blue Jays,0,1,1,0,1,18,0,0,0,3.11243,7.55354,0.00404535,468.52349853515625,78.59867095947266,192.93983459472656
마리오 산체스,Mario Sanchez,sa691863,R,2012,Nationals (R),0,1,8,0,14,5.78571,6.42857,4.5,0.642857,4.59051,4.11543,,153.8870086669922,126.60655975341797,114.65727233886719
마리오 산체스,Mario Sanchez,sa691863,R,2013,Nationals (R),0,0,18,5,58,2.32759,8.37931,2.17241,0.310345,2.45343,2.35365,,66.61500549316406,72.38899993896484,69.14756774902344
마리오 산체스,Mario Sanchez,sa691863,A-,2014,Nationals (A-),0,0,18,0,35,4.11429,6.42857,2.82857,0.257143,3.49841,3.84472,,118.38774108886719,102.15171813964844,108.57085418701172
마리오 산체스,Mario Sanchez,sa691863,A,2015,Nationals (A),0,0,29,8,90.2,4.86397,6.94853,1.78676,1.09191,4.1792,3.57551,,128.68067932128906,109.31443786621094,93.9671630859375
마리오 산체스,Mario Sanchez,sa691863,A+,2016,Nationals (A+),0,0,32,0,78,3.46154,7.15385,2.53846,0.576923,3.86722,4.0458,,87.0340347290039,95.13549041748047,99.28473663330078
마리오 산체스,Mario Sanchez,sa691863,AA,2017,Phillies (AA),0,0,19,7,56.1,2.87574,5.11243,2.07692,1.11834,4.50314,4.48816,,67.71829223632812,104.99138641357422,111.28316497802734
마리오 산체스,Mario Sanchez,sa691863,R,2018,Phillies (R),1,1,3,1,4,11.25,9,0,2.25,4.90718,2.73251,,289.8951110839844,129.3753662109375,69.2422866821289
마리오 산체스,Mario Sanchez,sa691863,R,2018,Phillies (R),1,1,4,3,5,5.4,7.2,0,0,2.05718,3.16323,,134.46267700195312,51.845375061035156,80.15690612792969
마리오 산체스,Mario Sanchez,sa691863,AA,2019,Nationals (AA),0,0,23,19,113.2,2.85044,8.78886,1.34604,1.26686,3.60184,2.79356,,80.83910369873047,101.52778625488281,79.01231384277344
마리오 산체스,Mario Sanchez,sa691863,AAA,2019,Nationals (AAA),0,1,4,3,13.2,11.8537,4.60976,3.95122,2.63415,7.89424,7.59391,,222.4129638671875,144.72434997558594,138.40084838867188
마리오 산체스,Mario Sanchez,sa691863,AA,2021,Nationals (AA),0,0,22,18,106.1,3.97806,9.05643,1.77743,1.35423,4.19255,3.93295,,93.10895538330078,96.46188354492188,90.48677062988281
마리오 산체스,Mario Sanchez,sa691863,AAA,2021,Nationals (AAA),0,1,2,0,8.1,6.48,8.64,2.16,0,2.16254,3.43775,,143.41046142578125,48.1869010925293,76.0514144897461
마리오 산체스,Mario Sanchez,sa691863,AAA,2022,Twins (AAA),0,0,28,13,91.1,4.23723,6.89781,2.56204,1.18248,4.63538,5.02183,,88.10778045654297,96.57537841796875,108.13931274414062
애런 윌커슨,Aaron Wilkerson,16904,A-,2014,Red Sox (A-),0,0,8,8,50,1.62,9.72,1.98,0.54,2.84127,2.79557,,43.531219482421875,80.30476379394531,78.94391632080078
애런 윌커슨,Aaron Wilkerson,16904,A,2015,Red Sox (A),0,1,5,1,17,4.76471,9,2.64706,1.05882,4.07258,3.32428,,122.55142974853516,105.11719512939453,87.36468505859375
애런 윌커슨,Aaron Wilkerson,16904,A+,2015,Red Sox (A+),0,0,17,12,79,2.96203,9.68354,2.39241,0,1.90082,2.75958,,81.87841033935547,53.9968147277832,78.30835723876953
애런 윌커슨,Aaron Wilkerson,16904,AA,2015,Red Sox (AA),0,0,7,7,40.2,2.65574,7.7459,2.87705,0,2.58013,3.44151,,70.04083251953125,70.03032684326172,93.69158935546875
애런 윌커슨,Aaron Wilkerson,16904,AA,2016,Red Sox (AA),0,0,8,8,44.1,1.82707,9.74436,2.84211,0.406015,2.72597,3.08565,,45.43759536743164,68.75344848632812,78.0118179321289
애런 윌커슨,Aaron Wilkerson,16904,AAA,2016,Red Sox (AAA),1,0,9,8,48,2.4375,10.125,2.0625,0.9375,3.2109,3.13415,,70.55142211914062,87.90626525878906,86.02071380615234
애런 윌커슨,Aaron Wilkerson,16904,AAA,2016,Brewers (AAA),1,0,11,11,54.2,6.42073,9.38415,2.63415,0.823171,3.86722,4.39532,,117.72018432617188,83.46717834472656,98.5889663696289
애런 윌커슨,Aaron Wilkerson,16904,AA,2017,Brewers (AA),0,0,24,24,142.1,3.16159,9.04215,2.27635,0.758782,3.00068,3.07632,,90.21756744384766,81.6761474609375,85.48023986816406
애런 윌커슨,Aaron Wilkerson,16904,MLB,2017,Brewers,0,1,3,2,10.1,3.48388,6.09679,0.870971,0.870971,3.35119,4.15884,0.193268,79.49425506591797,76.95792388916016,96.20777130126953
애런 윌커슨,Aaron Wilkerson,16904,AAA,2018,Brewers (AAA),0,0,15,12,72.1,2.48848,7.58986,3.1106,0.373272,3.63473,4.75448,,44.112457275390625,75.84889221191406,103.11012268066406
애런 윌커슨,Aaron Wilkerson,16904,MLB,2018,Brewers,0,1,3,1,9,10,10,3,4,8.04932,4.84072,-0.116129,247.3872528076172,199.14695739746094,119.22894287109375
애런 윌커슨,Aaron Wilkerson,16904,AAA,2019,Brewers (AAA),0,0,17,17,76.1,3.41921,9.55022,3.41921,1.17904,4.59581,5.29344,,64.35481262207031,85.91252899169922,96.47425079345703
애런 윌커슨,Aaron Wilkerson,16904,MLB,2019,Brewers,0,1,8,0,16,7.3125,6.1875,5.0625,2.25,6.77651,6.75897,-0.228609,164.75860595703125,152.77899169921875,152.88267517089844
애런 윌커슨,Aaron Wilkerson,16904,AAA,2021,Dodgers (AAA),0,0,23,19,112,3.85714,10.0446,1.92857,0.964286,3.84304,4.55243,,73.23875427246094,72.77599334716797,84.36209869384766
버치 스미스,Burch Taylor Smith,12784,R,2011,Padres (R),0,1,2,0,2,4.5,18,4.5,0,1.87576,2.22108,,96.47268676757812,39.07652282714844,46.968894958496094
버치 스미스,Burch Taylor Smith,12784,A+,2012,Padres (A+),0,0,26,26,128.2,3.84715,9.5829,1.8886,0.76943,3.58878,3.94462,,86.58676147460938,80.48031616210938,83.26408386230469
버치 스미스,Burch Taylor Smith,12784,AA,2013,Padres (AA),0,0,6,6,31.1,1.14894,10.6277,1.7234,0.287234,1.8755,2.40466,,31.891576766967773,51.75361251831055,63.55827713012695
버치 스미스,Burch Taylor Smith,12784,AAA,2013,Padres (AAA),0,0,12,12,61,3.39344,9.59016,2.5082,0.590164,3.17632,3.63729,,72.97740936279297,71.05046844482422,82.11487579345703
버치 스미스,Burch Taylor Smith,12784,MLB,2013,Padres,0,0,10,7,36.1,6.44037,11.3945,5.20184,2.22936,5.46987,4.09212,-0.259512,180.938232421875,148.5030975341797,108.72893524169922
버치 스미스,Burch Taylor Smith,12784,AAA,2014,Padres (AAA),0,1,2,2,5.1,18.5625,5.0625,8.4375,3.375,10.2629,6.86793,,385.8309631347656,217.32435607910156,148.0480499267578
버치 스미스,Burch Taylor Smith,12784,R,2017,Rays (R),0,1,1,1,3,6,12,0,0,0.757863,1.50438,,152.7353057861328,19.884578704833984,39.768489837646484
버치 스미스,Burch Taylor Smith,12784,A+,2017,Rays (A+),0,0,9,8,37,2.43243,8.02703,4.86486,0.243243,3.82411,4.5052,,69.96318817138672,110.72880554199219,128.38949584960938
버치 스미스,Burch Taylor Smith,12784,AAA,2017,Rays (AAA),0,1,3,3,16.1,1.65306,10.4694,2.20408,1.10204,3.33754,2.93761,,41.3845100402832,84.59314727783203,73.99243927001953
버치 스미스,Burch Taylor Smith,12784,MLB,2018,Royals,0,0,38,6,78,6.92308,8.88461,4.61538,1.73077,5.37838,4.84761,-0.513731,158.67535400390625,128.8565673828125,114.37242889404297
버치 스미스,Burch Taylor Smith,12784,AAA,2019,Brewers (AAA),1,0,15,15,77.1,2.32759,9.89224,4.30603,0.698276,4.27513,5.3938,,43.8087158203125,79.9178695678711,98.30342102050781
버치 스미스,Burch Taylor Smith,12784,AAA,2019,Giants (AAA),1,1,3,2,15,4.2,10.8,5.4,0.6,4.46335,5.12378,,80.95210266113281,82.08184051513672,93.38226318359375
버치 스미스,Burch Taylor Smith,12784,MLB,2019,- - -,0,1,17,0,21.1,5.48436,8.43747,5.90623,1.26562,5.2765,6.52544,-0.0618311,124.4754867553711,120.32638549804688,147.56796264648438
버치 스미스,Burch Taylor Smith,12784,MLB,2019,Brewers,1,1,7,0,12.2,7.81577,9.94734,7.10524,2.13157,6.68768,6.59255,-0.207038,176.09780883789062,150.7642364501953,149.09539794921875
버치 스미스,Burch Taylor Smith,12784,MLB,2019,Giants,1,1,10,0,8.2,2.07692,6.23074,4.15383,0,3.21401,6.42733,0.145207,49.02757263183594,75.84034729003906,145.3355712890625
버치 스미스,Burch Taylor Smith,12784,MLB,2020,Athletics,0,1,6,0,12,2.25,9.75,0.75,0.75,2.35809,3.84579,0.363617,53.5991325378418,54.48603057861328,86.32855987548828
버치 스미스,Burch Taylor Smith,12784,AAA,2021,Athletics (AAA),0,1,4,0,5.1,10.125,11.8125,6.75,5.0625,10.8698,6.81409,,170.93678283691406,189.55690002441406,126.273681640625
버치 스미스,Burch Taylor Smith,12784,MLB,2021,Athletics,0,0,31,0,43.1,5.4,5.81539,2.28462,1.03846,4.2085,5.15146,0.0813903,130.833740234375,101.10772705078125,120.05145263671875
리카르도 산체스,Ricardo Jose Sánchez,17581,R,2014,Angels (R),0,0,12,9,38.2,3.49138,10.0086,5.12069,0,3.89925,4.40964,,83.00521850585938,94.7944564819336,110.44063568115234
리카르도 산체스,Ricardo Jose Sánchez,17581,A,2015,Braves (A),0,0,10,10,39.2,5.44538,7.03361,4.76471,0.680672,4.94653,4.88885,,136.68817138671875,130.49061584472656,128.48292541503906
리카르도 산체스,Ricardo Jose Sánchez,17581,A,2016,Braves (A),0,0,24,23,119.1,4.7514,7.76816,4.07263,1.05587,4.68201,4.34228,,124.52889251708984,128.5622100830078,117.88314819335938
리카르도 산체스,Ricardo Jose Sánchez,17581,A+,2017,Braves (A+),0,0,22,21,100,4.95,9.09,4.14,0.9,4.0606,3.68238,,141.33404541015625,117.88480377197266,104.94091033935547
리카르도 산체스,Ricardo Jose Sánchez,17581,R,2018,Braves (R),1,1,1,1,4.1,2.07692,8.3077,2.07692,0,3.19564,4.04645,,48.684722900390625,77.75489044189453,102.53787231445312
리카르도 산체스,Ricardo Jose Sánchez,17581,R,2018,Braves (R),1,1,2,2,11.2,3.08571,6.94286,2.31429,0.771428,4.84843,5.11708,,66.57429504394531,103.68441009521484,106.78742980957031
리카르도 산체스,Ricardo Jose Sánchez,17581,AA,2018,Braves (AA),0,0,13,13,57.2,4.0578,6.86705,3.74566,0.468208,3.86643,4.4744,,108.96405029296875,105.06733703613281,115.39529418945312
리카르도 산체스,Ricardo Jose Sánchez,17581,AA,2019,Mariners (AA),0,0,27,27,146,4.43836,8.32192,2.34247,0.616438,3.39587,3.52823,,122.80992126464844,91.07744598388672,87.68640899658203
리카르도 산체스,Ricardo Jose Sánchez,17581,MLB,2020,Cardinals,0,1,3,0,5.1,6.75004,6.75004,8.43755,1.68751,7.50395,7.59732,-0.109394,157.23507690429688,172.35006713867188,170.09783935546875
리카르도 산체스,Ricardo Jose Sánchez,17581,AAA,2022,Phillies (AAA),1,0,21,21,92,4.79348,8.11957,3.32609,0.978261,4.4859,4.66819,,102.22051239013672,96.79695129394531,100.52397155761719
리카르도 산체스,Ricardo Jose Sánchez,17581,AAA,2022,Tigers (AAA),1,1,5,5,24.1,5.54795,7.39726,2.58904,1.10959,4.32956,4.35333,,124.56745147705078,99.95838165283203,93.74396514892578
에릭 페디,Erick James Fedde,17425,A-,2015,Nationals (A-),0,0,8,8,35,2.57143,9.25714,2.05714,0.257143,2.60166,2.70302,,71.22185516357422,74.6877212524414,75.4525375366211
에릭 페디,Erick James Fedde,17425,A,2015,Nationals (A),0,1,6,6,29,4.34483,7.13793,2.48276,0.310345,3.48435,3.6825,,114.94632720947266,91.13932800292969,96.77918243408203
에릭 페디,Erick James Fedde,17425,A+,2016,Nationals (A+),0,0,18,17,91.2,2.84727,9.32727,1.86545,0.687273,3.21944,2.85556,,71.58942413330078,79.19966125488281,70.0760726928711
에릭 페디,Erick James Fedde,17425,AA,2016,Nationals (AA),0,1,5,5,29.1,3.98864,8.59091,3.06818,0.306818,3.01664,3.82904,,102.33052825927734,76.00263214111328,96.80635833740234
에릭 페디,Erick James Fedde,17425,AA,2017,Nationals (AA),0,0,17,7,56.1,3.0355,8.62722,2.87574,0.639053,3.24278,3.14097,,75.99393463134766,79.97940063476562,77.87977600097656
에릭 페디,Erick James Fedde,17425,AAA,2017,Nationals (AAA),0,0,12,6,34,4.76471,6.61765,1.32353,0.794118,3.54342,3.46995,,118.79643249511719,89.66826629638672,87.40119171142578
에릭 페디,Erick James Fedde,17425,MLB,2017,Nationals,0,1,3,3,15.1,9.39132,8.80437,4.69566,2.93479,7.20113,4.12208,-0.233761,211.9003448486328,163.0331268310547,95.36094665527344
에릭 페디,Erick James Fedde,17425,AA,2018,Nationals (AA),0,1,1,1,4,2.25,9,4.5,0,2.82896,2.82896,,55.56216049194336,69.63294219970703,70.3044204711914
에릭 페디,Erick James Fedde,17425,AAA,2018,Nationals (AAA),0,0,13,13,67.1,4.41089,9.35644,2.40594,0.40099,2.67961,2.93454,,113.40247344970703,69.92229461669922,76.21883392333984
에릭 페디,Erick James Fedde,17425,MLB,2018,Nationals,0,0,11,11,50.1,5.54305,8.22517,3.93378,1.43046,4.7101,3.82516,0.280899,135.27513122558594,114.24217987060547,94.02835845947266
에릭 페디,Erick James Fedde,17425,AA,2019,Nationals (AA),0,1,5,4,24.2,2.55405,9.85135,1.82432,0.72973,2.76535,2.54912,,72.43345642089844,77.94900512695312,72.09872436523438
에릭 페디,Erick James Fedde,17425,AAA,2019,Nationals (AAA),0,1,2,2,10,12.6,9,3.6,4.5,9.79668,5.37909,,236.41732788085938,179.60182189941406,98.03536224365234
에릭 페디,Erick James Fedde,17425,MLB,2019,Nationals,0,0,21,12,78,4.5,4.73077,3.80769,1.26923,5.34221,5.26856,0.14609,101.0018539428711,119.25436401367188,118.965576171875
에릭 페디,Erick James Fedde,17425,MLB,2020,Nationals,0,0,11,8,50.1,4.29139,5.00663,3.93378,1.78808,6.15169,5.21624,-0.271361,94.979736328125,135.49172973632812,116.96861267089844
에릭 페디,Erick James Fedde,17425,A+,2021,Nationals (A+),0,1,1,1,5,3.6,5.4,1.8,0,3.16543,6.83734,,78.88992309570312,67.91014099121094,146.5853729248047
에릭 페디,Erick James Fedde,17425,MLB,2021,Nationals,0,0,29,27,133.1,5.4675,8.64,3.24,1.5525,4.66253,4.06089,1.17994,129.78109741210938,108.56069946289062,95.55831146240234
에릭 페디,Erick James Fedde,17425,AAA,2022,Nationals (AAA),0,1,1,1,4,0,9,2.25,0,2.25764,4.31902,,0,48.96768569946289,93.00508880615234
에릭 페디,Erick James Fedde,17425,MLB,2022,Nationals,0,0,27,27,127,5.81102,6.66142,4.11024,1.48819,5.1518,4.73901,0.295668,144.80482482910156,127.90443420410156,118.42198944091797
태너 털리,Tanner Paul Tully,19518,A-,2016,Indians (A-),0,0,13,7,46,1.17391,5.08696,1.76087,0,2.99536,3.70653,,34.31719207763672,86.54267120361328,108.48306274414062
태너 털리,Tanner Paul Tully,19518,A,2017,Indians (A),0,0,16,8,77,3.15584,8.88312,1.16883,1.16883,3.79594,3.39997,,80.2049789428711,93.81648254394531,86.53858184814453
태너 털리,Tanner Paul Tully,19518,A+,2017,Indians (A+),0,1,5,3,23.2,4.94366,4.56338,2.28169,0.760563,4.36777,5.06169,,127.74283599853516,118.33894348144531,131.5462646484375
태너 털리,Tanner Paul Tully,19518,AA,2017,Indians (AA),0,1,3,3,16.2,4.32,2.16,2.7,1.08,5.20503,5.28208,,112.17865753173828,134.69239807128906,130.9681396484375
태너 털리,Tanner Paul Tully,19518,AAA,2017,Indians (AAA),0,1,1,1,7,3.85714,3.85714,1.28571,0,2.90897,4.82098,,93.81340026855469,69.43821716308594,121.4309310913086
태너 털리,Tanner Paul Tully,19518,A+,2018,Indians (A+),0,0,26,26,147,4.46939,6.67347,1.22449,1.04082,3.82576,3.38052,,115.28414154052734,103.47122192382812,87.69987487792969
태너 털리,Tanner Paul Tully,19518,AA,2019,Indians (AA),0,0,23,23,129.1,4.38402,5.21907,1.87887,0.626289,3.63467,4.0312,,131.1116943359375,106.76026153564453,114.01725769042969
태너 털리,Tanner Paul Tully,19518,AAA,2019,Indians (AAA),0,1,3,3,14.2,4.90909,8.59091,1.22727,1.22727,3.89746,3.86515,,97.84806060791016,75.78965759277344,78.88862609863281
태너 털리,Tanner Paul Tully,19518,AA,2021,Cleveland (AA),0,0,17,12,74,2.67568,7.78378,2.18919,0.72973,3.77219,4.43518,,63.57746505737305,88.95738220214844,102.04183197021484
태너 털리,Tanner Paul Tully,19518,AAA,2021,Cleveland (AAA),0,0,9,6,39,5.07692,7.61538,3.23077,0.923077,4.08049,4.60911,,114.4627914428711,89.989990234375,101.9647216796875
태너 털리,Tanner Paul Tully,19518,AAA,2022,Cleveland (AAA),0,0,24,20,122,4.72131,7.22951,1.91803,0.885246,3.94206,4.29896,,103.66388702392578,84.85753631591797,92.57321166992188
태너 털리,Tanner Paul Tully,19518,MLB,2022,Guardians,0,1,3,0,6,6,3,9,1.5,7.61243,7.91305,-0.138337,156.01300048828125,196.96392822265625,202.1977081298828
보 슐서,Beau Grayson Sulser,23420,A-,2017,Pirates (A-),0,0,18,6,40.2,5.31147,7.30328,1.54918,0.885246,3.67787,3.04504,,149.28878784179688,106.3653564453125,89.1226806640625
보 슐서,Beau Grayson Sulser,23420,A,2018,Pirates (A),0,0,36,0,57.1,2.35465,9.88954,0.627907,0.627907,2.54623,2.57421,,62.71299362182617,67.66531372070312,69.21080017089844
보 슐서,Beau Grayson Sulser,23420,AA,2019,Pirates (AA),0,0,33,6,96,2.71875,5.90625,2.90625,0.375,3.43117,4.1094,,78.76732635498047,100.27890014648438,116.22908782958984
보 슐서,Beau Grayson Sulser,23420,AAA,2021,Pirates (AAA),0,0,26,24,122.2,5.64946,7.4837,3.88859,1.54076,5.31906,5.31706,,127.46064758300781,119.44581604003906,117.62615966796875
보 슐서,Beau Grayson Sulser,23420,AAA,2022,Orioles (AAA),1,0,17,3,44,4.70455,9.40909,2.45455,0.818182,3.48491,4.06464,,105.15679931640625,77.1110610961914,87.52725219726562
보 슐서,Beau Grayson Sulser,23420,AAA,2022,Pirates (AAA),1,1,3,3,12.2,2.13158,9.94737,1.42105,0.710526,2.79711,3.20291,,46.44642639160156,61.256046295166016,68.97105407714844
보 슐서,Beau Grayson Sulser,23420,MLB,2022,- - -,0,1,10,0,22.1,3.62685,7.65669,3.62685,1.20895,4.50049,4.34507,-0.0354634,91.59644317626953,113.84840393066406,109.28668212890625
보 슐서,Beau Grayson Sulser,23420,MLB,2022,Pirates,1,1,4,0,9.2,3.72412,9.31031,5.58619,0.931031,4.5607,5.05357,-0.0154027,90.05767059326172,113.85702514648438,126.1822509765625
보 슐서,Beau Grayson Sulser,23420,MLB,2022,Orioles,1,1,6,0,12.2,3.55262,6.39472,2.13157,1.42105,4.45453,3.80436,-0.0200607,92.77076721191406,113.8418197631836,96.39268493652344
커크 맥카티,Kirkland Kirk McCarty,20555,A-,2017,Indians (A-),0,0,13,6,34,1.85294,8.73529,2.64706,0.794118,3.69667,3.17596,,53.89028549194336,107.27528381347656,92.95458984375
커크 맥카티,Kirkland Kirk McCarty,20555,A,2018,Indians (A),0,0,22,22,115.1,4.29191,10.3006,2.65318,1.09249,3.70717,3.0344,,113.62938690185547,95.44580078125,80.45657348632812
커크 맥카티,Kirkland Kirk McCarty,20555,A+,2018,Indians (A+),0,0,5,5,31,3.19355,8.41935,1.16129,0.580645,3.09831,3.21535,,82.37492370605469,83.79661560058594,83.41510009765625
커크 맥카티,Kirkland Kirk McCarty,20555,A+,2019,Indians (A+),0,0,13,13,55.2,5.65868,9.7006,2.58683,0.323353,2.55381,3.16538,,152.72251892089844,72.26985168457031,85.92271423339844
커크 맥카티,Kirkland Kirk McCarty,20555,AAA,2021,Cleveland (AAA),0,0,24,24,124,5.00806,7.54839,3.19355,1.81452,5.44318,5.22181,,112.91033172607422,120.04255676269531,115.51914978027344
커크 맥카티,Kirkland Kirk McCarty,20555,AAA,2022,Orioles (AAA),1,1,1,1,4,6.75,4.5,0,2.25,5.75764,5.39357,,150.8771514892578,127.39998626708984,116.14434051513672
커크 맥카티,Kirkland Kirk McCarty,20555,AAA,2022,Cleveland (AAA),1,0,17,8,61.1,3.375,7.77717,3.375,1.61413,5.28481,4.83542,,74.10352325439453,113.76177215576172,104.12521362304688
커크 맥카티,Kirkland Kirk McCarty,20555,MLB,2022,Guardians,0,0,13,2,37.2,4.53982,6.21238,3.10619,2.62832,6.6434,4.85134,-0.824232,118.04513549804688,171.68814086914062,123.3539810180664
에니 로메로,Enny Romero,4001,R,2008,Rays (R),0,1,11,1,17.2,4.07547,10.1887,6.11321,0,3.57403,3.92944,,110.48039245605469,99.26141357421875,106.62956237792969
에니 로메로,Enny Romero,4001,R,2009,Rays (R),0,0,11,4,39.1,4.80509,7.55085,4.80509,0.457627,4.08094,3.99759,,143.1290283203125,120.86050415039062,118.83120727539062
에니 로메로,Enny Romero,4001,R,2010,Rays (R),0,0,13,13,69.1,1.94712,9.34615,1.81731,0.259615,2.71707,3.04493,,53.077659606933594,73.22273254394531,79.7238540649414
에니 로메로,Enny Romero,4001,A-,2010,Rays (A-),0,1,1,1,5,1.8,7.2,9,0,5.4725,5.73972,,48.02111053466797,152.02548217773438,151.20550537109375
에니 로메로,Enny Romero,4001,A,2011,Rays (A),0,0,26,26,114,4.26316,11.0526,5.36842,0.710526,3.82495,3.49456,,118.23954772949219,100.4688720703125,92.57698059082031
에니 로메로,Enny Romero,4001,A+,2012,Rays (A+),0,0,25,23,126,3.92857,7.64286,5.42857,0.357143,4.18334,4.48265,,102.42278289794922,107.75677490234375,116.36968994140625
에니 로메로,Enny Romero,4001,AA,2013,Rays (AA),0,0,27,27,140.1,2.75772,7.05463,4.68171,0.577197,3.78198,4.03549,,78.22675323486328,105.84575653076172,113.61927795410156
에니 로메로,Enny Romero,4001,AAA,2013,Rays (AAA),0,1,1,1,8,0,2.25,2.25,0,3.4549,4.65393,,0,89.20885467529297,120.48909759521484
에니 로메로,Enny Romero,4001,MLB,2013,Rays,0,1,1,1,4.2,0,0,7.71423,0,5.61926,6.79025,-0.023905,0,144.39199829101562,170.73277282714844
에니 로메로,Enny Romero,4001,AAA,2014,Rays (AAA),0,0,25,25,126,4.5,8.35714,3.71429,0.928571,4.12752,3.90978,,107.97496032714844,101.33197784423828,96.8365707397461
에니 로메로,Enny Romero,4001,A+,2015,Rays (A+),0,1,2,2,6.2,6.75,6.75,5.4,0,3.46533,3.83537,,210.57107543945312,108.32508087158203,119.21102142333984
에니 로메로,Enny Romero,4001,AAA,2015,Rays (AAA),0,0,17,3,46.1,4.85612,8.74101,3.30216,0.971223,3.78293,3.27527,,128.04225158691406,104.59532928466797,90.54788970947266
에니 로메로,Enny Romero,4001,MLB,2015,Rays,0,0,23,0,30,5.1,9.3,3.9,0.3,2.80026,3.8426,0.404184,130.5643310546875,70.73780822753906,95.04002380371094
에니 로메로,Enny Romero,4001,A+,2016,Rays (A+),0,1,1,1,1,0,18,0,0,-0.747223,0.0436311,,0,-21.298748016357422,1.2172833681106567
에니 로메로,Enny Romero,4001,MLB,2016,Rays,0,0,52,0,45.2,5.9124,9.85401,5.51824,1.37956,4.7889,4.65632,-0.186944,144.39938354492188,116.46432495117188,109.69953155517578
에니 로메로,Enny Romero,4001,AAA,2017,Nationals (AAA),0,1,7,0,6.1,4.26316,11.3684,1.42105,0,1.2849,2.62972,,106.29210662841797,32.51499938964844,66.23733520507812
에니 로메로,Enny Romero,4001,MLB,2017,Nationals,0,0,53,0,55.2,3.55688,10.509,3.71856,1.13174,3.85824,4.30056,0.458525,80.25544738769531,87.52961730957031,99.47278594970703
에니 로메로,Enny Romero,4001,A+,2018,Pirates (A+),0,1,1,1,0.2,13.4999,13.4999,0,13.4999,19.9788,1.79529,,341.8087158203125,507.6439208984375,47.26580810546875
에니 로메로,Enny Romero,4001,AA,2018,Pirates (AA),0,1,2,0,2,0,4.5,4.5,0,3.82896,3.82896,,0,98.19695281982422,95.15609741210938
에니 로메로,Enny Romero,4001,AAA,2018,Pirates (AAA),0,1,5,0,4.1,6.23077,10.3846,10.3846,2.07692,7.48692,5.28047,,173.5963592529297,205.3141326904297,137.14999389648438
에니 로메로,Enny Romero,4001,MLB,2018,- - -,0,1,8,0,10,12.6,9,5.4,3.6,8.46043,6.23334,-0.371188,296.78839111328125,203.8448486328125,151.10328674316406
에니 로메로,Enny Romero,4001,MLB,2018,Nationals,1,1,2,0,2,13.5,9,4.5,4.5,10.6604,5.81205,-0.0765438,329.4601745605469,259.6746826171875,143.33189392089844
에니 로메로,Enny Romero,4001,MLB,2018,Pirates,1,1,2,0,4,4.5,11.25,6.75,0,2.91043,6.62657,0.0536879,113.11547088623047,71.66966247558594,163.5437774658203
에니 로메로,Enny Romero,4001,MLB,2018,Royals,1,1,4,0,4,20.25,6.75,4.5,6.75,12.9104,6.05076,-0.348332,464.1253967285156,308.1051025390625,142.5485076904297
로에니스 엘리아스,Roenis Elías,12673,R,2011,Mariners (R),1,1,3,1,11,0.818182,6.54545,2.45455,0,3.69039,4.72241,,17.8735294342041,81.53822326660156,107.9744644165039
로에니스 엘리아스,Roenis Elías,12673,R,2011,Mariners (R),1,1,1,0,1,0,0,0,0,4.37576,5.75703,,0,94.28792572021484,121.74331665039062
로에니스 엘리아스,Roenis Elías,12673,A,2011,Mariners (A),0,0,7,7,36.1,5.44954,8.17431,4.45872,1.73395,5.61692,4.03172,,146.62008666992188,153.4840545654297,106.80726623535156
로에니스 엘리아스,Roenis Elías,12673,A+,2012,Mariners (A+),0,0,26,26,148.1,3.7618,7.76629,2.48764,1.15281,4.74451,4.556,,68.37936401367188,91.56402587890625,96.16932678222656
로에니스 엘리아스,Roenis Elías,12673,AA,2013,Mariners (AA),0,0,22,22,130,3.18462,8.37692,3.46154,0.623077,3.19724,3.26645,,86.81922912597656,88.62970733642578,91.96704864501953
로에니스 엘리아스,Roenis Elías,12673,AAA,2014,Mariners (AAA),0,1,1,1,5,0,10.8,1.8,0,1.90038,2.68974,,0,41.1254768371582,57.98100662231445
로에니스 엘리아스,Roenis Elías,12673,MLB,2014,Mariners,0,0,29,29,163.2,3.84929,7.86354,3.51935,0.879837,4.03042,3.95271,1.0527,104.6890869140625,108.09959411621094,104.26483154296875
로에니스 엘리아스,Roenis Elías,12673,AAA,2015,Mariners (AAA),0,0,12,12,61.1,7.33696,6.89674,2.6413,1.32065,5.05047,4.48717,,182.36099243164062,116.99375915527344,102.59772491455078
로에니스 엘리아스,Roenis Elías,12673,MLB,2015,Mariners,0,0,22,20,115.1,4.13584,7.56937,3.43353,1.17052,4.52088,4.3911,0.595857,107.0714340209961,113.83997344970703,108.7098388671875
로에니스 엘리아스,Roenis Elías,12673,AAA,2016,Red Sox (AAA),0,0,21,19,125,3.6,8.136,4.104,0.72,3.91323,3.87966,,104.19902038574219,107.1343765258789,106.48216247558594
로에니스 엘리아스,Roenis Elías,12673,MLB,2016,Red Sox,0,1,3,1,7.2,12.913,3.52172,5.86954,2.34782,7.71176,6.71023,-0.190285,293.0599670410156,184.73916625976562,158.51095581054688
로에니스 엘리아스,Roenis Elías,12673,A-,2017,Red Sox (A-),0,1,1,1,2,0,9,0,0,1.43196,2.85169,,0,41.45624923706055,83.46385955810547
로에니스 엘리아스,Roenis Elías,12673,A+,2017,Red Sox (A+),0,1,1,1,4,15.75,2.25,4.5,2.25,7.64594,7.04737,,404.58062744140625,201.1715545654297,183.1512451171875
로에니스 엘리아스,Roenis Elías,12673,AA,2017,Red Sox (AA),0,1,1,1,2.2,3.375,3.375,3.375,3.375,8.47503,5.82427,,81.74188995361328,209.35415649414062,144.4112091064453
로에니스 엘리아스,Roenis Elías,12673,AAA,2017,Red Sox (AAA),0,0,7,7,34,6.61765,6.61765,2.38235,2.38235,6.45518,4.83911,,174.6325225830078,162.09475708007812,121.88764953613281
로에니스 엘리아스,Roenis Elías,12673,MLB,2017,Red Sox,0,1,1,0,0.1,0,27.0027,27.0027,0,6.15794,6.15794,-0.00343734,0,141.94589233398438,140.3341522216797
로에니스 엘리아스,Roenis Elías,12673,AAA,2018,Red Sox (AAA),1,1,4,0,7.1,1.22727,11.0455,2.45455,1.22727,4.69671,4.01811,,33.39590835571289,121.61385345458984,104.36261749267578
로에니스 엘리아스,Roenis Elías,12673,AAA,2018,Mariners (AAA),1,0,10,7,33.2,4.54455,8.28713,4.0099,0.267327,3.98295,4.48787,,106.53858947753906,88.02948760986328,97.3281478881836
로에니스 엘리아스,Roenis Elías,12673,MLB,2018,Mariners,0,0,23,4,51,2.64706,6,2.82353,0.176471,3.082,4.96448,0.931993,64.36514282226562,73.96049499511719,117.10934448242188
로에니스 엘리아스,Roenis Elías,12673,MLB,2019,- - -,0,0,48,0,50,3.96,8.46,3.24,1.8,5.07401,4.78149,-0.0691783,89.63291931152344,113.55105590820312,104.7520980834961
로에니스 엘리아스,Roenis Elías,12673,MLB,2019,Mariners,1,0,44,0,47,3.6383,8.61702,3.25532,1.53191,4.66082,4.6912,0.178287,82.46031951904297,104.27726745605469,102.4976577758789
로에니스 엘리아스,Roenis Elías,12673,MLB,2019,Nationals,1,1,4,0,3,9,6,3,6,11.5473,6.19602,-0.247465,202.0037078857422,258.84039306640625,140.0716552734375
로에니스 엘리아스,Roenis Elías,12673,AAA,2022,Mariners (AAA),0,0,37,9,65,5.12308,7.61538,2.63077,1.10769,4.63991,5.40708,,98.58184051513672,85.28379821777344,100.22278594970703
로에니스 엘리아스,Roenis Elías,12673,MLB,2022,Mariners,0,1,7,0,7.2,3.52172,7.04345,3.52172,1.17391,4.41677,4.65204,-0.0349257,96.46593475341797,116.28746795654297,118.2217025756836
아리엘 후라도,Ariel Bolívar Jurado Agrazal,17030,R,2013,Rangers (R),0,0,9,9,49,2.38776,8.63265,0.55102,0.183673,1.9281,1.88399,,63.27220916748047,57.14357376098633,55.34943389892578
아리엘 후라도,Ariel Bolívar Jurado Agrazal,17030,R,2014,Rangers (R),0,0,14,3,38.2,1.62931,8.14655,1.86207,0.232759,3.2527,3.36102,,39.51903533935547,81.44083404541016,84.17779541015625
아리엘 후라도,Ariel Bolívar Jurado Agrazal,17030,A,2015,Rangers (A),0,0,22,15,99,2.45455,8.63636,1.09091,0.454545,2.61566,2.37726,,63.054962158203125,66.14324188232422,62.47639083862305
아리엘 후라도,Ariel Bolívar Jurado Agrazal,17030,A+,2016,Rangers (A+),0,0,16,16,79.1,3.85714,8.05462,2.72269,0.453782,3.52548,3.55707,,79.95222473144531,76.12678527832031,81.49676513671875
아리엘 후라도,Ariel Bolívar Jurado Agrazal,17030,AA,2016,Rangers (AA),0,0,8,6,43.2,3.29771,7.21374,2.06107,0.618321,3.29676,3.36978,,85.01912689208984,87.0273208618164,90.91400146484375
아리엘 후라도,Ariel Bolívar Jurado Agrazal,17030,AA,2017,Rangers (AA),0,0,27,27,157,4.58599,5.44586,2.12102,0.917197,4.32741,4.0008,,111.81593322753906,107.86849975585938,101.62091064453125
아리엘 후라도,Ariel Bolívar Jurado Agrazal,17030,AA,2018,Rangers (AA),0,0,16,16,101.2,3.27541,5.13443,1.50492,1.0623,4.43538,4.1191,,76.5257797241211,104.26416015625,98.63389587402344
아리엘 후라도,Ariel Bolívar Jurado Agrazal,17030,MLB,2018,Rangers,0,0,12,8,54.2,5.92683,3.62195,2.96341,1.15244,5.00799,5.03526,0.318708,127.1588363647461,113.4638671875,118.76676177978516
아리엘 후라도,Ariel Bolívar Jurado Agrazal,17030,AAA,2019,Rangers (AAA),0,1,4,4,22.2,3.57353,8.73529,0.794118,0.397059,2.82609,4.54934,,65.46582794189453,52.908714294433594,82.91291046142578
아리엘 후라도,Ariel Bolívar Jurado Agrazal,17030,MLB,2019,Rangers,0,0,32,18,122.1,5.81199,5.95913,2.6485,1.54496,5.10229,5.00082,0.931236,115.32904052734375,107.00303649902344,109.20386505126953
아리엘 후라도,Ariel Bolívar Jurado Agrazal,17030,MLB,2020,Mets,0,1,1,1,4,11.25,4.5,0,2.25,5.44142,5.08384,0.0611678,269.07861328125,125.31028747558594,114.01429748535156
아리엘 후라도,Ariel Bolívar Jurado Agrazal,17030,A,2022,Twins (A),0,1,1,1,4,0,9,4.5,0,3.02048,3.69767,,0,78.28031921386719,94.25479888916016
아리엘 후라도,Ariel Bolívar Jurado Agrazal,17030,AAA,2022,Twins (AAA),0,0,14,7,53.1,3.54375,7.425,2.025,1.18125,4.29514,4.104,,73.68783569335938,89.48673248291016,88.3749771118164
이안 맥키니,Ian McKinney,sa738318,R,2013,Cardinals (R),0,0,10,5,30.1,0.89011,7.12088,3.56044,0,3.36118,3.785,,24.649581909179688,96.27729797363281,106.5721435546875
이안 맥키니,Ian McKinney,sa738318,R,2014,Cardinals (R),0,0,6,6,35.2,1.26168,7.82243,1.76635,0,2.58708,3.41977,,32.29484176635742,68.52066802978516,91.64924621582031
이안 맥키니,Ian McKinney,sa738318,A-,2014,Cardinals (A-),0,1,2,2,11.2,6.17143,6.94286,1.54286,0,2.92699,4.19682,,170.20779418945312,83.87904357910156,118.51378631591797
이안 맥키니,Ian McKinney,sa738318,A-,2015,Cardinals (A-),0,0,8,8,45.2,2.75912,7.88321,2.36496,0.19708,3.03419,3.24932,,75.42925262451172,86.02594757080078,90.70215606689453
이안 맥키니,Ian McKinney,sa738318,A,2015,Cardinals (A),0,0,6,6,38.1,2.58261,6.8087,1.87826,0,2.82115,3.65742,,77.01753997802734,81.35216522216797,101.85942077636719
이안 맥키니,Ian McKinney,sa738318,A+,2015,Cardinals (A+),0,1,1,0,3,0,15,0,0,-0.167998,0.160921,,0,-5.46168851852417,5.001750469207764
이안 맥키니,Ian McKinney,sa738318,A+,2016,Cardinals (A+),0,0,23,22,123,4.17073,7.39024,3.65854,0.731707,3.96009,3.8162,,122.2486572265625,116.09452056884766,106.46976470947266
이안 맥키니,Ian McKinney,sa738318,AA,2016,Cardinals (AA),0,1,2,2,9.1,2.89286,6.75,6.75,0.964286,5.32511,5.18787,,76.2919921875,138.4972381591797,139.9647674560547
이안 맥키니,Ian McKinney,sa738318,A+,2017,Cardinals (A+),0,0,26,1,49,2.02041,8.81633,4.40816,0.183673,3.331,3.70971,,60.786258697509766,99.712158203125,105.7197265625
이안 맥키니,Ian McKinney,sa738318,AA,2017,Cardinals (AA),0,1,14,2,22.2,5.16176,3.97059,4.36765,1.19118,5.60879,5.21003,,127.40998077392578,136.78099060058594,132.33558654785156
이안 맥키니,Ian McKinney,sa738318,A+,2018,Cardinals (A+),0,1,5,1,7.1,3.68182,17.1818,3.68182,0,1.29709,1.53643,,102.3315658569336,35.868858337402344,40.44867706298828
이안 맥키니,Ian McKinney,sa738318,AA,2018,Cardinals (AA),0,0,18,0,31.1,5.17021,6.89362,6.60638,1.43617,6.38794,5.90262,,119.87432098388672,146.2735595703125,141.3413543701172
이안 맥키니,Ian McKinney,sa738318,A+,2019,Mariners (A+),0,0,25,25,136.1,2.83863,9.77017,3.56479,0.396088,3.58244,4.18123,,71.95987701416016,92.23648071289062,102.82918548583984
이안 맥키니,Ian McKinney,sa738318,AA,2019,Mariners (AA),0,1,3,3,15,4.8,12,3,3,6.31733,3.48664,,132.816650390625,169.43116760253906,86.65264892578125
이안 맥키니,Ian McKinney,sa738318,AA,2021,Mariners (AA),0,0,6,6,33,2.18182,13.6364,4.09091,0.545455,2.6917,2.87025,,54.07789611816406,64.07621765136719,63.06442642211914
이안 맥키니,Ian McKinney,sa738318,AAA,2021,Mariners (AAA),0,0,11,10,53.2,6.03727,8.04969,4.69565,1.67702,6.41059,6.61341,,118.92430877685547,120.26887512207031,122.55460357666016
이안 맥키니,Ian McKinney,sa738318,AAA,2022,Mariners (AAA),0,1,10,4,22.1,10.0746,3.22388,6.85075,2.01493,8.73589,8.45435,,193.86334228515625,160.57008361816406,156.70533752441406
조던 발라조빅,Jordan Balazovic,21866,R,2016,Twins (R),0,0,8,6,32,1.96875,4.5,1.40625,0,3.45642,4.04685,,60.40290832519531,101.5963134765625,118.5970687866211
조던 발라조빅,Jordan Balazovic,21866,R,2017,Twins (R),0,0,10,3,40.1,4.90909,6.47108,4.46281,1.1157,5.23445,4.3586,,136.91932678222656,138.1676483154297,115.22023010253906
조던 발라조빅,Jordan Balazovic,21866,A,2018,Twins (A),0,0,12,11,61.2,3.94054,11.3838,2.62703,0.72973,3.02768,3.02647,,103.24032592773438,78.47998046875,80.24642181396484
조던 발라조빅,Jordan Balazovic,21866,A,2019,Twins (A),0,1,4,4,20.2,2.17742,14.371,1.74194,0.435484,1.60872,1.97197,,57.35963821411133,41.92781448364258,52.57270812988281
조던 발라조빅,Jordan Balazovic,21866,A+,2019,Twins (A+),0,0,15,14,73,2.83562,11.8356,2.58904,0.369863,2.28048,2.54556,,81.27084350585938,64.98609161376953,73.68311309814453
조던 발라조빅,Jordan Balazovic,21866,AA,2021,Twins (AA),0,0,20,20,97,3.61856,9.46392,3.52577,0.835052,3.91256,4.27724,,76.3570327758789,84.21006774902344,93.97862243652344
조던 발라조빅,Jordan Balazovic,21866,A,2022,Twins (A),0,1,1,0,2,18,4.5,9,4.5,13.5205,9.05205,,466.4930419921875,350.40386962890625,230.73971557617188
조던 발라조빅,Jordan Balazovic,21866,AAA,2022,Twins (AAA),0,0,22,21,70.2,7.38679,9.67925,4.45755,2.54717,6.60669,4.53766,,153.59890747070312,137.64663696289062,97.71326446533203
조던 발라조빅,Jordan Balazovic,21866,AAA,2023,Twins (AAA),0,0,22,3,45.2,5.32117,10.6423,6.30657,0.985401,4.79884,4.59572,,99.1856689453125,89.62467956542969,88.71244812011719
조던 발라조빅,Jordan Balazovic,21866,MLB,2023,Twins,0,1,18,0,24.1,4.43836,6.28767,4.43836,1.84932,6.00847,5.30767,-0.369913,102.85923767089844,140.28005981445312,123.89712524414062
코너 시볼드,Connor Seabold,19695,A-,2017,Phillies (A-),0,1,5,0,10,0.9,11.7,1.8,0,1.43196,1.99986,,27.929489135742188,42.86994934082031,58.5321159362793
코너 시볼드,Connor Seabold,19695,A+,2018,Phillies (A+),0,0,12,12,71.2,3.76744,8.53954,1.75814,0.753488,3.33937,3.12042,,99.83434295654297,86.71053314208984,82.14997863769531
코너 시볼드,Connor Seabold,19695,AA,2018,Phillies (AA),0,0,11,11,58.2,4.90909,9.81818,2.91477,1.53409,4.48805,3.55886,,115.21681213378906,104.3937759399414,88.44357299804688
코너 시볼드,Connor Seabold,19695,R,2019,Phillies (R),1,1,2,2,5,0,18,0,0,-0.493128,-0.493128,,0,-13.10256290435791,-12.593488693237305
코너 시볼드,Connor Seabold,19695,R,2019,Phillies (R),1,1,1,1,2.1,11.5714,7.7143,0,0,5.64973,6.48779,,285.34686279296875,143.5748748779297,165.6859130859375
코너 시볼드,Connor Seabold,19695,A+,2019,Phillies (A+),0,1,2,1,9,1,10,1,1,3.19676,2.48285,,29.13556480407715,91.2657470703125,71.86788177490234
코너 시볼드,Connor Seabold,19695,AA,2019,Phillies (AA),0,0,7,7,40,2.25,8.1,2.25,0.45,2.77075,3.10487,,59.58876419067383,74.0678482055664,87.81729125976562
코너 시볼드,Connor Seabold,19695,AAA,2021,Red Sox (AAA),0,0,11,11,54,3.5,8.66667,3.16667,1,4.26994,5.12141,,76.76009368896484,94.40016174316406,113.29804229736328
코너 시볼드,Connor Seabold,19695,MLB,2021,Red Sox,0,1,1,1,3,6,0,6,3,9.50337,7.52252,-0.118252,130.78106689453125,219.20545959472656,174.86044311523438
코너 시볼드,Connor Seabold,19695,AAA,2022,Red Sox (AAA),0,0,19,19,86.2,3.32308,9.24231,1.97308,0.726923,3.36918,4.2981,,70.94085693359375,72.50418853759766,92.5546646118164
코너 시볼드,Connor Seabold,19695,MLB,2022,Red Sox,0,1,5,5,18.1,11.2909,9.32729,3.92728,2.45455,6.38516,5.50437,-0.210116,274.5050048828125,161.84954833984375,140.17066955566406
코너 시볼드,Connor Seabold,19695,AAA,2023,Rockies (AAA),0,0,8,8,31.1,7.46809,10.3404,2.29787,0.861702,3.94967,5.14882,,121.37980651855469,67.10601806640625,90.36836242675781
코너 시볼드,Connor Seabold,19695,MLB,2023,Rockies,0,0,27,13,87.1,7.5229,6.90458,2.8855,1.95802,5.75122,5.59232,-0.145441,151.41232299804688,124.78602600097656,127.68567657470703
데니 레예스,Denyi Reyes,20526,R,2015,Red Sox (R),0,0,15,14,75,2.88,7.56,0.36,0,2.06293,2.43409,,80.52615356445312,55.1578254699707,64.93256378173828
데니 레예스,Denyi Reyes,20526,R,2016,Red Sox (R),0,0,9,3,34.2,2.33654,6.49038,1.03846,0.778846,3.36027,2.99223,,65.96531677246094,100.83299255371094,87.69036102294922
데니 레예스,Denyi Reyes,20526,A-,2017,Red Sox (A-),0,0,15,0,62,1.45161,7.69355,1.01613,0.435484,2.73842,2.93374,,40.081939697265625,79.2788314819336,85.86526489257812
데니 레예스,Denyi Reyes,20526,A,2018,Red Sox (A),0,0,21,18,123.2,1.89218,8.87871,0.946092,0.800539,3.06634,3.14716,,49.81114196777344,82.15230560302734,84.61526489257812
데니 레예스,Denyi Reyes,20526,A+,2018,Red Sox (A+),0,0,6,6,32,2.25,6.46875,1.6875,0.5625,3.38763,3.58781,,57.69526290893555,88.9742660522461,93.07770538330078
데니 레예스,Denyi Reyes,20526,AA,2019,Red Sox (AA),0,0,26,26,151.1,4.163,6.89868,2.20044,0.832599,3.69278,3.99232,,116.93171691894531,104.81364440917969,112.91779327392578
데니 레예스,Denyi Reyes,20526,AA,2021,Red Sox (AA),0,0,20,5,57.2,4.21387,9.83237,1.56069,1.56069,4.31312,3.93574,,95.53421783447266,100.38188934326172,90.55091094970703
데니 레예스,Denyi Reyes,20526,A,2022,Orioles (A),0,1,1,1,5,1.8,9,1.8,0,2.44619,4.11177,,41.76505661010742,56.15958786010742,93.03241729736328
데니 레예스,Denyi Reyes,20526,A+,2022,Orioles (A+),0,1,1,1,1,0,18,0,0,-0.341719,1.13787,,0,-7.846200466156006,25.411550521850586
데니 레예스,Denyi Reyes,20526,AAA,2022,Orioles (AAA),0,0,15,10,54,7.16667,9,1.33333,2.16667,5.19282,4.262,,160.1905517578125,114.90225219726562,91.77725219726562
데니 레예스,Denyi Reyes,20526,MLB,2022,Orioles,0,1,3,1,7.2,2.34782,3.52172,1.17391,0,2.72113,4.65204,0.155158,61.309268951416016,68.9253921508789,118.2217025756836
데니 레예스,Denyi Reyes,20526,AAA,2023,Mets (AAA),0,0,20,18,91.2,5.79273,7.06909,3.24,2.35636,6.58347,5.69528,,108.61770629882812,121.68463134765625,109.93757629394531
데니 레예스,Denyi Reyes,20526,MLB,2023,Mets,0,1,9,3,19.2,7.77966,7.77966,3.66102,1.37288,4.88216,4.74862,0.075119,184.2184295654297,112.1724624633789,108.4376449584961
디트릭 엔스,Dietrich Arthur Enns,13932,A-,2012,Yankees (A-),0,0,22,0,42.2,2.10937,6.96094,3.16406,0,2.84034,3.34857,,59.87063217163086,78.75704956054688,94.67340087890625
디트릭 엔스,Dietrich Arthur Enns,13932,A,2013,Yankees (A),0,0,19,1,44.1,0.609023,14.0075,2.84211,0,1.51855,2.08001,,17.22684669494629,41.1362190246582,55.15835189819336
디트릭 엔스,Dietrich Arthur Enns,13932,A+,2013,Yankees (A+),0,0,9,7,38.1,5.63478,10.0957,4.93044,0.939131,4.154,3.70485,,151.11277770996094,115.0789794921875,100.0453109741211
디트릭 엔스,Dietrich Arthur Enns,13932,A+,2014,Yankees (A+),0,1,13,1,25.1,1.42105,9.23684,3.55263,0.355263,3.15419,3.33224,,37.921104431152344,85.92619323730469,88.82571411132812
디트릭 엔스,Dietrich Arthur Enns,13932,R,2015,Yankees (R),0,1,3,3,11.1,0,11.9118,4.76471,0,2.24854,2.44283,,0,65.65618133544922,71.6868667602539
디트릭 엔스,Dietrich Arthur Enns,13932,A+,2015,Yankees (A+),0,0,10,9,47.1,0.760563,7.60563,2.66197,0,2.4259,3.07216,,23.513574600219727,76.74951934814453,95.4888687133789
디트릭 엔스,Dietrich Arthur Enns,13932,AA,2016,Yankees (AA),0,0,12,12,70,1.92857,9.51429,3.85714,0.385714,3.12898,3.72644,,51.12377166748047,81.62891387939453,94.21236419677734
디트릭 엔스,Dietrich Arthur Enns,13932,AAA,2016,Yankees (AAA),0,0,14,10,65,1.52308,6.92308,3.6,0.415385,3.52308,3.85014,,42.14058303833008,96.76648712158203,105.6718521118164
디트릭 엔스,Dietrich Arthur Enns,13932,R,2017,Yankees (R),0,1,1,0,6,0,15,0,0,0.0911962,0.464454,,0,2.345395565032959,12.277913093566895
디트릭 엔스,Dietrich Arthur Enns,13932,AAA,2017,Twins (AAA),1,1,3,1,11.2,2.31429,6.94286,3.08571,1.54286,5.05182,4.17904,,58.01850128173828,128.24966430664062,105.26174926757812
디트릭 엔스,Dietrich Arthur Enns,13932,AAA,2017,Yankees (AAA),1,0,7,7,39.1,2.28814,8.4661,2.28814,0.228814,2.70194,3.48506,,57.38176345825195,67.61190032958984,87.7817153930664
디트릭 엔스,Dietrich Arthur Enns,13932,MLB,2017,Twins,0,1,2,1,4,6.75,4.5,2.25,4.5,9.40764,6.90995,-0.143485,152.82887268066406,213.22091674804688,157.51963806152344
디트릭 엔스,Dietrich Arthur Enns,13932,AA,2018,Twins (AA),0,0,11,9,60.2,4.00549,9.04945,1.92857,0.593407,2.85255,2.99421,,98.5540771484375,72.70938873291016,77.22113037109375
디트릭 엔스,Dietrich Arthur Enns,13932,AAA,2018,Twins (AAA),0,0,14,13,68.1,5.13659,5.92683,3.95122,1.05366,4.98673,4.80671,,132.7865753173828,130.54286193847656,124.84484100341797
디트릭 엔스,Dietrich Arthur Enns,13932,AAA,2019,Padres (AAA),0,0,28,25,137,6.70073,6.89781,3.67883,2.43066,7.04485,5.90512,,114.0360336303711,125.48932647705078,107.62236785888672
디트릭 엔스,Dietrich Arthur Enns,13932,AAA,2021,Rays (AAA),0,0,19,11,71.2,2.63721,11.3023,2.26047,1.00465,3.09742,3.22792,,56.82006072998047,67.49486541748047,71.40940856933594
디트릭 엔스,Dietrich Arthur Enns,13932,MLB,2021,Rays,0,1,9,0,22.1,2.8209,10.0746,2.41791,0.402986,2.31929,4.02824,0.593873,68.30224609375,56.799495697021484,94.08720397949219
엘리에이저 에르난데스,Elieser Hernández,16933,R,2012,Astros (R),0,0,12,8,35,4.11429,6.42857,2.05714,0,2.5048,2.90387,,111.46061706542969,68.08281707763672,80.90276336669922
엘리에이저 에르난데스,Elieser Hernández,16933,R,2013,Astros (R),0,0,13,12,57.1,1.25581,7.22093,3.29651,0.156977,2.91694,3.06318,,35.88746643066406,82.9535903930664,89.99286651611328
엘리에이저 에르난데스,Elieser Hernández,16933,R,2014,Astros (R),1,1,4,1,10,0,7.2,4.5,0,3.76839,4.13058,,0,102.9583740234375,110.69864654541016
엘리에이저 에르난데스,Elieser Hernández,16933,R,2014,Astros (R),1,0,8,3,35.2,2.7757,8.57944,2.01869,0.504673,3.25506,2.93431,,76.33643341064453,87.8855972290039,78.60501861572266
엘리에이저 에르난데스,Elieser Hernández,16933,A-,2015,Astros (A-),0,1,5,2,20.2,1.30645,13.0645,0.870968,0,1.19337,1.5523,,33.567108154296875,31.586576461791992,43.331111907958984
엘리에이저 에르난데스,Elieser Hernández,16933,A,2015,Astros (A),0,0,10,7,45.2,3.94161,9.06569,2.16788,0.591241,3.28558,3.37708,,110.32795715332031,92.72679901123047,94.05193328857422
엘리에이저 에르난데스,Elieser Hernández,16933,A,2016,Astros (A),0,0,11,9,57,2.36842,10.7368,1.89474,0.473684,2.56248,2.59035,,67.3538818359375,72.96644592285156,73.58654022216797
엘리에이저 에르난데스,Elieser Hernández,16933,A+,2016,Astros (A+),0,0,13,10,50.2,6.92763,6.92763,4.08553,1.95395,6.53692,5.59093,,142.40098571777344,141.34841918945312,128.09474182128906
엘리에이저 에르난데스,Elieser Hernández,16933,R,2017,Astros (R),0,1,3,2,10,1.8,12.6,0.9,0,0.924529,1.26046,,46.58797073364258,24.100040435791016,33.32051086425781
엘리에이저 에르난데스,Elieser Hernández,16933,A+,2017,Astros (A+),0,0,15,11,63.1,3.97895,10.5158,2.98421,0.852632,3.52225,3.54661,,105.92281341552734,93.69458770751953,92.17155456542969
엘리에이저 에르난데스,Elieser Hernández,16933,A+,2018,Marlins (A+),0,1,2,2,6,6,7.5,6,3,8.14557,4.39729,,169.51148986816406,228.08380126953125,115.76578521728516
엘리에이저 에르난데스,Elieser Hernández,16933,AA,2018,Marlins (AA),0,1,2,2,9,4,10,4,3,6.80798,3.97081,,108.00035095214844,176.81019592285156,102.40754699707031
엘리에이저 에르난데스,Elieser Hernández,16933,AAA,2018,Marlins (AAA),0,1,1,1,2.2,6.74999,6.74999,0,3.375,7.12033,3.71266,,158.69432067871094,157.80960083007812,80.51628112792969
엘리에이저 에르난데스,Elieser Hernández,16933,MLB,2018,Marlins,0,0,32,6,65.2,5.20812,6.16751,3.70051,1.50761,5.29241,5.75565,-0.470089,136.75778198242188,134.7913818359375,141.9324951171875
엘리에이저 에르난데스,Elieser Hernández,16933,AAA,2019,Marlins (AAA),0,0,9,9,48,1.125,12.9375,2.625,0,2.23418,4.22983,,22.22749900817871,41.61298370361328,77.08966827392578
엘리에이저 에르난데스,Elieser Hernández,16933,MLB,2019,Marlins,0,0,21,15,82.1,5.02834,9.2915,2.84211,2.18624,5.58243,5.1305,0.117052,120.00836181640625,129.91046142578125,115.82369232177734
엘리에이저 에르난데스,Elieser Hernández,16933,MLB,2020,Marlins,0,1,6,6,25.2,3.15584,11.9221,1.75324,1.75324,3.89272,3.53896,0.496322,72.63671875,89.25470733642578,79.54307556152344
엘리에이저 에르난데스,Elieser Hernández,16933,AA,2021,Marlins (AA),0,1,1,1,2.2,0,10.125,0,0,2.27654,4.6979,,0,53.70277404785156,112.53749084472656
엘리에이저 에르난데스,Elieser Hernández,16933,AAA,2021,Marlins (AAA),0,1,5,5,21.1,2.95313,13.5,1.26563,1.26563,2.61254,2.85996,,68.75701141357422,59.736663818359375,63.269161224365234
엘리에이저 에르난데스,Elieser Hernández,16933,MLB,2021,Marlins,0,0,11,11,51.2,4.18064,9.23225,2.43871,2.26451,5.37648,4.3252,0.0392236,99.17066192626953,128.93260192871094,101.84310150146484
엘리에이저 에르난데스,Elieser Hernández,16933,A,2022,Marlins (A),0,1,1,1,1,0,18,0,0,-0.479521,-0.479521,,0,-12.529778480529785,-12.223161697387695
엘리에이저 에르난데스,Elieser Hernández,16933,AAA,2022,Marlins (AAA),0,0,12,11,57,4.10526,10.7368,2.68421,1.26316,3.94623,4.20475,,93.03883361816406,87.83152770996094,90.54450225830078
엘리에이저 에르난데스,Elieser Hernández,16933,MLB,2022,Marlins,0,0,20,10,62.1,6.35294,8.66311,3.17647,2.74332,6.4012,5.05105,-0.833306,153.57415771484375,159.3755340576172,126.12007141113281
엘리에이저 에르난데스,Elieser Hernández,16933,A,2023,Mets (A),0,1,3,3,3.1,0,10.8,2.7,0,2.30442,3.76968,,0,48.91111373901367,81.41482543945312
엘리에이저 에르난데스,Elieser Hernández,16933,A+,2023,Mets (A+),0,1,3,1,4,4.5,13.5,0,2.25,3.98171,2.48914,,106.67435455322266,93.7249755859375,55.95974349975586
엘리에이저 에르난데스,Elieser Hernández,16933,AAA,2023,Mets (AAA),0,1,2,0,2,4.5,9,13.5,4.5,12.5726,7.99408,,84.3781967163086,232.3831329345703,154.31207275390625
윌 크로우,William Chandler Crowe,19800,R,2017,Nationals (R),0,1,2,2,3.2,4.90909,4.90909,2.45454,0,3.1518,3.60989,,122.30553436279297,81.1363525390625,95.42804718017578
윌 크로우,William Chandler Crowe,19800,A-,2017,Nationals (A-),0,1,7,7,20.2,2.6129,6.53226,1.30645,1.30645,4.44809,3.31666,,76.00928497314453,128.26780700683594,97.07252502441406
윌 크로우,William Chandler Crowe,19800,A-,2018,Nationals (A-),0,1,1,1,3,0,3,6,0,4.8198,4.8198,,0,132.90728759765625,134.8963623046875
윌 크로우,William Chandler Crowe,19800,A+,2018,Nationals (A+),0,0,16,15,87,2.68966,8.06897,3.10345,0.62069,3.63224,3.70414,,72.51963806152344,94.71212005615234,96.09557342529297
윌 크로우,William Chandler Crowe,19800,AA,2018,Nationals (AA),0,1,5,5,26.1,6.1519,5.12658,5.46836,1.36709,6.10111,5.39111,,151.91697692871094,150.17483520507812,133.97813415527344
윌 크로우,William Chandler Crowe,19800,AA,2019,Nationals (AA),0,0,16,16,95.1,3.87063,8.4021,2.07692,0.755245,3.14977,3.04986,,109.77197265625,88.78511047363281,86.26151275634766
윌 크로우,William Chandler Crowe,19800,AAA,2019,Nationals (AAA),0,0,10,10,54,6.16667,6.83333,4.33333,1.16667,5.46335,6.20764,,115.70689392089844,100.15912628173828,113.13591003417969
윌 크로우,William Chandler Crowe,19800,MLB,2020,Nationals,0,1,3,3,8.1,11.88,8.64003,8.64003,5.40002,12.3115,7.75095,-0.464457,262.9364318847656,270.59283447265625,173.52589416503906
윌 크로우,William Chandler Crowe,19800,AAA,2021,Pirates (AAA),0,1,1,0,1,0,9,0,0,1.36254,1.36254,,0,30.597389221191406,30.142614364624023
윌 크로우,William Chandler Crowe,19800,MLB,2021,Pirates,0,0,26,25,116.2,5.47714,8.56285,4.39714,1.92857,5.67289,4.89855,-0.276158,128.69252014160156,133.99900817871094,115.4764175415039
윌 크로우,William Chandler Crowe,19800,MLB,2022,Pirates,0,0,60,1,76,4.38158,8.05263,4.5,0.947368,4.3098,4.2854,-0.115484,105.95638275146484,107.67636108398438,107.23161315917969
윌 크로우,William Chandler Crowe,19800,A,2023,Pirates (A),0,1,3,1,3.1,0,5.40001,2.7,0,3.50442,4.96968,,0,73.36277770996094,107.33183288574219
윌 크로우,William Chandler Crowe,19800,AAA,2023,Pirates (AAA),0,1,14,2,27,4.33333,10,4.33333,1,4.23923,4.57397,,85.31498718261719,83.43395233154297,88.29264068603516
윌 크로우,William Chandler Crowe,19800,MLB,2023,Pirates,0,1,5,0,9.2,4.65517,8.37931,8.37931,0.931035,5.84125,5.00952,-0.152464,104.58648681640625,133.91580200195312,114.38985443115234
캠 알드레드,Cam Alldred,25078,A-,2018,Pirates (A-),0,1,18,0,27.2,1.62651,9.75904,2.92771,0,2.40213,2.98847,,43.716331481933594,66.4318618774414,83.64122009277344
캠 알드레드,Cam Alldred,25078,A,2018,Pirates (A),0,1,2,0,2.1,3.85715,7.7143,3.85715,0,3.04208,4.95651,,102.73126220703125,80.84214782714844,133.262451171875
캠 알드레드,Cam Alldred,25078,A,2019,Pirates (A),0,0,39,0,60,4.2,9.45,3.6,0.9,4.13809,3.69348,,115.90141296386719,109.81111145019531,99.34146881103516
캠 알드레드,Cam Alldred,25078,AA,2021,Pirates (AA),0,0,28,0,53.1,2.53125,8.26875,3.88125,0.84375,4.47168,5.13532,,58.47959518432617,103.64803314208984,118.1502914428711
캠 알드레드,Cam Alldred,25078,AAA,2021,Pirates (AAA),0,1,5,0,12.2,0.710526,7.10526,4.97368,1.42105,5.73096,5.49607,,16.030555725097656,128.6953887939453,121.58621215820312
캠 알드레드,Cam Alldred,25078,AAA,2022,Pirates (AAA),0,0,42,2,66.1,4.07035,8.41206,3.39196,0.678392,3.88452,4.47086,,88.69194030761719,85.07002258300781,96.2747802734375
캠 알드레드,Cam Alldred,25078,MLB,2022,Pirates,0,1,1,0,1,0,9,0,0,1.11243,2.5928,0.0305472,0,28.913240432739258,65.4757308959961
캠 알드레드,Cam Alldred,25078,AAA,2023,Pirates (AAA),0,0,31,17,105.2,5.19558,8.347,3.91798,1.36278,5.13408,4.83862,,102.29100036621094,101.04578399658203,93.40121459960938
에릭 스타우트,Eric Stout,16873,R,2014,Royals (R),0,0,13,1,32.2,3.58163,7.43877,2.7551,0.55102,4.27596,4.99443,,70.43476104736328,91.77944946289062,105.28952026367188
에릭 스타우트,Eric Stout,16873,R,2015,Royals (R),1,1,1,1,2.2,3.375,16.875,0,0,0.3967,2.01897,,66.20272064208984,8.378619194030762,41.742645263671875
에릭 스타우트,Eric Stout,16873,R,2015,Royals (R),1,1,2,0,4.2,0,5.78571,0,0,2.52815,3.35032,,0,70.25406646728516,91.28158569335938
에릭 스타우트,Eric Stout,16873,A,2015,Royals (A),0,0,16,0,30.1,3.26374,4.45055,1.78022,0.593407,4.04479,4.21767,,86.04401397705078,102.4241943359375,110.84390258789062
에릭 스타우트,Eric Stout,16873,AA,2015,Royals (AA),0,1,1,0,2.1,7.7143,7.7143,3.85715,0,2.86813,4.23311,,192.61654663085938,73.1669921875,106.80889892578125
에릭 스타우트,Eric Stout,16873,AA,2016,Royals (AA),0,0,42,0,72.1,3.85714,8.58525,3.1106,0.373272,2.89193,3.43826,,102.69721984863281,79.03138732910156,92.76154327392578
에릭 스타우트,Eric Stout,16873,AAA,2017,Royals (AAA),0,0,45,1,69.1,2.98558,7.26923,3.76442,0.519231,4.24001,5.25757,,62.95146942138672,88.11860656738281,111.15303039550781
에릭 스타우트,Eric Stout,16873,AAA,2018,Royals (AAA),0,0,38,2,55,4.74545,7.2,2.12727,0.818182,4.14533,4.93181,,103.45384979248047,88.48644256591797,106.95588684082031
에릭 스타우트,Eric Stout,16873,MLB,2018,Royals,0,1,3,0,2.1,23.1432,7.7144,7.7144,7.7144,15.1606,5.43328,-0.20695,530.4366455078125,361.6549377441406,128.08790588378906
에릭 스타우트,Eric Stout,16873,AA,2019,Reds (AA),0,1,1,0,2,0,9,0,0,1.29828,2.29173,,0,34.55213928222656,62.38033676147461
에릭 스타우트,Eric Stout,16873,AAA,2019,Reds (AAA),0,0,20,9,60.1,6.26519,7.75691,5.51934,2.23757,7.12197,6.5191,,127.29936981201172,145.3139190673828,133.05638122558594
에릭 스타우트,Eric Stout,16873,AAA,2021,Marlins (AAA),0,1,7,4,17.2,10.1887,10.6981,9.16981,3.0566,8.96631,6.65652,,237.2201385498047,205.0180206298828,147.25831604003906
에릭 스타우트,Eric Stout,16873,AAA,2022,Pirates (AAA),1,1,11,0,13.1,0.675,10.125,4.725,0,2.83264,4.5642,,14.708109855651855,62.03398513793945,98.2847900390625
에릭 스타우트,Eric Stout,16873,AAA,2022,Cubs (AAA),1,1,16,1,29.2,3.94382,14.5618,6.67416,1.21348,4.45146,4.47746,,79.6628189086914,93.03012084960938,96.41688537597656
에릭 스타우트,Eric Stout,16873,MLB,2022,- - -,0,1,20,0,22.1,5.64177,10.0746,6.44774,0.805968,4.59004,5.48071,-0.0503113,137.48739624023438,114.99314880371094,136.7193145751953
에릭 스타우트,Eric Stout,16873,MLB,2022,Cubs,1,1,2,0,3.2,4.90905,14.7271,2.45452,2.45452,4.20333,2.67657,0.00662823,125.14787292480469,107.57190704345703,67.54242706298828
에릭 스타우트,Eric Stout,16873,MLB,2022,Pirates,1,1,18,0,18.2,5.7857,9.1607,7.23213,0.482142,4.666,6.03151,-0.0569395,139.9112548828125,116.4509048461914,150.30772399902344
에릭 스타우트,Eric Stout,16873,AAA,2023,Mariners (AAA),0,0,21,4,40.2,4.20492,9.7377,4.86885,0.663934,4.66279,5.8764,,76.5628662109375,81.41532897949219,103.13838195800781
에릭 라우어,Eric Lauer,19316,R,2016,Padres (R),0,1,2,2,4,6.75,15.75,2.25,2.25,4.62327,2.10345,,164.9514617919922,116.60779571533203,52.87721252441406
에릭 라우어,Eric Lauer,19316,A-,2016,Padres (A-),0,1,7,7,25,1.44,10.08,2.52,0,2.36841,2.99402,,38.18508529663086,62.640872955322266,74.04255676269531
에릭 라우어,Eric Lauer,19316,A,2016,Padres (A),0,1,1,1,2,0,9,4.5,0,2.97476,4.06196,,0,84.28873443603516,115.3918685913086
에릭 라우어,Eric Lauer,19316,A+,2017,Padres (A+),0,0,12,12,67.2,2.7931,11.1724,2.52709,0.53202,3.17484,3.70362,,68.51573944091797,76.38941955566406,84.86537170410156
에릭 라우어,Eric Lauer,19316,AA,2017,Padres (AA),0,0,10,9,55,3.92727,7.85455,2.78182,0.981818,3.91467,3.90028,,104.51602172851562,99.96256256103516,99.0677719116211
에릭 라우어,Eric Lauer,19316,A+,2018,Padres (A+),0,1,1,1,3,0,12,3,0,2.09134,2.9105,,0,51.58861541748047,68.37391662597656
에릭 라우어,Eric Lauer,19316,AAA,2018,Padres (AAA),0,1,4,4,21.1,2.53125,9.28125,3.79688,0.421875,3.69846,4.18958,,51.631004333496094,77.98159790039062,90.85918426513672
에릭 라우어,Eric Lauer,19316,MLB,2018,Padres,0,0,23,23,112,4.33929,8.03571,3.69643,1.20536,4.50865,4.50767,0.822901,111.16407012939453,112.03328704833984,110.96440124511719
에릭 라우어,Eric Lauer,19316,MLB,2019,Padres,0,0,30,29,149.2,4.44989,8.29844,3.06681,1.20267,4.2296,4.76515,2.25443,105.64988708496094,96.68415069580078,107.50943756103516
에릭 라우어,Eric Lauer,19316,MLB,2020,Brewers,0,1,4,2,11,13.0909,9.81818,7.36364,1.63636,6.37324,6.98967,-0.158345,292.7373962402344,142.46725463867188,156.5393829345703
에릭 라우어,Eric Lauer,19316,AAA,2021,Brewers (AAA),0,1,1,1,5,0,21.6,3.6,0,-0.237463,-0.237463,,0,-5.435410022735596,-5.253270626068115
에릭 라우어,Eric Lauer,19316,MLB,2021,Brewers,0,0,24,20,118.2,3.18539,8.87359,3.10955,1.21348,4.03801,4.26268,1.68729,75.73301696777344,94.45677185058594,100.35641479492188
에릭 라우어,Eric Lauer,19316,MLB,2021,Brewers,1,1,1,1,3.2,4.90909,4.90909,4.90909,0,4.53367,9.34551,,116.71305084228516,106.17326354980469,221.21771240234375
에릭 라우어,Eric Lauer,19316,MLB,2022,Brewers,0,0,29,29,158.2,3.68697,8.90546,3.34664,1.53151,4.49899,4.07817,1.08257,91.18280792236328,111.62178802490234,102.1194076538086
에릭 라우어,Eric Lauer,19316,AAA,2023,Brewers (AAA),0,0,12,9,43.2,5.15267,13.1908,4.74046,1.23664,4.14508,3.94297,,102.41291046142578,82.78794860839844,76.11238098144531
에릭 라우어,Eric Lauer,19316,MLB,2023,Brewers,0,0,10,9,46.2,6.55714,8.29286,4.62857,3.08571,7.41218,5.57678,-0.851158,151.25975036621094,168.91102600097656,127.33113861083984
제임스 네일,James Aubrey Naile,18186,R,2015,Athletics (R),0,1,2,0,2,0,4.5,0,0,2.81387,3.05366,,0,77.27249145507812,83.19904327392578
제임스 네일,James Aubrey Naile,18186,A-,2015,Athletics (A-),0,1,18,0,23.1,1.92857,6.55714,2.31429,0,2.83023,3.22151,,55.83088302612305,78.83309173583984,89.92558288574219
제임스 네일,James Aubrey Naile,18186,A,2016,Athletics (A),0,0,15,14,88,2.65909,6.54545,1.94318,0.204545,2.96339,2.98916,,74.47453308105469,83.6019287109375,84.91581726074219
제임스 네일,James Aubrey Naile,18186,A+,2016,Athletics (A+),0,0,8,7,40.2,3.76229,10.1803,2.43443,1.10656,3.93586,2.8674,,87.71785736083984,87.13199615478516,65.695556640625
제임스 네일,James Aubrey Naile,18186,AA,2016,Athletics (AA),0,1,3,3,17,4.76471,5.82353,1.58824,0.529412,3.35872,3.76593,,120.605712890625,90.79672241210938,101.60169982910156
제임스 네일,James Aubrey Naile,18186,AAA,2016,Athletics (AAA),0,1,2,2,11,5.72727,3.27273,4.09091,0.818182,5.53906,5.56069,,142.47935485839844,133.21310424804688,124.72896575927734
제임스 네일,James Aubrey Naile,18186,R,2017,Athletics (R),0,1,2,2,5,1.8,19.8,0,1.8,2.40355,-0.046453,,38.907283782958984,55.331756591796875,-1.0609477758407593
제임스 네일,James Aubrey Naile,18186,A+,2017,Athletics (A+),0,1,2,2,7,5.14286,5.14286,1.28571,0,3.19947,4.32487,,120.65715789794922,71.199951171875,99.10070037841797
제임스 네일,James Aubrey Naile,18186,AA,2017,Athletics (AA),0,0,14,10,61.2,3.21081,6.12973,2.48108,0.72973,3.83359,3.80732,,78.09864807128906,98.35202026367188,96.70660400390625
제임스 네일,James Aubrey Naile,18186,AA,2018,Athletics (AA),0,1,2,2,15,3,4.2,1.2,0.6,3.7851,3.85472,,68.52328491210938,91.79007720947266,92.30329895019531
제임스 네일,James Aubrey Naile,18186,AAA,2018,Athletics (AAA),0,0,24,24,135.2,4.71007,5.10811,2.65356,0.796069,4.84361,4.7705,,113.29012298583984,112.62640380859375,103.45751953125
제임스 네일,James Aubrey Naile,18186,AA,2019,Athletics (AA),0,0,24,21,125,5.544,5.904,3.168,0.864,4.63467,4.72777,,134.32540893554688,119.3948974609375,117.49827575683594
제임스 네일,James Aubrey Naile,18186,AAA,2019,Athletics (AAA),0,1,3,3,16.1,4.40816,5.51021,3.30612,2.20408,7.04158,6.02531,,72.86070251464844,120.42998504638672,109.81298828125
제임스 네일,James Aubrey Naile,18186,AAA,2021,Athletics (AAA),0,0,51,0,62.1,4.04278,7.36364,2.16578,1.0107,4.62217,4.61746,,68.25244140625,80.60478210449219,85.56721496582031
제임스 네일,James Aubrey Naile,18186,AAA,2022,Cardinals (AAA),0,0,44,3,73.1,3.31364,7.85455,2.57727,0.613636,3.71218,3.79279,,70.43963623046875,78.781494140625,81.67345428466797
제임스 네일,James Aubrey Naile,18186,MLB,2022,Cardinals,0,1,7,0,9,5,5,2,2,5.55688,4.14836,-0.101288,126.0317153930664,140.94447326660156,103.850830078125
제임스 네일,James Aubrey Naile,18186,AAA,2023,Cardinals (AAA),0,0,31,3,59,3.66102,10.0678,3.20339,0.915254,3.9285,3.81148,,70.22370147705078,75.25459289550781,73.57413482666016
제임스 네일,James Aubrey Naile,18186,MLB,2023,Cardinals,0,1,10,0,15.1,8.80435,4.1087,5.28261,0.586957,4.95069,5.28897,-0.0488932,206.0101318359375,115.43025207519531,120.76510620117188
다니엘 카스타노,Daniel Alexander Castano,19805,R,2016,Cardinals (R),0,0,12,11,48,6.1875,6.375,2.25,1.125,4.86934,4.14883,,146.56407165527344,117.77886962890625,101.07044219970703
다니엘 카스타노,Daniel Alexander Castano,19805,A-,2017,Cardinals (A-),0,0,14,14,91,2.57143,8.01099,1.28571,0.296703,2.60779,2.79547,,73.13591766357422,78.26827239990234,81.81836700439453
다니엘 카스타노,Daniel Alexander Castano,19805,R,2018,Marlins (R),0,1,2,1,9,4,8,0,0,1.8794,2.28905,,110.71685028076172,48.575950622558594,58.00494384765625
다니엘 카스타노,Daniel Alexander Castano,19805,A,2018,Marlins (A),0,0,8,8,50,2.7,9.36,0.72,1.8,4.35065,2.55471,,70.2369613647461,108.429443359375,68.68659210205078
다니엘 카스타노,Daniel Alexander Castano,19805,A+,2018,Marlins (A+),0,0,14,14,76,4.73684,6.63158,2.84211,0.355263,3.50522,3.80036,,133.82485961914062,98.14952850341797,100.05062866210938
다니엘 카스타노,Daniel Alexander Castano,19805,A+,2019,Marlins (A+),0,0,12,0,33,3.81818,8.45455,1.90909,0.545455,3.03515,2.77026,,118.6026382446289,93.44210815429688,80.18726348876953
다니엘 카스타노,Daniel Alexander Castano,19805,AA,2019,Marlins (AA),0,0,18,11,86,3.34884,7.63953,1.67442,0.209302,2.53084,3.16421,,95.43108367919922,69.37189483642578,86.12882995605469
다니엘 카스타노,Daniel Alexander Castano,19805,MLB,2020,Marlins,0,1,7,6,29.2,3.0337,3.64045,3.33707,0.910111,4.80939,5.50973,0.202285,69.82556915283203,110.13399505615234,123.51728057861328
다니엘 카스타노,Daniel Alexander Castano,19805,AAA,2021,Marlins (AAA),0,0,14,14,78.1,3.90638,6.20426,1.8383,1.8383,5.40509,4.85252,,90.95142364501953,123.58956146240234,107.34950256347656
다니엘 카스타노,Daniel Alexander Castano,19805,MLB,2021,Marlins,0,1,5,4,20.1,4.86886,5.75411,3.54099,1.32787,5.13725,5.21497,0.0501586,115.49615478515625,123.15020751953125,123.00041198730469
다니엘 카스타노,Daniel Alexander Castano,19805,AAA,2022,Marlins (AAA),0,0,7,6,34,4.23529,10.0588,2.91176,2.64706,6.1547,3.93177,,95.98576354980469,136.98538208007812,84.66610717773438
다니엘 카스타노,Daniel Alexander Castano,19805,MLB,2022,Marlins,0,0,10,7,35.2,4.03738,5.04672,2.27103,1.26168,4.7386,4.36887,0.107336,97.598388671875,118.3730239868164,109.290771484375
다니엘 카스타노,Daniel Alexander Castano,19805,AAA,2023,Marlins (AAA),0,0,17,9,61.2,4.67027,8.46486,3.79459,1.45946,5.16175,4.86091,,94.88004302978516,102.98513793945312,93.83153533935547
다니엘 카스타노,Daniel Alexander Castano,19805,MLB,2023,Marlins,0,1,2,0,3,21,12,9,6,12.255,6.34396,-0.127368,474.34478759765625,279.57061767578125,144.8332977294922
카일 하트,Kyle Patrick Hart,19646,R,2016,Red Sox (R),0,1,4,4,11.2,2.31429,14.6571,1.54286,0,0.588563,0.993432,,65.33695220947266,17.6614933013916,29.113697052001953
카일 하트,Kyle Patrick Hart,19646,A,2017,Red Sox (A),0,0,13,10,66.1,1.8995,7.73367,2.30653,0,2.66564,3.34264,,49.99921417236328,71.41047668457031,89.86311340332031
카일 하트,Kyle Patrick Hart,19646,A+,2017,Red Sox (A+),0,0,9,9,50.2,2.48684,9.23684,4.08553,0.888158,4.04725,3.60165,,63.881107330322266,106.48687744140625,93.60188293457031
카일 하트,Kyle Patrick Hart,19646,AA,2018,Red Sox (AA),0,0,24,24,138.2,3.56971,6.49039,3.18029,0.778846,4.20156,4.49354,,86.74283599853516,104.50666809082031,111.67210388183594
카일 하트,Kyle Patrick Hart,19646,AA,2019,Red Sox (AA),0,0,9,9,55.2,2.91018,9.7006,2.7485,0.48503,3.00908,3.33385,,81.74210357666016,85.40782928466797,94.2935562133789
카일 하트,Kyle Patrick Hart,19646,AAA,2019,Red Sox (AAA),0,0,18,15,100.1,3.85714,7.17608,3.22924,0.717608,4.3224,5.17579,,82.47859191894531,87.95073699951172,105.63908386230469
카일 하트,Kyle Patrick Hart,19646,MLB,2020,Red Sox,0,1,4,3,11,15.5455,10.6364,8.18182,3.27273,8.28233,6.35983,-0.243523,332.8291015625,186.644287109375,143.1405029296875
카일 하트,Kyle Patrick Hart,19646,AAA,2021,Red Sox (AAA),0,0,23,20,106.2,4.21875,7.59375,3.96563,1.60313,5.53754,5.29746,,92.5232925415039,122.42415618896484,117.19258880615234
카일 하트,Kyle Patrick Hart,19646,AA,2022,Red Sox (AA),0,0,15,6,44,4.90909,8.59091,2.86364,1.22727,4.43771,4.6011,,109.26324462890625,102.02806854248047,105.36072540283203
카일 하트,Kyle Patrick Hart,19646,AAA,2022,Red Sox (AAA),0,0,9,4,38.1,5.63478,7.51304,4.46087,1.64348,5.7772,5.64034,,120.29116821289062,124.32461547851562,121.45818328857422
카일 하트,Kyle Patrick Hart,19646,AAA,2023,Mariners (AAA),1,0,18,18,88.1,4.58491,8.66038,3.56604,1.01887,4.82137,5.239,,83.48175048828125,84.18431854248047,91.95112609863281
카일 하트,Kyle Patrick Hart,19646,AAA,2023,Phillies (AAA),1,1,1,0,1,0,9,0,0,1.57256,1.57256,,0,30.451488494873047,30.35565948486328
라이언 와이스,Ryan Weiss,24621,R,2018,Diamondbacks (R),0,1,1,0,1,9,18,0,0,0.070373,0.070373,,237.33428955078125,1.7866674661636353,1.7139116525650024
라이언 와이스,Ryan Weiss,24621,A-,2018,Diamondbacks (A-),0,1,12,12,29.1,3.68182,8.28409,0.920455,0.920455,3.55275,3.33349,,98.9660873413086,93.96337890625,84.58650207519531
라이언 와이스,Ryan Weiss,24621,A,2019,Diamondbacks (A),0,0,20,20,96.2,3.44483,6.98276,2.42069,0.465517,3.53019,3.63846,,90.22710418701172,93.2817611694336,97.00132751464844
라이언 와이스,Ryan Weiss,24621,A+,2019,Diamondbacks (A+),0,0,6,6,31.2,5.96842,7.95789,2.27368,0.568421,3.47365,4.04695,,145.75221252441406,86.3503189086914,99.52677154541016
라이언 와이스,Ryan Weiss,24621,AA,2021,Diamondbacks (AA),0,0,13,8,48,4.3125,9.375,3,1.875,5.22957,4.40376,,81.2246322631836,103.20719146728516,96.75857543945312
라이언 와이스,Ryan Weiss,24621,AAA,2021,Diamondbacks (AAA),0,0,21,0,30.1,5.04396,11.2747,4.45055,0.593407,3.76749,5.00994,,87.65226745605469,68.46239471435547,92.84041595458984
라이언 와이스,Ryan Weiss,24621,AA,2022,Diamondbacks (AA),0,1,10,0,17,4.76471,7.94118,0.529412,1.05882,3.69878,4.01142,,79.89674377441406,64.98844146728516,78.468994140625
라이언 와이스,Ryan Weiss,24621,AAA,2022,Diamondbacks (AAA),1,1,7,1,9.2,7.44827,9.31034,6.51724,4.65517,10.9932,6.57289,,128.04263305664062,197.30294799804688,121.83143615722656
라이언 와이스,Ryan Weiss,24621,AAA,2022,Royals (AAA),1,0,30,0,35.2,7.82243,8.57944,4.03738,1.51402,5.21792,4.69552,,163.98101806640625,109.12998962402344,101.11256408691406
라이언 와이스,Ryan Weiss,24621,AAA,2023,Royals (AAA),0,1,12,0,14,7.07143,9.64286,9,1.92857,8.50113,7.08793,,131.98353576660156,158.69029235839844,136.8204345703125
하이메 바리아,Jaime Barria,18356,R,2013,Angels (R),0,1,4,0,5,10.8,7.2,1.8,0,2.69136,3.27724,,333.53668212890625,79.87130737304688,96.28154754638672
하이메 바리아,Jaime Barria,18356,R,2014,Angels (R),0,0,16,8,59.1,3.03371,8.3427,1.66854,0.151685,2.42383,2.5507,,85.54338073730469,66.17202758789062,68.67025756835938
하이메 바리아,Jaime Barria,18356,R,2015,Angels (R),1,0,7,6,36,2,7.75,0.75,0,2.34164,2.70134,,51.82119369506836,62.623435974121094,73.59976196289062
하이메 바리아,Jaime Barria,18356,R,2015,Angels (R),1,0,8,8,33.1,6.21,8.1,1.89,1.08,4.6267,4.39696,,127.76838684082031,94.48096466064453,90.9070053100586
하이메 바리아,Jaime Barria,18356,A,2016,Angels (A),0,0,25,25,117,3.84615,6,1.61538,0.461538,3.42348,3.74799,,105.24768829345703,93.80110168457031,106.47264862060547
하이메 바리아,Jaime Barria,18356,A+,2017,Angels (A+),0,0,11,11,65.1,2.47959,7.85204,1.79082,0.826531,4.09743,4.40216,,60.23323440551758,97.76630401611328,100.87193298339844
하이메 바리아,Jaime Barria,18356,AA,2017,Angels (AA),0,0,12,12,61.2,3.21081,6.85946,2.18919,1.16757,4.00499,3.96322,,86.38346862792969,110.07949829101562,110.1242446899414
하이메 바리아,Jaime Barria,18356,AAA,2017,Angels (AAA),0,1,3,3,14.2,2.45455,7.97727,1.84091,0,2.76624,4.99443,,49.95738220214844,57.83924865722656,105.58977508544922
하이메 바리아,Jaime Barria,18356,AAA,2018,Angels (AAA),0,1,5,5,18,3.5,9.5,2.5,1,4.07866,4.5182,,73.84648895263672,87.85608673095703,97.98593139648438
하이메 바리아,Jaime Barria,18356,MLB,2018,Angels,0,0,26,26,129.1,3.40979,6.81959,3.27062,1.18299,4.58311,4.99421,1.43467,80.3438491821289,107.0687484741211,117.80542755126953
하이메 바리아,Jaime Barria,18356,AAA,2019,Angels (AAA),0,0,10,10,48.1,9.68276,8.1931,1.86207,2.97931,7.02427,6.42608,,171.53329467773438,127.47271728515625,117.1169662475586
하이메 바리아,Jaime Barria,18356,MLB,2019,Angels,0,0,19,13,82.2,6.42338,8.16532,2.93951,2.6129,6.2261,5.31541,-0.458158,138.19566345214844,132.82000732421875,116.01778411865234
하이메 바리아,Jaime Barria,18356,MLB,2020,Angels,0,0,7,5,32.1,3.61856,7.51547,2.50516,0.835052,3.65534,4.95393,0.627046,80.3262710571289,79.54255676269531,111.3701400756836
하이메 바리아,Jaime Barria,18356,AAA,2021,Angels (AAA),0,0,10,10,49,4.40816,6.2449,1.46939,1.83673,5.74865,5.49816,,80.80939483642578,107.36441802978516,101.88761901855469
하이메 바리아,Jaime Barria,18356,MLB,2021,Angels,0,0,13,11,56.2,4.60588,5.55882,3.01765,1.27059,4.8818,5.0392,0.47046,104.5275650024414,111.06504821777344,117.45635223388672
하이메 바리아,Jaime Barria,18356,MLB,2022,Angels,0,0,35,1,79.1,2.60924,6.12605,2.15546,1.2479,4.38554,4.39305,0.0450137,65.88395690917969,108.62312316894531,111.55242919921875
하이메 바리아,Jaime Barria,18356,MLB,2023,Angels,0,0,34,6,82.1,5.68421,6.77733,3.27935,2.18623,6.07285,5.3247,-0.742502,131.18643188476562,139.94497680664062,124.29513549804688
로버트 더거,Robert Lee Dugger,19191,R,2016,Mariners (R),0,1,4,0,8.2,1.03846,9.34615,1.03846,0,2.73865,3.00826,,26.956707000732422,69.23941802978516,75.62257385253906
로버트 더거,Robert Lee Dugger,19191,A-,2016,Mariners (A-),0,1,6,6,26.1,5.46836,8.5443,3.41772,1.70886,5.70512,3.49131,,131.1227569580078,135.9822540283203,86.34068298339844
로버트 더거,Robert Lee Dugger,19191,AAA,2016,Mariners (AAA),0,1,2,0,4,6.75,9,0,0,1.72088,2.62347,,162.99935913085938,38.81951904296875,58.845619201660156
로버트 더거,Robert Lee Dugger,19191,A,2017,Mariners (A),0,0,22,9,72,2,8.625,2,0.5,2.96946,3.24993,,52.35846710205078,76.91725158691406,82.7196273803711
로버트 더거,Robert Lee Dugger,19191,A+,2017,Mariners (A+),0,0,9,9,45.2,3.94161,9.26277,3.15328,0.788321,4.11084,4.50006,,93.09931182861328,98.61590576171875,103.11507415771484
로버트 더거,Robert Lee Dugger,19191,A+,2018,Marlins (A+),0,0,7,7,41.1,2.39516,7.40323,1.52419,0.435484,3.04342,3.1575,,67.66795349121094,85.21868896484375,83.12631225585938
로버트 더거,Robert Lee Dugger,19191,AA,2018,Marlins (AA),0,0,18,18,109.1,3.78659,8.80793,2.96341,1.07012,4.07695,4.06045,,102.23816680908203,105.88258361816406,104.71943664550781
로버트 더거,Robert Lee Dugger,19191,AA,2019,Marlins (AA),0,0,13,13,70.2,3.31132,9.29717,2.67453,0.764151,3.52469,3.39094,,94.36194610595703,96.61417388916016,92.3005599975586
로버트 더거,Robert Lee Dugger,19191,AAA,2019,Marlins (AAA),0,0,10,10,53.1,7.59375,8.26875,2.86875,2.025,6.00918,6.05162,,150.0357208251953,111.92475128173828,110.29235076904297
로버트 더거,Robert Lee Dugger,19191,MLB,2019,Marlins,0,0,7,7,34.1,5.767,6.5534,4.45632,1.57282,5.95188,6.17137,-0.124557,137.63735961914062,138.57138061523438,139.51065063476562
로버트 더거,Robert Lee Dugger,19191,MLB,2020,Marlins,0,1,4,1,10.2,12.6562,3.37499,2.53124,4.21874,9.3789,7.98534,-0.282424,291.302978515625,214.2141876220703,178.75587463378906
로버트 더거,Robert Lee Dugger,19191,AAA,2021,Mariners (AAA),0,0,15,14,69.1,6.10096,8.30769,3.11538,1.55769,5.4179,5.08856,,120.17911529541016,101.64518737792969,94.29718017578125
로버트 더거,Robert Lee Dugger,19191,MLB,2021,Mariners,0,1,12,4,25.2,7.36363,6.66233,4.20779,1.4026,5.23497,5.40872,-0.13501,177.75479125976562,125.25975036621094,125.99815368652344
로버트 더거,Robert Lee Dugger,19191,AAA,2022,Reds (AAA),1,0,14,7,50.1,4.64901,6.97351,4.64901,0.89404,4.79903,5.73557,,100.50566101074219,103.20352172851562,123.50885772705078
로버트 더거,Robert Lee Dugger,19191,AAA,2022,Rays (AAA),1,1,5,5,16,3.9375,7.3125,3.9375,1.125,5.19514,5.42538,,83.1507797241211,110.9069595336914,116.82931518554688
로버트 더거,Robert Lee Dugger,19191,MLB,2022,- - -,0,1,4,1,16,6.1875,10.6875,3.9375,1.6875,4.48743,3.90039,0.034223,149.86944580078125,105.05667114257812,97.3807373046875
로버트 더거,Robert Lee Dugger,19191,MLB,2022,Rays,1,1,1,0,5.1,5.06253,11.8126,0,0,0.487415,1.87527,0.130192,135.39007568359375,11.293072700500488,46.715702056884766
로버트 더거,Robert Lee Dugger,19191,MLB,2022,Reds,1,1,3,1,10.2,6.74998,10.125,5.90623,2.53124,6.48742,4.91294,-0.0959687,157.10906982421875,151.9380340576172,122.7130126953125
로버트 더거,Robert Lee Dugger,19191,AAA,2023,Rangers (AAA),0,0,29,29,146.1,4.30524,8.79499,3.6902,1.10706,4.88589,5.04448,,78.95995330810547,88.6821517944336,88.53717803955078
드류 앤더슨,Andrew James Anderson,15130,R,2012,Phillies (R),0,1,8,2,22.2,4.76471,6.35294,3.97059,0.794118,4.75728,4.43699,,139.9118194580078,141.07260131835938,129.2167205810547
드류 앤더슨,Andrew James Anderson,15130,A-,2013,Phillies (A-),0,0,15,15,76.1,2.00437,6.36681,2.35808,0.58952,3.39731,3.2253,,63.537086486816406,104.04505157470703,101.19856262207031
드류 앤더슨,Andrew James Anderson,15130,R,2014,Phillies (R),0,1,2,1,5.2,3.17647,9.52941,4.7647,1.58823,5.2721,3.44515,,86.57096099853516,143.76937866210938,92.2894515991211
드류 앤더슨,Andrew James Anderson,15130,A,2014,Phillies (A),0,0,9,9,44,3.68182,9.40909,3.06818,0.204545,3.15451,3.82736,,99.66091918945312,83.90626525878906,95.95018768310547
드류 앤더슨,Andrew James Anderson,15130,A,2016,Phillies (A),0,0,7,7,37.1,3.375,9.88393,2.89286,0.723214,3.29274,3.15748,,98.57505798339844,94.37618255615234,85.71847534179688
드류 앤더슨,Andrew James Anderson,15130,A+,2016,Phillies (A+),0,0,8,8,32.2,1.92857,10.1939,2.7551,0,1.99768,2.7966,,54.07738494873047,54.31351852416992,78.0234603881836
드류 앤더슨,Andrew James Anderson,15130,AA,2017,Phillies (AA),0,0,21,21,107.2,3.59443,7.18886,3.34365,1.08669,4.53463,4.50748,,84.64196014404297,105.72557067871094,111.76225280761719
드류 앤더슨,Andrew James Anderson,15130,AAA,2017,Phillies (AAA),0,1,1,1,6.2,1.35,9.45,2.7,1.35,4.53754,4.23013,,32.68252182006836,114.23148345947266,106.54850769042969
드류 앤더슨,Andrew James Anderson,15130,MLB,2017,Phillies,0,1,2,0,2.1,23.1432,7.7144,3.8572,0,2.72906,5.77849,0.0405788,531.8341674804688,61.77418518066406,133.52224731445312
드류 앤더슨,Andrew James Anderson,15130,AAA,2018,Phillies (AAA),0,0,19,19,104.2,3.86943,7.22293,2.49363,1.20382,4.52734,4.24501,,97.49847412109375,117.72222137451172,110.25563049316406
드류 앤더슨,Andrew James Anderson,15130,MLB,2018,Phillies,0,1,5,1,12.2,4.97367,7.81577,1.42105,0,2.37096,4.71799,0.293214,123.64360046386719,56.25666809082031,116.18331146240234
드류 앤더슨,Andrew James Anderson,15130,AAA,2019,Phillies (AAA),0,0,11,11,48.1,5.77241,7.44828,5.02759,1.67586,6.31438,6.38345,,113.90459442138672,129.57272338867188,130.2875518798828
드류 앤더슨,Andrew James Anderson,15130,MLB,2019,Phillies,0,1,2,0,6,7.5,9,9,1.5,6.38068,5.54015,-0.0690113,168.94505310058594,140.64845275878906,125.14598846435547
드류 앤더슨,Andrew James Anderson,15130,MLB,2020,White Sox,0,1,1,0,1.1,40.501,13.5003,13.5003,13.5003,24.1919,10.4764,-0.213328,910.2052612304688,527.1978759765625,236.16749572753906
드류 앤더슨,Andrew James Anderson,15130,AAA,2021,Rangers (AAA),0,0,15,12,70.2,3.0566,10.9528,3.6934,1.01887,4.20119,5.07819,,58.582000732421875,80.05526733398438,94.10499572753906
드류 앤더슨,Andrew James Anderson,15130,MLB,2021,Rangers,0,1,9,1,22,3.27273,3.68182,2.45455,0.409091,3.89731,5.87274,0.158123,75.47433471679688,89.65623474121094,136.72450256347656
엔마누엘 데 헤이수스,Enmanuel Jose De Jesus,18554,R,2014,Red Sox (R),0,0,14,14,60,3.15,8.25,2.7,0.3,3.25136,3.14238,,88.45802307128906,87.05953216552734,84.59955596923828
엔마누엘 데 헤이수스,Enmanuel Jose De Jesus,18554,R,2015,Red Sox (R),0,0,10,4,43.1,1.66154,6.02308,1.86923,0.415385,3.53813,3.45643,,47.98160934448242,106.08711242675781,101.43202209472656
엔마누엘 데 헤이수스,Enmanuel Jose De Jesus,18554,A-,2015,Red Sox (A-),0,1,1,0,3.1,2.7,5.40001,2.7,0,4.11595,4.80068,,69.29103088378906,113.16886901855469,134.00714111328125
엔마누엘 데 헤이수스,Enmanuel Jose De Jesus,18554,A-,2016,Red Sox (A-),0,1,4,4,22.1,2.41791,6.44776,4.43284,0,3.45708,3.98021,,65.51985168457031,99.24405670166016,116.49339294433594
엔마누엘 데 헤이수스,Enmanuel Jose De Jesus,18554,A,2016,Red Sox (A),0,0,10,10,45.1,5.95588,5.95588,3.97059,1.58824,5.76018,4.75584,,158.617431640625,155.12521362304688,129.1102752685547
엔마누엘 데 헤이수스,Enmanuel Jose De Jesus,18554,A-,2017,Red Sox (A-),0,0,12,12,53,3.39623,7.64151,3.39623,0.339623,3.4697,3.66221,,93.776611328125,100.44996643066406,107.18620300292969
엔마누엘 데 헤이수스,Enmanuel Jose De Jesus,18554,A,2017,Red Sox (A),0,1,2,2,11.2,6.17143,7.71428,0,0,2.58208,3.38401,,162.44589233398438,69.17203521728516,90.9751205444336
엔마누엘 데 헤이수스,Enmanuel Jose De Jesus,18554,A,2018,Red Sox (A),0,0,22,17,112.1,3.92582,9.37389,2.32344,0.961424,3.79113,3.85384,,103.34595489501953,101.57056427001953,103.61542510986328
엔마누엘 데 헤이수스,Enmanuel Jose De Jesus,18554,A+,2018,Red Sox (A+),0,1,3,2,9.2,11.1724,7.44827,2.7931,0,3.25293,4.4023,,286.48583984375,85.43649291992188,114.20771026611328
엔마누엘 데 헤이수스,Enmanuel Jose De Jesus,18554,A+,2019,Red Sox (A+),0,0,24,24,130.2,3.58163,8.40306,2.89286,0.344388,3.20414,3.47484,,96.09593963623047,88.05357360839844,94.32296752929688
엔마누엘 데 헤이수스,Enmanuel Jose De Jesus,18554,AA,2021,Red Sox (AA),0,0,21,8,59,3.9661,10.8305,3.9661,0.305085,3.07475,4.30909,,89.91696166992188,71.56063842773438,99.14070892333984
엔마누엘 데 헤이수스,Enmanuel Jose De Jesus,18554,AAA,2021,Red Sox (AAA),0,1,1,1,5,3.6,5.4,1.8,3.6,7.96254,6.65903,,78.95323944091797,176.0362091064453,147.31382751464844
엔마누엘 데 헤이수스,Enmanuel Jose De Jesus,18554,AAA,2022,Giants (AAA),0,0,35,19,101.2,4.51475,10.4459,4.51475,0.973771,4.74054,5.04656,,93.78314971923828,92.01980590820312,93.540283203125
엔마누엘 데 헤이수스,Enmanuel Jose De Jesus,18554,A,2023,Marlins (A),0,1,2,2,7.1,3.68182,11.0455,1.22727,0,1.75897,2.75801,,80.7841567993164,38.941688537597656,59.56534957885742
엔마누엘 데 헤이수스,Enmanuel Jose De Jesus,18554,AAA,2023,Marlins (AAA),0,0,17,16,84.2,4.78346,6.48425,5.42126,0.956693,5.53319,6.14847,,97.17967987060547,110.3959732055664,118.68571472167969
엔마누엘 데 헤이수스,Enmanuel Jose De Jesus,18554,MLB,2023,Marlins,0,1,2,0,6.1,11.3684,7.10526,5.68421,0,4.99188,6.29718,0.00212346,256.7895202636719,113.94023132324219,143.7659912109375
콜 어빈,Cole Irvin,19244,A-,2016,Phillies (A-),0,0,10,7,45.2,1.9708,7.29197,1.57664,0.394161,2.88381,2.96686,,59.9245491027832,84.21509552001953,86.8344955444336
콜 어빈,Cole Irvin,19244,A+,2017,Phillies (A+),0,0,12,11,67,2.55224,6.98507,1.8806,0.268657,2.86283,3.30521,,73.21092987060547,80.46825408935547,94.19230651855469
콜 어빈,Cole Irvin,19244,AA,2017,Phillies (AA),0,0,13,13,84.1,4.05534,7.04348,2.56126,1.28063,4.54124,4.04181,,95.49555969238281,105.8796615600586,100.21597290039062
콜 어빈,Cole Irvin,19244,AAA,2018,Phillies (AAA),0,0,26,25,161.1,2.56612,7.30785,1.95248,0.613636,3.30208,3.55248,,64.65880584716797,85.86239624023438,92.26856994628906
콜 어빈,Cole Irvin,19244,AAA,2019,Phillies (AAA),0,0,17,16,93.2,3.9395,6.24555,1.3452,1.24911,4.55355,5.16305,,77.73643493652344,93.44003295898438,105.37899017333984
콜 어빈,Cole Irvin,19244,MLB,2019,Phillies,0,0,16,3,41.2,5.832,6.69599,2.808,1.512,5.06201,5.02635,0.081462,131.37156677246094,111.39366149902344,113.45354461669922
콜 어빈,Cole Irvin,19244,MLB,2020,Phillies,0,1,3,0,3.2,17.1817,9.81809,2.45452,2.45452,5.37322,4.45725,-0.0205422,380.4535827636719,118.275146484375,100.03298950195312
콜 어빈,Cole Irvin,19244,MLB,2021,Athletics,0,0,32,32,178.1,4.23925,6.30841,2.11963,1.16075,4.30274,4.82249,2.00166,102.71054077148438,103.3496322631836,112.44709777832031
콜 어빈,Cole Irvin,19244,A,2022,Athletics (A),0,1,1,1,5,1.8,10.8,0,1.8,4.34832,2.84936,,33.8043098449707,81.00531768798828,55.50831604003906
콜 어빈,Cole Irvin,19244,MLB,2022,Athletics,0,0,30,30,181,3.9779,6.36464,1.79006,1.24309,4.20635,4.34916,1.37416,106.29688262939453,110.57054901123047,110.42211151123047
콜 어빈,Cole Irvin,19244,AAA,2023,Orioles (AAA),0,0,9,9,49.1,4.37838,5.47297,1.64189,1.45946,5.255,5.67862,,87.16990661621094,104.37049102783203,109.61601257324219
콜 어빈,Cole Irvin,19244,MLB,2023,Orioles,0,0,24,12,77.1,4.42241,7.91379,2.44397,1.28017,4.43176,4.48541,0.566231,104.7728042602539,104.07893371582031,104.68658447265625
콜 어빈,Cole Irvin,19244,AAA,2024,Orioles (AAA),0,1,2,2,6.2,4.05,6.75,8.1,0,5.21905,6.83466,,86.47868347167969,111.17295837402344,141.49807739257812
콜 어빈,Cole Irvin,19244,MLB,2024,- - -,0,0,29,16,111,5.10811,6.32432,2.35135,1.45946,4.81513,4.77752,0.356179,128.63978576660156,118.63050842285156,117.00757598876953
콜 어빈,Cole Irvin,19244,MLB,2024,Orioles,1,0,25,16,107.1,4.86335,6.37267,2.09627,1.42547,4.64785,4.64555,0.582698,122.68826293945312,114.49183654785156,113.7244644165039
콜 어빈,Cole Irvin,19244,MLB,2024,Twins,1,1,4,0,3.2,12.2727,4.90909,9.81818,2.45455,9.71194,8.64062,-0.22652,302.85565185546875,239.77960205078125,213.11228942871094
잭 로그,Zach Logue,20231,R,2017,Blue Jays (R),0,1,3,2,5,0,9,0,0,1.89551,3.26926,,0,43.22595977783203,73.0419921875
잭 로그,Zach Logue,20231,A-,2017,Blue Jays (A-),0,1,9,4,25.2,1.75325,9.81818,2.1039,0,2.34183,3.26476,,44.576210021972656,58.5084114074707,82.05191040039062
잭 로그,Zach Logue,20231,A,2018,Blue Jays (A),0,0,9,9,54,2.66667,7.33333,1.83333,1.33333,4.4447,3.36365,,66.88351440429688,116.04622650146484,89.18657684326172
잭 로그,Zach Logue,20231,A+,2018,Blue Jays (A+),0,0,18,16,100.1,3.40864,7.62459,2.06312,0.717608,3.65831,3.6976,,84.49897003173828,93.11092376708984,97.34530639648438
잭 로그,Zach Logue,20231,AA,2019,Blue Jays (AA),0,0,19,18,101,4.09901,7.0396,2.85149,1.33663,4.6064,4.02034,,113.84687042236328,131.40328979492188,113.71015167236328
잭 로그,Zach Logue,20231,AAA,2019,Blue Jays (AAA),0,1,1,0,3.1,5.40001,10.8,10.8,0,5.72473,8.45969,,112.10508728027344,117.30957794189453,172.66494750976562
잭 로그,Zach Logue,20231,AA,2021,Blue Jays (AA),0,0,7,7,35.2,4.54206,12.8692,1.76635,1.51402,3.51543,2.82387,,105.49024200439453,81.24102020263672,64.96990966796875
잭 로그,Zach Logue,20231,AAA,2021,Blue Jays (AAA),0,0,18,17,89.1,3.32463,9.3694,2.01493,0.906716,3.56403,4.09816,,72.95162200927734,79.45370483398438,90.66114044189453
잭 로그,Zach Logue,20231,AAA,2022,Athletics (AAA),0,0,17,17,78.2,8.12288,6.75,4.34746,2.86017,8.20275,7.13397,,139.01025390625,145.37413024902344,132.23135375976562
잭 로그,Zach Logue,20231,MLB,2022,Athletics,0,0,14,10,57,6.78947,6.63158,3.15789,2.05263,5.76155,5.31587,-0.432087,181.4273223876953,152.0547332763672,135.31634521484375
잭 로그,Zach Logue,20231,AAA,2023,Tigers (AAA),0,0,27,21,90.1,6.57565,8.46864,4.38376,1.99262,6.16297,5.34807,,134.60194396972656,128.55955505371094,103.23531341552734
잭 로그,Zach Logue,20231,MLB,2023,Tigers,0,1,3,0,11,7.36364,8.18182,1.63636,2.45455,5.52777,3.78597,-0.086531,171.51329040527344,128.92962646484375,88.3455810546875
잭 로그,Zach Logue,20231,AA,2024,Braves (AA),0,1,1,0,3.2,0,9.81817,2.45454,0,1.94724,3.15269,,0,57.14741897583008,85.04739379882812
잭 로그,Zach Logue,20231,AAA,2024,Braves (AAA),1,0,23,12,90.2,2.68015,8.53677,2.68015,0.794118,4.01023,4.5659,,57.03520202636719,85.38092041015625,94.52800750732422
잭 로그,Zach Logue,20231,AAA,2024,Dodgers (AAA),1,1,1,1,3,3,3,0,0,3.16799,5.59586,,59.843265533447266,62.04378890991211,106.26217651367188
잭 로그,Zach Logue,20231,MLB,2024,Dodgers,0,1,2,0,2,18,18,0,4.5,5.66648,0.678488,-0.00438814,438.7386474609375,134.7733917236328,18.185640335083008
헤르손 가라비토,Gerson Yeris Garabito,19835,R,2013,Royals (R),0,1,12,2,26.2,3.0375,5.7375,5.7375,0,3.84136,4.19289,,87.258544921875,115.08644104003906,123.18222045898438
헤르손 가라비토,Gerson Yeris Garabito,19835,R,2014,Royals (R),0,0,13,13,49.1,1.27703,11.1284,4.92568,0.182432,3.13785,3.11751,,33.16572570800781,86.08558654785156,83.92996978759766
헤르손 가라비토,Gerson Yeris Garabito,19835,R,2015,Royals (R),0,0,14,11,57,4.10526,6.63158,3,0.315789,4.00685,3.99665,,110.91271209716797,111.34471130371094,108.8912353515625
헤르손 가라비토,Gerson Yeris Garabito,19835,A,2016,Royals (A),0,0,18,18,80.2,4.79752,6.80579,3.90496,1.00413,4.89989,4.65363,,128.30345153808594,127.45199584960938,126.33551788330078
헤르손 가라비토,Gerson Yeris Garabito,19835,R,2017,Royals (R),0,1,2,2,3,6,6,3,3,8.20355,4.87021,,131.6185302734375,183.80392456054688,111.2315902709961
헤르손 가라비토,Gerson Yeris Garabito,19835,A,2017,Royals (A),0,0,15,15,77,2.80519,8.41558,2.22078,0.935065,3.94052,3.58621,,74.05120086669922,101.5723876953125,96.4109878540039
헤르손 가라비토,Gerson Yeris Garabito,19835,A+,2018,Royals (A+),0,0,26,26,142.1,3.16159,7.33489,4.61592,0.758782,4.44537,4.49424,,85.70641326904297,120.1353530883789,116.59288787841797
헤르손 가라비토,Gerson Yeris Garabito,19835,AA,2019,Royals (AA),0,0,26,26,141,3.76596,7.21277,3.82979,0.829787,4.53577,4.83583,,92.10267639160156,114.5423812866211,120.18391418457031
헤르손 가라비토,Gerson Yeris Garabito,19835,AA,2021,Giants (AA),0,0,14,6,44,4.29545,9,3.06818,0.613636,3.4927,3.88979,,100.49691772460938,81.70689392089844,89.49381256103516
헤르손 가라비토,Gerson Yeris Garabito,19835,AAA,2021,Giants (AAA),0,0,11,6,42,4.71429,7.71429,5.78571,1.5,6.52756,6.79629,,95.4242935180664,124.48870086669922,125.94351959228516
헤르손 가라비토,Gerson Yeris Garabito,19835,AA,2024,Rangers (AA),0,1,1,1,4.1,2.07692,14.5385,4.15385,0,1.56376,2.45133,,49.50764465332031,37.687042236328125,59.43391418457031
헤르손 가라비토,Gerson Yeris Garabito,19835,AAA,2024,Rangers (AAA),0,0,13,10,55.1,3.41566,8.94578,1.95181,0.975904,4.34068,4.47771,,67.7778549194336,85.24192810058594,85.02921295166016
헤르손 가라비토,Gerson Yeris Garabito,19835,MLB,2024,Rangers,0,1,18,2,26.1,4.78481,7.51899,4.10127,1.36709,5.29306,5.09834,-0.141009,120.65939331054688,128.90579223632812,124.98884582519531
요니 치리노스,Yonny Chirinos,16401,R,2013,Rays (R),0,0,13,12,55,3.27273,6.87273,1.8,0.654545,3.62643,3.64961,,76.65127563476562,81.58287048339844,89.70157623291016
요니 치리노스,Yonny Chirinos,16401,R,2014,Rays (R),0,0,14,2,43,2.09302,6.90698,2.30233,0.418605,3.54513,3.53009,,57.1522102355957,94.6744384765625,94.60570526123047
요니 치리노스,Yonny Chirinos,16401,A-,2015,Rays (A-),0,1,3,3,15,0.6,8.4,1.8,0.6,3.31595,3.05793,,16.73889923095703,94.48432922363281,85.35945892333984
요니 치리노스,Yonny Chirinos,16401,A,2015,Rays (A),0,0,10,10,61.1,2.20109,6.89674,1.02717,0.440217,3.1342,3.24499,,62.49770736694336,86.8818359375,90.3733139038086
요니 치리노스,Yonny Chirinos,16401,A+,2015,Rays (A+),0,1,2,0,3,0,9,0,0,1.16533,1.49425,,0,36.42795181274414,46.444480895996094
요니 치리노스,Yonny Chirinos,16401,A,2016,Rays (A),0,1,4,2,11.2,2.31429,6.94286,0.771428,0,2.18904,2.8103,,67.8876953125,62.31740188598633,79.83491516113281
요니 치리노스,Yonny Chirinos,16401,A+,2016,Rays (A+),0,0,11,7,50.1,2.1457,5.54305,0.536424,0.89404,3.55079,3.13929,,60.64387130737305,101.21133422851562,87.58432006835938
요니 치리노스,Yonny Chirinos,16401,AA,2016,Rays (AA),0,0,14,8,66.2,4.455,5.805,1.62,0.675,3.54503,3.66243,,120.06989288330078,94.98368072509766,98.93988037109375
요니 치리노스,Yonny Chirinos,16401,AA,2017,Rays (AA),0,1,4,4,27.1,2.63415,6.91464,1.31707,1.64634,4.50334,2.91024,,74.26971435546875,125.1329345703125,80.86541748046875
요니 치리노스,Yonny Chirinos,16401,AAA,2017,Rays (AAA),0,0,23,22,141,2.74468,7.65957,1.40426,0.638298,3.06803,3.15568,,68.71315002441406,77.76231384277344,79.48532104492188
요니 치리노스,Yonny Chirinos,16401,A+,2018,Rays (A+),0,1,1,1,2,0,9,9,0,4.4789,5.35649,,0,119.80670166015625,141.0181121826172
요니 치리노스,Yonny Chirinos,16401,AAA,2018,Rays (AAA),0,0,8,8,30.2,5.28261,9.09783,2.05435,2.05435,4.96351,2.85579,,135.6591033935547,129.39657592773438,74.17351531982422
요니 치리노스,Yonny Chirinos,16401,MLB,2018,Rays,0,0,18,7,89.2,3.51301,7.52788,2.50929,0.702602,3.50616,4.03852,1.19427,85.62580108642578,86.06671905517578,95.42459869384766
요니 치리노스,Yonny Chirinos,16401,MLB,2019,Rays,0,0,26,18,133.1,3.8475,7.695,1.89,1.5525,4.44401,4.09623,1.37359,87.86991882324219,101.64598846435547,89.61077117919922
요니 치리노스,Yonny Chirinos,16401,MLB,2020,Rays,0,1,3,3,11.1,2.38236,7.9412,3.17648,1.58824,5.30907,5.05666,0.0851377,56.65946960449219,124.38915252685547,113.69168853759766
요니 치리노스,Yonny Chirinos,16401,A,2022,Rays (A),0,1,3,2,6.1,11.3684,8.52632,2.84211,1.42105,5.42514,4.49959,,265.15692138671875,125.45529174804688,101.80728912353516
요니 치리노스,Yonny Chirinos,16401,AAA,2022,Rays (AAA),0,1,5,5,16,2.8125,7.3125,3.375,1.125,4.63264,4.34754,,59.39341735839844,98.89859008789062,93.61915588378906
요니 치리노스,Yonny Chirinos,16401,MLB,2022,Rays,0,1,2,1,7,0,7.71429,1.28571,0,2.25529,3.10121,0.189111,0,58.13233184814453,78.28562927246094
요니 치리노스,Yonny Chirinos,16401,AAA,2023,Rays (AAA),0,1,5,4,19.1,4.65517,7.91379,3.72414,0.465517,3.88291,4.40316,,87.96959686279297,73.64332580566406,84.99552154541016
요니 치리노스,Yonny Chirinos,16401,MLB,2023,- - -,0,0,20,9,85,5.4,5.61176,2.85882,1.58824,5.43151,4.96581,-0.277449,127.42044830322266,129.43753051757812,115.42184448242188
요니 치리노스,Yonny Chirinos,16401,MLB,2023,Rays,1,0,15,4,62.2,4.02128,4.45213,2.87234,1.43617,5.48908,5.39336,-0.357084,97.56851959228516,131.83334350585938,125.89913940429688
요니 치리노스,Yonny Chirinos,16401,MLB,2023,Braves,1,1,5,5,22.1,9.26866,8.86567,2.8209,2.01493,5.26997,3.7661,0.0796352,211.1842498779297,122.71492767333984,86.02281951904297
요니 치리노스,Yonny Chirinos,16401,AAA,2024,Marlins (AAA),0,0,21,21,110.2,3.65964,7.48193,3.00904,0.894578,4.31001,4.54262,,79.73965454101562,92.22724151611328,94.0461196899414
요니 치리노스,Yonny Chirinos,16401,MLB,2024,Marlins,0,0,6,6,30,6.3,7.5,3.9,2.1,6.13315,5.51903,-0.171724,150.7368927001953,149.9390411376953,135.16075134277344
앤더스 톨허스트,Anders William Tolhurst,sa3019818,A,2022,Blue Jays (A),0,1,4,1,7.1,2.45455,14.7273,11.0455,0,4.33866,5.2621,,62.60616683959961,110.18172454833984,134.13290405273438
앤더스 톨허스트,Anders William Tolhurst,sa3019818,A,2023,Blue Jays (A),0,1,6,0,8.2,8.30769,11.4231,2.07692,1.03846,4.15058,3.49592,,179.53392028808594,89.30701446533203,75.5023422241211
앤더스 톨허스트,Anders William Tolhurst,sa3019818,A+,2023,Blue Jays (A+),0,1,15,2,28.1,5.4,10.8,3.17647,0.317647,3.0319,4.21496,,126.10010528564453,68.88787078857422,94.97968292236328
앤더스 톨허스트,Anders William Tolhurst,sa3019818,A+,2024,Blue Jays (A+),0,1,21,0,26,1.73077,9.69231,1.73077,0,2.18079,3.32713,,43.82201385498047,53.72470474243164,81.29042053222656
앤더스 톨허스트,Anders William Tolhurst,sa3019818,AA,2024,Blue Jays (AA),0,0,23,0,33.2,4.54455,12.5644,2.40594,2.67327,5.24921,2.675,,115.27381896972656,132.75808715820312,67.80400085449219
애덤 올러,Adam Oller,20132,R,2016,Pirates (R),0,0,13,9,54.2,4.44512,7.57317,1.48171,1.15244,4.41101,3.86546,,112.72174835205078,111.69060516357422,94.16705322265625
애덤 올러,Adam Oller,20132,A-,2017,Pirates (A-),0,0,17,2,45.1,1.58824,9.92647,1.78676,0.198529,2.30696,2.56826,,44.64034652709961,66.71830749511719,75.16814422607422
애덤 올러,Adam Oller,20132,A,2018,Pirates (A),0,1,5,0,14.1,4.39535,9.41861,1.88372,0.627907,3.12181,3.14979,,117.06446075439453,82.96119689941406,84.68602752685547
애덤 올러,Adam Oller,20132,A+,2018,Pirates (A+),0,0,24,5,58.2,6.75,8.13068,3.22159,2.14773,6.20618,4.16598,,170.91281127929688,157.69921875,109.67606353759766
애덤 올러,Adam Oller,20132,A,2019,Giants (A),0,0,17,17,87.1,4.01908,9.58397,2.67939,0.515267,3.20183,3.32777,,111.71585845947266,87.1050796508789,89.5049819946289
애덤 올러,Adam Oller,20132,AA,2021,Mets (AA),0,0,15,15,76,4.02632,11.25,3.43421,0.947368,3.60754,3.60137,,96.28367614746094,86.37255096435547,82.85810852050781
애덤 올러,Adam Oller,20132,AAA,2021,Mets (AAA),0,0,8,8,44,2.45455,8.79545,3.68182,0.204545,3.33981,4.9765,,53.60765075683594,71.58757019042969,110.09222412109375
애덤 올러,Adam Oller,20132,AAA,2022,Athletics (AAA),0,0,7,7,31.2,3.69474,9.09474,4.83158,0,3.5395,5.6493,,63.229530334472656,62.729244232177734,104.71245574951172
애덤 올러,Adam Oller,20132,MLB,2022,Athletics,0,0,19,14,74.1,6.29597,5.56951,4.72198,2.0583,6.50257,6.05871,-1.14793,168.2399139404297,171.82089233398438,154.44578552246094
애덤 올러,Adam Oller,20132,AAA,2023,Athletics (AAA),1,0,12,9,50.2,7.10526,10.4803,4.26316,2.13158,6.29836,5.42825,,114.41975402832031,105.76384735107422,95.27275848388672
애덤 올러,Adam Oller,20132,AAA,2023,Mariners (AAA),1,0,12,12,63.2,5.51309,8.7644,3.95811,1.8377,6.21145,6.20915,,100.3819808959961,108.4560317993164,108.97860717773438
애덤 올러,Adam Oller,20132,MLB,2023,Athletics,0,1,9,1,19.2,10.0678,5.94915,5.49153,2.28814,7.22114,6.94253,-0.47721,244.07717895507812,174.64450073242188,162.09242248535156
애덤 올러,Adam Oller,20132,AAA,2024,Cleveland (AAA),1,1,12,6,27.2,7.48193,10.7349,5.85542,1.95181,6.06302,4.99562,,157.15476989746094,124.45729064941406,103.42452239990234
애덤 올러,Adam Oller,20132,AAA,2024,Marlins (AAA),1,1,6,3,25,2.88,8.64,2.52,0.72,3.52905,3.92515,,62.752174377441406,75.51589965820312,81.26260375976562
애덤 올러,Adam Oller,20132,MLB,2024,Marlins,0,0,8,8,42.1,5.31496,7.65354,4.67717,1.48819,5.31609,5.23805,0.0126355,127.16845703125,130.2024383544922,128.3708038330078
터커 데이비드슨,Tucker Davidson,19871,R,2016,Braves (R),0,1,11,1,29.2,1.51685,9.70786,1.21348,0.303371,2.32018,2.41271,,41.13315200805664,65.29879760742188,70.70685577392578
터커 데이비드슨,Tucker Davidson,19871,A,2017,Braves (A),0,0,31,12,103.2,2.6045,8.76849,2.6045,0.347267,2.9751,3.15036,,67.17313385009766,80.92794799804688,84.69371795654297
터커 데이비드슨,Tucker Davidson,19871,A+,2018,Braves (A+),0,0,24,24,118.1,4.1831,7.52958,4.41127,0.380282,3.9775,4.26623,,110.3364028930664,106.67356872558594,112.31534576416016
터커 데이비드슨,Tucker Davidson,19871,AA,2019,Braves (AA),0,0,21,21,110.2,2.03313,9.92169,3.65964,0.406627,3.00912,3.13095,,58.043373107910156,86.21661376953125,85.22374725341797
터커 데이비드슨,Tucker Davidson,19871,AAA,2019,Braves (AAA),0,1,4,4,19,2.84211,5.68421,4.26316,0,4.09841,5.82575,,58.008628845214844,85.29546356201172,118.90487670898438
터커 데이비드슨,Tucker Davidson,19871,MLB,2020,Braves,0,1,1,1,1.2,10.7998,10.7998,21.5996,5.39989,15.7912,12.6191,-0.164663,236.7611541748047,358.2193908691406,282.1497802734375
터커 데이비드슨,Tucker Davidson,19871,AAA,2021,Braves (AAA),0,1,4,4,23,1.17391,10.9565,1.95652,0.782609,2.71036,2.73501,,26.264497756958008,61.718196868896484,60.50514221191406
터커 데이비드슨,Tucker Davidson,19871,MLB,2021,Braves,0,1,4,4,20,3.6,8.1,3.6,1.35,4.52003,4.42261,0.190311,84.57186126708984,108.08778381347656,104.15948486328125
터커 데이비드슨,Tucker Davidson,19871,MLB,2021,Braves,1,1,1,1,2,9,4.5,13.5,0,6.67003,10.1988,,211.4296417236328,159.98507690429688,241.50650024414062
터커 데이비드슨,Tucker Davidson,19871,AAA,2022,Braves (AAA),0,0,15,15,80.1,4.59336,10.7552,2.6888,1.56846,4.35411,3.34078,,101.91084289550781,96.68653869628906,71.93974304199219
터커 데이비드슨,Tucker Davidson,19871,MLB,2022,- - -,0,0,12,11,52,6.75,5.71154,6.05769,1.21154,5.78551,5.82903,-0.347421,169.05776977539062,144.80006408691406,147.4982147216797
터커 데이비드슨,Tucker Davidson,19871,MLB,2022,Braves,1,1,4,3,15.1,6.45654,5.86958,7.63045,0,4.54722,6.09195,0.0555932,158.34510803222656,116.11409759521484,151.79879760742188
터커 데이비드슨,Tucker Davidson,19871,MLB,2022,Angels,1,0,8,8,36.2,6.87272,5.64545,5.4,1.71818,6.30334,5.71908,-0.403014,173.53759765625,156.7959747314453,145.69979858398438
터커 데이비드슨,Tucker Davidson,19871,MLB,2023,- - -,0,0,38,1,51.1,5.96104,8.06494,3.33117,1.05195,4.26803,4.42337,0.119216,136.7831268310547,99.14315795898438,103.23719024658203
터커 데이비드슨,Tucker Davidson,19871,MLB,2023,Angels,1,0,18,0,31.2,6.53684,8.81053,3.12632,0.568421,3.34978,4.14727,0.311154,150.8641815185547,77.14637756347656,96.78662109375
터커 데이비드슨,Tucker Davidson,19871,MLB,2023,Royals,1,1,20,1,19.2,5.0339,6.86441,3.66102,1.83051,5.74657,4.86794,-0.191937,114.11026763916016,134.56167602539062,113.62370300292969
터커 데이비드슨,Tucker Davidson,19871,AAA,2024,Orioles (AAA),0,0,32,17,115.2,3.89049,8.09222,3.57925,1.32277,4.9264,4.89363,,83.0730972290039,104.93923950195312,101.31315612792969
터커 데이비드슨,Tucker Davidson,19871,MLB,2024,Orioles,0,1,1,0,4.2,0,1.92857,3.85714,0,4.02362,5.64361,0.00319565,0,98.86558532714844,138.55392456054688
빈스 벨라스케즈,Vincent John Velasquez,11189,R,2010,Astros (R),0,1,8,6,29.1,3.06818,7.67046,1.53409,1.22727,4.3377,3.68258,,77.97377014160156,111.37936401367188,96.41907501220703
빈스 벨라스케즈,Vincent John Velasquez,11189,A-,2012,Astros (A-),0,0,9,9,45.2,3.35036,10.0511,3.35036,0.394161,2.98216,3.03275,,89.26866912841797,80.67788696289062,85.744384765625
빈스 벨라스케즈,Vincent John Velasquez,11189,A,2013,Astros (A),0,0,25,16,110,3.19091,10.0636,2.7,0.572727,2.99261,2.90025,,83.48114776611328,78.94134521484375,75.49588775634766
빈스 벨라스케즈,Vincent John Velasquez,11189,A+,2013,Astros (A+),0,1,3,3,14.2,6.13636,11.6591,4.90909,1.22727,4.99906,4.77027,,119.10590362548828,101.70886993408203,102.48998260498047
빈스 벨라스케즈,Vincent John Velasquez,11189,R,2014,Astros (R),0,1,3,3,8.2,2.07692,19.7308,2.07692,0,0.853555,0.955371,,57.11870193481445,23.045936584472656,25.59296417236328
빈스 벨라스케즈,Vincent John Velasquez,11189,A+,2014,Astros (A+),0,0,15,10,55.1,3.74096,11.7108,3.74096,0.975904,3.95953,3.66576,,72.73458862304688,80.98234558105469,79.44010925292969
빈스 벨라스케즈,Vincent John Velasquez,11189,AA,2015,Astros (AA),0,0,9,5,33,1.90909,12.2727,3.54545,0.545455,2.63004,2.83947,,48.836036682128906,65.21768188476562,71.64453887939453
빈스 벨라스케즈,Vincent John Velasquez,11189,MLB,2015,Astros,0,0,19,7,55.2,4.36527,9.37724,3.39521,0.808383,3.45695,4.14492,0.89539,112.53126525878906,85.8650131225586,102.57449340820312
빈스 벨라스케즈,Vincent John Velasquez,11189,AA,2016,Phillies (AA),0,1,1,1,5,1.8,5.4,1.8,1.8,5.35755,4.18984,,43.555625915527344,127.3250732421875,105.9281997680664
빈스 벨라스케즈,Vincent John Velasquez,11189,MLB,2016,Phillies,0,0,24,24,131,4.12214,10.4427,3.0916,1.44275,3.96335,3.67213,2.25044,99.53718566894531,94.19149017333984,88.9810562133789
빈스 벨라스케즈,Vincent John Velasquez,11189,A+,2017,Phillies (A+),0,1,1,1,5,1.8,9,1.8,1.8,4.5106,2.90712,,51.63296890258789,126.78335571289062,82.84747314453125
빈스 벨라스케즈,Vincent John Velasquez,11189,AA,2017,Phillies (AA),0,1,1,1,3,6,12,3,3,5.8917,2.74463,,141.2886962890625,137.3658447265625,68.05265808105469
빈스 벨라스케즈,Vincent John Velasquez,11189,AAA,2017,Phillies (AAA),0,1,1,1,2,4.5,0,4.5,0,4.83754,7.87938,,108.94229125976562,121.78407287597656,198.46592712402344
빈스 벨라스케즈,Vincent John Velasquez,11189,MLB,2017,Phillies,0,0,15,15,72,5.125,8.5,4.25,1.875,5.51875,4.58922,0.214949,117.77332305908203,124.52745819091797,106.1232681274414
빈스 벨라스케즈,Vincent John Velasquez,11189,MLB,2018,Phillies,0,0,31,30,146.2,4.84773,9.87954,3.62045,0.981818,3.75361,4.11467,2.6302,120.51265716552734,89.56800079345703,101.21235656738281
빈스 벨라스케즈,Vincent John Velasquez,11189,MLB,2019,Phillies,0,0,33,23,117.1,4.90909,9.97159,3.2983,1.99432,5.20833,4.75199,0.588449,110.5822525024414,114.6397933959961,107.2099609375
빈스 벨라스케즈,Vincent John Velasquez,11189,MLB,2020,Phillies,0,0,9,7,34,5.55882,12.1765,4.5,1.32353,4.16201,4.0651,0.647173,123.08904266357422,91.74188232421875,91.28288269042969
빈스 벨라스케즈,Vincent John Velasquez,11189,A,2021,Phillies (A),0,1,4,2,7,2.57143,15.4286,1.28571,1.28571,3.08708,2.40622,,55.09806823730469,66.95523071289062,53.14079284667969
빈스 벨라스케즈,Vincent John Velasquez,11189,AAA,2021,Phillies (AAA),0,1,2,2,6.2,2.7,16.2,4.05,1.35,3.06254,2.17522,,59.76285171508789,69.15897369384766,48.121177673339844
빈스 벨라스케즈,Vincent John Velasquez,11189,MLB,2021,- - -,0,0,25,21,94.1,6.29682,9.63603,4.67491,2.19434,5.88381,4.97733,-0.294757,150.92971801757812,136.57919311523438,117.34955596923828
빈스 벨라스케즈,Vincent John Velasquez,11189,MLB,2021,Phillies,1,0,21,17,81.2,5.95102,9.36734,4.95918,1.87347,5.59452,5.02724,-0.0156259,141.055419921875,128.9470672607422,118.53646087646484
빈스 벨라스케즈,Vincent John Velasquez,11189,MLB,2021,Padres,1,1,4,4,12.2,8.52629,11.3684,2.8421,4.26315,7.74897,4.6555,-0.279131,214.59286499023438,185.78619384765625,109.6971435546875
빈스 벨라스케즈,Vincent John Velasquez,11189,AAA,2022,White Sox (AAA),0,1,4,0,5.2,4.7647,11.1176,6.35294,0,3.1547,4.90081,,95.70282745361328,62.95521545410156,105.5330581665039
빈스 벨라스케즈,Vincent John Velasquez,11189,MLB,2022,White Sox,0,0,27,9,75.1,4.77876,8.24337,2.98673,1.31416,4.25402,4.47809,0.403252,122.14161682128906,104.40665435791016,113.7424087524414
빈스 벨라스케즈,Vincent John Velasquez,11189,AAA,2023,Pirates (AAA),0,1,1,1,4.2,0,3.85714,1.92857,0,3.35828,5.00529,,0,66.09561157226562,96.61842346191406
빈스 벨라스케즈,Vincent John Velasquez,11189,MLB,2023,Pirates,0,0,8,8,37.1,3.85714,8.91964,3.375,0.964286,3.87111,4.55971,0.669682,86.65775299072266,88.78410339355469,104.1279067993164
알렉 감보아,Alec Gamboa,26227,R,2019,Dodgers (R),0,1,12,7,25,2.88,11.88,0.72,0,1.9866,2.31309,,70.24406433105469,45.719478607177734,52.689117431640625
알렉 감보아,Alec Gamboa,26227,A+,2021,Dodgers (A+),0,0,22,11,77,4.20779,8.2987,3.50649,1.05195,4.69381,4.42292,,95.19696807861328,105.97679138183594,98.69203186035156
알렉 감보아,Alec Gamboa,26227,AA,2022,Dodgers (AA),0,0,30,6,88.1,5.90943,7.33585,4.78868,1.12075,5.47836,5.57295,,119.17406463623047,106.56072235107422,109.0146255493164
알렉 감보아,Alec Gamboa,26227,AA,2023,Dodgers (AA),0,0,14,0,36,2.25,8.25,4.75,0.5,4.33172,5.03238,,48.17566680908203,89.18472290039062,104.96636962890625
알렉 감보아,Alec Gamboa,26227,AAA,2023,Dodgers (AAA),0,0,23,3,40.1,4.90909,9.59504,6.47108,0.669422,4.94141,5.62958,,90.5091323852539,89.44627380371094,98.80632781982422
알렉 감보아,Alec Gamboa,26227,AAA,2024,Dodgers (AAA),0,0,22,12,73.2,3.29864,6.23077,3.78733,0.366516,4.28262,5.40932,,65.80048370361328,83.87335968017578,102.71995544433594
코디 폰세,Cody Ponce,17920,R,2015,Brewers (R),0,1,2,2,5,3.6,7.2,0,0,2.5467,2.5467,,74.78764343261719,52.088356018066406,52.65285873413086
코디 폰세,Cody Ponce,17920,A,2015,Brewers (A),0,0,12,7,46,2.15217,7.04348,1.76087,0.195652,2.76463,3.07935,,58.39944076538086,75.7184829711914,85.76030731201172
코디 폰세,Cody Ponce,17920,A+,2016,Brewers (A+),0,0,17,17,72,5.25,8.625,2.125,0.75,3.21111,2.83076,,151.84994506835938,90.93594360351562,78.97647094726562
코디 폰세,Cody Ponce,17920,A+,2017,Brewers (A+),0,0,22,22,120,3.375,7.05,1.875,1.05,4.12094,3.7709,,85.88410186767578,104.584228515625,98.00040435791016
코디 폰세,Cody Ponce,17920,AA,2017,Brewers (AA),0,1,3,3,17.2,1.5283,4.5849,2.54717,0,2.94328,3.71611,,43.61073684692383,80.11380004882812,103.25791931152344
코디 폰세,Cody Ponce,17920,AA,2018,Brewers (AA),0,0,29,11,95,4.35789,8.33684,3.22105,0.947368,4.30038,4.0777,,115.0948257446289,109.13392639160156,105.16435241699219
코디 폰세,Cody Ponce,17920,AA,2019,Pirates (AA),1,1,3,1,6,6,9,1.5,1.5,4.33742,3.48291,,173.83132934570312,126.76483154296875,98.5096435546875
코디 폰세,Cody Ponce,17920,AA,2019,Brewers (AA),1,0,27,0,38.1,3.28696,10.3304,2.81739,0.234783,2.59393,2.87679,,91.22769165039062,69.67044830322266,78.3053970336914
코디 폰세,Cody Ponce,17920,AAA,2019,Pirates (AAA),0,1,4,4,18.2,5.30357,9.64286,3.375,1.92857,5.39259,4.56041,,113.34880828857422,115.34197235107422,93.07893371582031
코디 폰세,Cody Ponce,17920,MLB,2020,Pirates,0,1,5,3,17,3.17647,6.35294,3.17647,2.64706,6.66201,5.67419,-0.233016,71.00609588623047,148.2561492919922,127.1867446899414
코디 폰세,Cody Ponce,17920,AAA,2021,Pirates (AAA),0,0,15,8,57.1,4.7093,9.26163,2.82558,1.25581,4.21719,4.4421,,106.24938201904297,94.70201873779297,98.26994323730469
코디 폰세,Cody Ponce,17920,MLB,2021,Pirates,0,0,15,2,38.1,7.04348,8.45218,2.58261,1.87826,4.94395,4.25609,-0.123118,165.4957733154297,116.65174102783203,100.19970703125
로건 앨런,Logan Allen,18555,R,2015,Red Sox (R),0,1,7,7,20,0.9,10.8,0.45,0,1.05737,1.3216,,25.990018844604492,31.703954696655273,38.78337860107422
로건 앨런,Logan Allen,18555,A-,2015,Red Sox (A-),0,1,1,1,4.1,2.07692,4.15385,0,0,2.59287,3.6463,,53.30066680908203,71.29122161865234,101.78337097167969
로건 앨런,Logan Allen,18555,R,2016,Padres (R),0,1,3,3,6,3,12,1.5,0,1.9566,2.34603,,73.31175994873047,49.34929656982422,58.97525405883789
로건 앨런,Logan Allen,18555,A-,2016,Padres (A-),0,1,1,1,2.1,7.7143,15.4286,3.85715,0,1.62555,1.94474,,204.5658721923828,42.99264907836914,48.093170166015625
로건 앨런,Logan Allen,18555,A,2016,Padres (A),0,0,15,11,54,3.33333,7.83333,3.66667,0.333333,3.60439,3.91482,,90.79183197021484,102.12907409667969,111.21189880371094
로건 앨런,Logan Allen,18555,A,2017,Padres (A),0,0,13,13,68.1,2.10732,11.1951,3.42439,0.131707,2.60456,3.32804,,52.14032745361328,66.24275970458984,84.70764923095703
로건 앨런,Logan Allen,18555,A+,2017,Padres (A+),0,0,11,10,56.2,3.97059,9.05294,2.85882,0.317647,3.31376,3.76849,,97.39981842041016,79.73185729980469,86.351806640625
로건 앨런,Logan Allen,18555,AA,2018,Padres (AA),0,0,20,19,121,2.75207,9.29752,2.82645,0.520661,3.20384,3.57025,,70.5467758178711,76.80354309082031,85.49140167236328
로건 앨런,Logan Allen,18555,AAA,2018,Padres (AAA),0,1,5,5,27.2,1.62651,8.45783,4.22892,1.3012,5.15497,4.78403,,33.176456451416016,108.69202423095703,103.75101470947266
로건 앨런,Logan Allen,18555,AAA,2019,Indians (AAA),1,1,5,5,22.1,7.65672,7.25373,4.83582,2.41791,7.38592,6.3426,,152.6143341064453,143.6262664794922,129.45388793945312
로건 앨런,Logan Allen,18555,AAA,2019,Padres (AAA),1,0,13,13,57.2,5.15029,9.83237,3.43353,1.24855,4.87182,4.76558,,87.64988708496094,86.78132629394531,86.85397338867188
로건 앨런,Logan Allen,18555,MLB,2019,- - -,0,1,9,4,27.2,6.18074,5.53013,4.22893,1.30121,5.49112,5.04958,-0.0373688,146.74398803710938,125.89252471923828,113.99729919433594
로건 앨런,Logan Allen,18555,MLB,2019,Padres,1,1,8,4,25.1,6.75001,4.97369,4.61843,1.42105,5.9377,5.37697,-0.0974053,160.25970458984375,136.1107635498047,121.43256378173828
로건 앨런,Logan Allen,18555,MLB,2019,Indians,1,1,1,0,2.1,0,11.5716,0,0,0.642544,1.49507,0.0600365,0,14.950214385986328,33.270545959472656
로건 앨런,Logan Allen,18555,MLB,2020,Indians,0,1,3,0,10.2,3.37499,5.90623,5.90623,0.843747,5.34766,6.11745,-0.0469842,76.15267181396484,120.48194885253906,137.6632537841797
로건 앨런,Logan Allen,18555,AAA,2021,Cleveland (AAA),0,0,12,11,48.2,7.95205,9.61644,5.36301,1.66438,5.66391,5.11585,,179.28453063964844,124.91032409667969,113.1749038696289
로건 앨런,Logan Allen,18555,MLB,2021,Cleveland,0,0,14,11,50.1,6.25828,6.6159,3.03974,2.1457,6.05083,4.84438,-0.454358,147.7730255126953,143.0077362060547,112.95313262939453
로건 앨런,Logan Allen,18555,AAA,2022,Orioles (AAA),1,1,21,0,24.1,8.50685,7.76712,4.06849,1.47945,5.76791,5.32521,,190.1468048095703,127.62738800048828,114.67233276367188
로건 앨런,Logan Allen,18555,AAA,2022,Rockies (AAA),1,1,6,6,28,6.42857,8.03571,2.89286,2.57143,6.96244,5.92346,,109.200439453125,124.23064422607422,109.79403686523438
로건 앨런,Logan Allen,18555,MLB,2022,- - -,0,1,7,0,7.2,5.86954,8.21736,5.86954,0,3.63417,5.56508,0.127711,152.88172912597656,92.99346160888672,141.73385620117188
로건 앨런,Logan Allen,18555,MLB,2022,Guardians,1,1,4,0,6,4.5,9,4.5,0,3.11243,5.57971,0.140858,117.00975799560547,79.58773040771484,142.1107940673828
로건 앨런,Logan Allen,18555,MLB,2022,Orioles,1,1,3,0,1.2,10.7998,5.39989,10.7998,0,5.51238,5.51238,-0.0131467,282.0182189941406,141.25311279296875,140.37693786621094
로건 앨런,Logan Allen,18555,AAA,2023,Mariners (AAA),1,0,14,10,58,4.65517,7.60345,4.34483,1.7069,6.32898,5.58992,,84.7611312866211,110.5082015991211,98.1102294921875
로건 앨런,Logan Allen,18555,AAA,2023,Rockies (AAA),1,0,24,0,45,7.2,10,5.6,1.6,5.9719,5.40604,,117.0224609375,101.464111328125,94.88298034667969
로건 앨런,Logan Allen,18555,AAA,2024,Diamondbacks (AAA),0,0,20,19,96.1,5.23183,7.75433,3.6436,1.21453,5.14262,5.42972,,91.82908630371094,94.51319885253906,103.10723114013672
로건 앨런,Logan Allen,18555,MLB,2024,Diamondbacks,0,1,12,0,28,5.46429,6.75,3.21429,0.964286,4.34505,4.5722,-0.00642106,131.2061004638672,110.55325317382812,112.28008270263672
라일리 톰프슨,Riley Thompson,sa876287,A-,2018,Cubs (A-),0,1,9,8,25.1,2.84211,8.88158,3.19737,0.355263,3.51328,3.84379,,77.82026672363281,92.94933319091797,97.5352554321289
라일리 톰프슨,Riley Thompson,sa876287,A,2019,Cubs (A),0,0,21,21,94,3.06383,8.32979,2.96809,0.861702,3.89424,3.59201,,82.3542251586914,105.42097473144531,95.76302337646484
라일리 톰프슨,Riley Thompson,sa876287,AA,2022,Cubs (AA),0,0,19,19,57,4.42105,10.1053,5.05263,1.26316,4.95073,4.63266,,94.4066390991211,103.86734008789062,99.74480438232422
라일리 톰프슨,Riley Thompson,sa876287,AAA,2023,Cubs (AAA),0,0,25,19,81.1,5.64344,8.63115,5.97541,1.65984,6.08076,5.85674,,102.6425552368164,113.853271484375,113.05435180664062
라일리 톰프슨,Riley Thompson,sa876287,AAA,2024,Cubs (AAA),0,0,34,15,107.1,5.95342,8.30124,4.02485,1.25776,4.88271,4.93912,,116.1322250366211,98.05101776123047,102.2548599243164
패트릭 머피,Patrick Murphy,19712,R,2014,Blue Jays (R),0,1,3,2,4,11.25,9,4.5,0,3.0074,3.4486,,301.7279357910156,80.44597625732422,92.38208770751953
패트릭 머피,Patrick Murphy,19712,A-,2016,Blue Jays (A-),0,0,13,13,69.2,2.84211,6.20096,2.97129,0,3.51004,4.05525,,71.70801544189453,86.25650024414062,100.28709411621094
패트릭 머피,Patrick Murphy,19712,A,2016,Blue Jays (A),0,1,8,2,21,4.28571,8.57143,6,1.28571,5.57,4.2996,,116.89874267578125,157.51824951171875,122.14266967773438
패트릭 머피,Patrick Murphy,19712,R,2017,Blue Jays (R),0,1,3,2,9,0,15,1,0,0.424529,0.673368,,0,11.443818092346191,17.800594329833984
패트릭 머피,Patrick Murphy,19712,A,2017,Blue Jays (A),0,0,15,15,88.2,2.94361,5.78572,3.34962,0.507519,4.09498,4.19812,,70.8721923828125,102.6328125,106.85368347167969
패트릭 머피,Patrick Murphy,19712,A+,2017,Blue Jays (A+),0,1,2,2,9,7,5,3,0,3.19949,4.02992,,187.840576171875,88.14984893798828,114.84515380859375
패트릭 머피,Patrick Murphy,19712,A+,2018,Blue Jays (A+),0,0,26,26,146.2,2.63864,8.28409,3.06818,0.306818,3.18572,3.35884,,65.41085815429688,81.08275604248047,88.42693328857422
패트릭 머피,Patrick Murphy,19712,AA,2018,Blue Jays (AA),0,1,1,1,6,3,9,4.5,0,2.82896,3.56903,,72.54937744140625,70.82610321044922,88.6964340209961
패트릭 머피,Patrick Murphy,19712,AA,2019,Blue Jays (AA),0,0,18,18,84,4.71429,9.21429,2.89286,0.75,3.34933,3.01579,,130.93568420410156,95.5437240600586,85.29791259765625
패트릭 머피,Patrick Murphy,19712,MLB,2020,Blue Jays,0,1,4,0,6,1.5,7.5,3,0,2.52475,3.48889,0.0799413,32.619140625,56.770503997802734,78.2633285522461
패트릭 머피,Patrick Murphy,19712,A,2021,Blue Jays (A),0,1,3,0,3.1,5.40001,13.5,2.7,0,1.70137,2.11307,,119.33241271972656,37.433677673339844,46.66611862182617
패트릭 머피,Patrick Murphy,19712,AAA,2021,Nationals (AAA),1,1,3,0,2,4.5,13.5,4.5,0,1.86254,2.7481,,99.59020233154297,41.502220153808594,60.79469680786133
패트릭 머피,Patrick Murphy,19712,AAA,2021,Blue Jays (AAA),1,1,10,0,14.2,0,10.4318,4.90909,0,2.68072,3.40527,,0,59.76189041137695,75.3328857421875
패트릭 머피,Patrick Murphy,19712,MLB,2021,- - -,0,1,25,0,28,5.14286,9.32143,3.21429,0.964286,3.99146,3.92188,0.187538,119.67669677734375,92.99820709228516,91.7348403930664
패트릭 머피,Patrick Murphy,19712,MLB,2021,Blue Jays,1,1,8,0,9.1,4.82145,5.78574,3.85716,0.964289,5.20576,5.32521,-0.102329,107.2506332397461,121.93965148925781,124.06781768798828
패트릭 머피,Patrick Murphy,19712,MLB,2021,Nationals,1,1,17,0,18.2,5.30356,11.0893,2.89285,0.964284,3.38432,3.22021,0.289867,125.88969421386719,78.52755737304688,75.56844329833984
패트릭 머피,Patrick Murphy,19712,AAA,2022,Nationals (AAA),0,0,40,7,63,5,10.4286,4.71429,0.857143,4.09494,4.08713,,107.7116928100586,88.81836700439453,88.0115966796875
패트릭 머피,Patrick Murphy,19712,MLB,2022,Nationals,0,1,6,0,5.2,6.3529,6.3529,12.7058,0,5.93594,7.50338,-0.0528367,158.3079376220703,147.14353942871094,186.61839294433594
패트릭 머피,Patrick Murphy,19712,AAA,2023,Twins (AAA),0,0,42,4,85.1,3.69141,10.2305,5.27344,0.738281,4.4046,4.68926,,68.80726623535156,82.26163482666016,90.51807403564453
미치 화이트,Mitch White,19225,R,2016,Dodgers (R),0,1,2,2,4,0,18,0,0,0.123269,0.269306,,0,3.0780086517333984,6.7698869705200195
미치 화이트,Mitch White,19225,A,2016,Dodgers (A),0,1,8,4,16,0,11.25,3.375,0,2.09976,2.37156,,0,60.43928909301758,67.3710708618164
미치 화이트,Mitch White,19225,A+,2016,Dodgers (A+),0,1,1,0,2,0,9,0,0,1.71455,2.98215,,0,39.7425651550293,68.32455444335938
미치 화이트,Mitch White,19225,R,2017,Dodgers (R),0,1,3,3,7,0,10.2857,2.57143,0,2.77498,3.20355,,0,62.2875862121582,73.16632080078125
미치 화이트,Mitch White,19225,A+,2017,Dodgers (A+),0,0,9,9,38.2,3.72414,11.4052,3.72414,0,2.85342,3.43551,,84.30267333984375,65.95519256591797,78.72196197509766
미치 화이트,Mitch White,19225,AA,2017,Dodgers (AA),0,1,7,7,28,2.57143,9.96429,4.17857,0.642857,3.6361,3.53065,,65.12244415283203,88.7857894897461,89.67902374267578
미치 화이트,Mitch White,19225,AA,2018,Dodgers (AA),0,0,22,22,105.1,4.52848,7.51899,2.90506,1.02532,4.34418,4.00254,,107.15442657470703,99.96019744873047,95.84294128417969
미치 화이트,Mitch White,19225,AA,2019,Dodgers (AA),0,0,7,7,30,2.1,11.1,2.1,0.9,3.084,3.05185,,51.4542236328125,74.21585083007812,75.84697723388672
미치 화이트,Mitch White,19225,AAA,2019,Dodgers (AAA),0,0,16,13,63.2,6.50262,9.61257,3.39267,1.8377,5.49301,5.16084,,120.23849487304688,101.64544677734375,94.05757904052734
미치 화이트,Mitch White,19225,MLB,2020,Dodgers,0,1,2,0,3,0,6,3,0,2.85809,6.71465,0.0418466,0,64.07635498046875,150.4027557373047
미치 화이트,Mitch White,19225,A,2021,Dodgers (A),0,1,2,2,11.2,1.54286,10.8,0.771428,0.771428,3.20154,2.82511,,31.496564865112305,65.66637420654297,58.51734924316406
미치 화이트,Mitch White,19225,AAA,2021,Dodgers (AAA),0,0,10,7,32,1.6875,10.9688,3.375,0.28125,3.02608,4.12759,,32.041954040527344,57.30506896972656,76.48920440673828
미치 화이트,Mitch White,19225,MLB,2021,Dodgers,0,0,21,4,46.2,3.66428,9.44999,3.27857,1.15714,3.83432,3.82643,0.549385,89.48943328857422,89.07608032226562,89.9832763671875
미치 화이트,Mitch White,19225,AAA,2022,Blue Jays (AAA),1,1,1,1,5,14.4,9,1.8,3.6,7.30764,2.43746,,319.59326171875,161.24551391601562,52.487857818603516
미치 화이트,Mitch White,19225,AAA,2022,Dodgers (AAA),1,1,2,2,11.2,0,7.71428,1.54286,0,2.91244,4.12717,,0,55.77385330200195,76.49899291992188
미치 화이트,Mitch White,19225,MLB,2022,- - -,0,0,25,18,99,5.45455,7.09091,3.18182,0.818182,3.87001,4.42276,1.25117,140.38377380371094,96.57769012451172,111.47898864746094
미치 화이트,Mitch White,19225,MLB,2022,Dodgers,1,0,15,10,56,3.69643,7.55357,3.05357,0.964286,3.95172,4.22428,0.72568,93.39838409423828,97.50328826904297,105.7237319946289
미치 화이트,Mitch White,19225,MLB,2022,Blue Jays,1,0,10,8,43,7.74419,6.48837,3.34884,0.627907,3.76359,4.68126,0.525485,201.57406616210938,95.37226867675781,118.97420501708984
미치 화이트,Mitch White,19225,A,2023,Blue Jays (A),0,1,1,1,3.1,0,5.40001,0,0,2.60442,3.70336,,0,56.03853225708008,79.98261260986328
미치 화이트,Mitch White,19225,AAA,2023,Blue Jays (AAA),0,0,17,12,55.2,5.49701,10.8323,4.8503,1.45509,5.1534,4.84656,,110.1603012084961,101.9875259399414,93.55445861816406
미치 화이트,Mitch White,19225,MLB,2023,Blue Jays,0,1,10,0,12.2,7.10526,9.23684,4.97368,1.42105,4.91294,5.99296,-0.0391208,166.91311645507812,113.0486831665039,139.90773010253906
미치 화이트,Mitch White,19225,AAA,2024,Brewers (AAA),0,0,18,7,57.2,4.0578,10.6127,3.43353,0.312139,3.06616,3.92272,,86.50008392333984,65.67981719970703,81.21239471435547
미치 화이트,Mitch White,19225,MLB,2024,- - -,0,1,13,0,23.2,7.22535,4.94366,4.94366,1.52113,6.03972,5.69528,-0.357339,178.97354125976562,148.477783203125,139.3824462890625
미치 화이트,Mitch White,19225,MLB,2024,Blue Jays,1,1,4,0,10,5.4,5.4,3.6,0.9,4.46648,4.98089,-0.020051,135.0775604248047,107.72016143798828,122.06696319580078
미치 화이트,Mitch White,19225,MLB,2024,Giants,1,1,3,0,5.1,11.8125,1.6875,8.4375,1.6875,8.04148,7.58852,-0.157027,293.5194091796875,203.5730743408203,185.17152404785156
미치 화이트,Mitch White,19225,MLB,2024,Brewers,1,1,6,0,8.1,6.48,6.48,4.32,2.16,6.64648,5.3409,-0.180261,158.33975219726562,162.126220703125,130.8561553955078
케니 로젠버그,Kenny Rosenberg,20009,R,2016,Rays (R),1,1,3,1,7.2,5.86956,7.04348,2.34783,1.17391,4.57405,3.77931,,135.8919219970703,107.06515502929688,92.06855773925781
케니 로젠버그,Kenny Rosenberg,20009,R,2016,Rays (R),1,1,9,0,20.2,1.30645,11.7581,1.74194,0.435484,1.92819,1.75627,,37.73725891113281,57.08030700683594,51.46936798095703
케니 로젠버그,Kenny Rosenberg,20009,A,2017,Rays (A),0,0,24,20,113.2,4.27566,10.5308,3.16716,1.18768,4.0339,3.3483,,110.20621490478516,102.99078369140625,85.22349548339844
케니 로젠버그,Kenny Rosenberg,20009,A+,2018,Rays (A+),0,0,25,17,113,4.85841,8.44248,3.90265,0.79646,4.23997,4.1302,,129.09271240234375,113.41532135009766,108.73406219482422
케니 로젠버그,Kenny Rosenberg,20009,AA,2019,Rays (AA),0,0,25,16,134,3.29104,7.25373,3.69403,0.671642,3.97738,4.14896,,91.16840362548828,108.52349090576172,112.9336929321289
케니 로젠버그,Kenny Rosenberg,20009,AAA,2019,Rays (AAA),0,1,1,1,5,7.2,10.8,7.2,1.8,6.22473,6.17735,,145.140625,128.59674072265625,126.08110809326172
케니 로젠버그,Kenny Rosenberg,20009,AA,2021,Rays (AA),0,1,2,2,5,3.6,10.8,7.2,1.8,6.00154,5.33863,,86.34912109375,144.82913208007812,127.88642120361328
케니 로젠버그,Kenny Rosenberg,20009,AAA,2021,Rays (AAA),0,0,14,0,30.2,2.34783,12.6196,3.22826,1.17391,3.42775,3.0027,,50.58511734008789,74.69305419921875,66.42694091796875
케니 로젠버그,Kenny Rosenberg,20009,AAA,2022,Angels (AAA),0,0,14,13,62.2,3.15957,8.90425,3.87766,1.29255,5.22763,5.26671,,57.78080368041992,97.88427734375,97.62091827392578
케니 로젠버그,Kenny Rosenberg,20009,MLB,2022,Angels,0,1,3,1,10.2,4.21874,6.74998,5.06248,0.843747,4.51868,5.52048,0.00728228,106.52395629882812,111.96733856201172,140.58538818359375
케니 로젠버그,Kenny Rosenberg,20009,AAA,2023,Angels (AAA),0,0,20,20,100,4.95,10.8,4.14,1.26,4.86967,4.91492,,85.71678924560547,86.34025573730469,86.26310729980469
케니 로젠버그,Kenny Rosenberg,20009,MLB,2023,Angels,0,0,7,3,33,3.81818,7.90909,3.81818,0.818182,4.04292,4.86516,0.380412,88.12014770507812,93.13135528564453,113.55887603759766
케니 로젠버그,Kenny Rosenberg,20009,AAA,2024,Angels (AAA),0,0,21,21,115.1,4.21387,8.19364,2.96532,1.95087,5.92425,5.14301,,78.94876098632812,113.64494323730469,97.66277313232422
케니 로젠버그,Kenny Rosenberg,20009,MLB,2024,Angels,0,1,7,1,24,6,6.375,3,1.875,5.45815,4.89183,-0.200484,147.4510498046875,132.21176147460938,119.85124969482422
라클란 웰스,Lachlan Robert Wells,sa877857,R,2015,Twins (R),0,0,10,9,47.1,2.09155,9.3169,2.09155,0.760563,3.22286,2.55225,,62.930660247802734,95.6387710571289,74.8978500366211
라클란 웰스,Lachlan Robert Wells,sa877857,A,2016,Twins (A),0,0,12,12,71.1,1.76636,7.9486,2.01869,0.504673,3.2785,3.43351,,49.47056198120117,91.2784652709961,97.53893280029297
라클란 웰스,Lachlan Robert Wells,sa877857,R,2017,Twins (R),0,1,1,1,4,2.25,13.5,0,0,0.424529,1.12439,,62.754642486572266,11.205811500549316,29.72337532043457
라클란 웰스,Lachlan Robert Wells,sa877857,A+,2017,Twins (A+),0,0,16,14,81.1,3.98361,7.52459,2.10246,1.21721,4.17125,3.53619,,112.40744018554688,117.02861022949219,100.7746810913086
라클란 웰스,Lachlan Robert Wells,sa877857,R,2019,Twins (R),0,1,1,1,5,5.4,16.2,0,0,1.10687,1.23724,,145.167724609375,28.513364791870117,31.596485137939453
라클란 웰스,Lachlan Robert Wells,sa877857,A+,2019,Twins (A+),0,0,9,8,44,4.09091,6.13636,2.45455,0.204545,3.19424,4.05684,,117.24845123291016,91.02525329589844,117.42817687988281
라클란 웰스,Lachlan Robert Wells,sa877857,A,2024,Phillies (A),0,1,1,1,2,0,9,4.5,0,3.05587,4.15491,,0,73.89628601074219,102.30685424804688
라클란 웰스,Lachlan Robert Wells,sa877857,AA,2024,Phillies (AA),0,0,16,16,91.1,3.54745,7.58759,1.08394,1.57664,4.46186,3.87903,,85.21739196777344,105.26734924316406,98.32283020019531
C.C 메르세데스,Cristopher Crisostomo Mercedes,sa657880,R,2012,Rays (R),0,0,14,14,51.2,3.65806,5.92258,4.18064,0.348387,4.03291,3.91676,,96.77632141113281,110.23072814941406,109.12217712402344
C.C 메르세데스,Cristopher Crisostomo Mercedes,sa657880,R,2013,Rays (R),1,1,4,4,17.1,1.55769,7.26923,4.67308,0.519231,3.95675,3.57855,,42.69880294799805,113.34358215332031,105.13382720947266
C.C 메르세데스,Cristopher Crisostomo Mercedes,sa657880,R,2013,Rays (R),1,0,10,4,39,4.84615,5.76923,4.84615,0.923077,5.51137,4.5986,,134.19947814941406,153.71058654785156,129.4802703857422
C.C 메르세데스,Cristopher Crisostomo Mercedes,sa657880,R,2014,Rays (R),0,1,7,0,16.2,3.24,5.94,2.7,0,3.2674,3.71743,,84.52181243896484,87.01962280273438,99.58340454101562
C.C 메르세데스,Cristopher Crisostomo Mercedes,sa657880,A-,2015,Rays (A-),0,0,18,0,41,2.85366,5.26829,3.29268,0.219512,4.05253,4.12514,,79.6118392944336,115.47254943847656,115.14983367919922
